tree
version=v4
num_class=1
num_tree_per_iteration=1
label_index=0
max_feature_idx=17
objective=regression
feature_names=dept_id wday month year is_weekend has_event snap_CA snap_TX snap_WI lag_1 lag_7 lag_14 lag_28 rolling_7 rolling_14 rolling_28 sell_price price_diff
feature_infos=-1:3:2:5:6:1:4:0 [1:7] [1:12] [2015:2016] [0:1] [0:1] [0:1] [0:1] [0:1] [0:136] [0:166] [0:135] [0:167] [0:88.571428571428569] [0:78.5] [0:74.964285714285708] [0.20000000000000001:29.969999999999999] [-10.578082191780823:2.6013287671232872]
tree_sizes=2746 2815 2798 2804 2802 2794 2809 2817 2810 2823 2820 2854 2823 2792 2818 2835 2834 2849 2825 2829 2813 2840 2830 2807 2852 2867 2842 2843 2854 2871 2832 2862 2837 2855 2833 2857 2817 2843 2866 2837 2824 2850 2869 2805 2841 2875 2867 2816 2825 2811 2845 2867 2801 2843 2802 2855 2836 2816 2848 2851 2868 2847 2824 2871 2869 2854 2897 2842 2848 2886 2808 2833 2859 2853 2861 2824 2870 2866 2867 2855 2828 2859 2855 2842 2789 2802 2906 2814 2792 2870 2859 2813 2908 2841 2877 2862 2836 2848 2907 2818 2856 2902 2855 2839 2854 2849 2854 2840 2869 2915 2912 2873 2853 2844 2901 2856 2869 2890 2842 2771 2843 2882 2898 2890 2800 2824 2937 2813 2833 2832 2783 2947 2841 2875 2830 2874 2796 2811 2909 2869 2832 2879 2815 2862 2887 2943 2811 2821 2746 2823 2880 2865 2857 2812 2862 2792 2872

Tree=0
num_leaves=31
num_cat=0
split_feature=13 15 13 15 14 13 9 11 9 15 15 15 15 9 12 15 15 9 1 1 1 9 10 9 1 1 1 1 9 13
split_gain=1.55155e+06 554496 319901 99439.3 74136.9 72370.2 50595.9 25379.1 20592.7 17213.6 12235.5 11319.9 11015.1 10784.3 9855.57 9593.63 9531.01 7471.41 6934.85 5535.21 5476.64 4777.47 4748.71 3761.25 3621.92 3447.11 3377.7 2960.33 2762.54 2728.93
threshold=9.9285714285714306 2.5892857142857149 29.500000000000004 1.017857142857143 5.3214285714285721 16.785714285714288 43.500000000000007 73.500000000000014 22.500000000000004 0.44642857142857145 3.6964285714285716 11.089285714285717 1.7321428571428574 23.500000000000004 41.500000000000007 39.928571428571438 7.4107142857142874 2.5000000000000004 2.5000000000000004 2.5000000000000004 2.5000000000000004 4.5000000000000009 42.500000000000007 1.5000000000000002 2.5000000000000004 2.5000000000000004 2.5000000000000004 2.5000000000000004 8.5000000000000018 22.928571428571434
decision_type=2 2 2 2 2 2 2 2 2 2 2 2 2 2 2 2 2 2 2 2 2 2 2 2 2 2 2 2 2 2
left_child=1 3 5 9 10 11 13 15 17 -1 -3 27 -5 28 20 18 26 -7 -8 -13 29 -18 -15 -12 -23 -19 -6 -2 -4 -10
right_child=2 4 6 12 16 8 7 -9 14 -11 23 19 -14 22 -16 -17 21 25 -20 -21 -22 24 -24 -25 -26 -27 -28 -29 -30 -31
leaf_value=1.1145509871058634 1.7189853819489516 1.2554065508894181 1.8391815106537821 1.1700095297231052 1.4502933923221621 1.4486932989686239 3.7789963299941349 4.9069375027832596 2.3379832446779254 1.1392098102967616 1.272932295288729 1.9116886268031024 1.2084594471787453 2.6880703903977734 3.1437021979718383 3.8018224022438587 1.4072038769031758 2.1609068863520644 2.8616886241607729 1.7351773735749572 2.1599719274585918 1.6215993212724611 3.1453228462450058 1.3366174600552463 1.4940402124717158 1.9469514305992273 1.3803024872117546 1.5687377060390699 2.4222890007728832 2.6954597300905627
leaf_weight=232992 457 17125 27 52132 2417 66 28 34 153 101650 3092 624 28982 135 34 92 1060 246 78 1541 410 801 98 9267 1823 802 6010 1160 82 82
leaf_count=232992 457 17125 27 52132 2417 66 28 34 153 101650 3092 624 28982 135 34 92 1060 246 78 1541 410 801 98 9267 1823 802 6010 1160 82 82
internal_value=1.1621 1.15149 1.95105 1.13408 1.32555 1.83533 3.07499 3.64494 2.09697 1.12204 1.28277 1.71129 1.18375 2.68835 2.31401 3.42824 1.4297 1.96468 3.104 1.78605 2.27028 1.49679 2.88039 1.32068 1.53298 1.99717 1.40038 1.6112 2.27785 2.46272
internal_weight=463500 457351 6149 415756 41595 5575 574 232 1793 334642 29484 3782 81114 342 679 198 12111 1114 106 2165 645 3684 233 12359 2624 1048 8427 1617 109 235
internal_count=463500 457351 6149 415756 41595 5575 574 232 1793 334642 29484 3782 81114 342 679 198 12111 1114 106 2165 645 3684 233 12359 2624 1048 8427 1617 109 235
is_linear=0
shrinkage=1


Tree=1
num_leaves=31
num_cat=0
split_feature=13 15 13 15 14 13 9 11 9 14 14 15 15 9 13 1 12 15 9 9 9 1 1 1 15 1 9 1 9 13
split_gain=1.40027e+06 500506 288710 88067 68848.5 65314.1 45662.8 22904.6 18752.2 13328.3 12022.7 11234 10216.2 9732.8 9032.54 8913.85 8705.12 8616.45 7398.52 5164.72 4776.75 4512.04 4434.55 4050.23 4004.22 3579.01 3369.85 2972.37 2955.96 2905.69
threshold=9.9285714285714306 2.5535714285714293 29.500000000000004 0.87500000000000011 5.3214285714285721 16.785714285714288 43.500000000000007 73.500000000000014 25.500000000000004 1.6785714285714286 3.8214285714285716 0.37500000000000006 11.089285714285717 23.500000000000004 37.714285714285715 2.5000000000000004 41.500000000000007 7.7678571428571432 2.5000000000000004 13.500000000000002 4.5000000000000009 2.5000000000000004 2.5000000000000004 2.5000000000000004 39.928571428571438 2.5000000000000004 1.0000000180025095e-35 2.5000000000000004 36.500000000000007 4.7857142857142865
decision_type=2 2 2 2 2 2 2 2 2 2 2 2 2 2 2 2 2 2 2 2 2 2 2 2 2 2 2 2 2 2
left_child=1 3 5 11 10 12 13 14 18 -5 26 -1 -2 -4 -8 -16 23 27 -7 -14 -19 -20 -15 -10 -17 -22 -3 -6 -21 -11
right_child=2 4 6 9 17 8 7 -9 16 29 -12 -13 19 22 15 24 -18 20 21 28 25 -23 -24 -25 -26 -27 -28 -29 -30 -31
leaf_value=-0.046267326212737866 0.42664464939392571 0.046273150037620732 1.0599607230599868 0.0017549294675459758 0.27519937006681872 0.27226230213136388 1.5869597649488312 3.557594344195198 1.2897748242406284 0.039590322227267355 0.15465419244184636 -0.026327005097725828 0.52542145686057529 1.9906951616680812 3.0634543026194851 1.7604039059128873 1.9605568060230825 0.22911897673513049 0.97957760405997496 0.6681841204075214 0.46564259870750152 0.75971452720308907 1.499586106433588 0.98355546527214954 2.3751262775365856 0.32495411083081732 0.099481663161049422 0.21210404301655694 1.2826521852612496 0.19592943305025501
leaf_weight=211031 1617 3679 109 65511 2615 66 52 34 170 31885 11099 106169 1230 63 34 43 31 864 313 915 656 917 170 296 69 1454 15566 6522 20 300
leaf_count=211031 1617 3679 109 65511 2615 66 52 34 170 31885 11099 106169 1230 63 34 43 31 864 313 915 656 917 170 296 69 1454 15566 6522 20 300
internal_value=5.31046e-10 -0.0100769 0.749504 -0.0268088 0.153437 0.63957 1.81724 2.3587 0.888124 0.0146995 0.113211 -0.0395932 0.521733 1.44994 2.15283 2.35437 1.14924 0.254223 0.78799 0.592753 0.328145 0.815663 1.63238 1.09527 2.13912 0.368694 0.08931 0.230162 0.681328 0.0410476
internal_weight=463500 457351 6149 414896 42455 5575 574 232 1793 97696 30344 317200 3782 342 198 146 497 12111 1296 2165 2974 1230 233 466 112 2110 19245 9137 935 32185
internal_count=463500 457351 6149 414896 42455 5575 574 232 1793 97696 30344 317200 3782 342 198 146 497 12111 1296 2165 2974 1230 233 466 112 2110 19245 9137 935 32185
is_linear=0
shrinkage=0.05


Tree=2
num_leaves=31
num_cat=0
split_feature=13 14 13 14 15 13 9 11 9 15 15 14 15 9 15 9 9 10 13 9 9 1 15 10 1 1 12 13 1 13
split_gain=1.26375e+06 451821 260561 80580.1 63190.9 58946 41210.7 21098.5 17114.6 12330.8 11772.9 9759.81 9220.1 8783.85 8349.98 8274.44 7103.21 7092.58 6824.26 5304.44 4954.83 4913.68 4271.06 4188.12 3860.82 3375.49 3210.81 2722.14 2671.7 2631.43
threshold=9.9285714285714306 2.6071428571428577 29.500000000000004 0.96428571428571441 5.1250000000000009 16.785714285714288 43.500000000000007 48.500000000000007 19.500000000000004 0.44642857142857145 1.7321428571428574 3.8214285714285716 11.089285714285717 23.500000000000004 6.4107142857142874 51.500000000000007 69.500000000000014 35.500000000000007 37.214285714285722 2.5000000000000004 4.5000000000000009 2.5000000000000004 9.2678571428571441 42.500000000000007 2.5000000000000004 2.5000000000000004 50.500000000000007 1.9285714285714288 2.5000000000000004 7.6428571428571432
decision_type=2 2 2 2 2 2 2 2 2 2 2 2 2 2 2 2 2 2 2 2 2 2 2 2 2 2 2 2 2 2
left_child=1 3 5 9 11 12 13 18 19 -1 -5 -3 28 -4 -6 17 24 25 -8 -7 27 -14 -22 -15 -9 -10 -20 -16 -2 -13
right_child=2 4 6 10 14 8 7 16 15 -11 -12 29 21 23 20 -17 -18 -19 26 -21 22 -23 -24 -25 -26 -27 -28 -29 -30 -31
leaf_value=-0.042953504486582014 0.50770756298068842 0.083535997643004886 1.0069626929016289 0.0046012947762530433 0.19529263430348412 0.258649195504911 1.2795849720898429 2.9074090845882896 1.0772677918896079 -0.021556400521897487 0.04384964230773631 0.13956353873337762 0.68148838989914229 1.3701439467624383 -0.013903040919573076 1.8610825677712759 3.4569333489735921 1.4368570613066356 1.8996531965931258 0.72425461979983963 0.28235229750671348 0.51518211692358906 0.4066279509184616 1.7995595883349982 2.1244772645734975 0.85636891674592841 2.5444463894917417 0.22723154013891589 0.36497226312258763 0.29176921275482604
leaf_weight=232992 457 18382 109 59495 6066 66 38 32 256 94699 28145 10324 624 135 124 27 30 75 75 836 3907 1541 840 98 31 533 26 2085 1160 292
leaf_count=232992 457 18382 109 59495 6066 66 38 32 256 94699 28145 10324 624 135 124 27 30 75 75 836 3907 1541 840 98 31 533 26 2085 1160 292
internal_value=-5.86377e-10 -0.00957309 0.712029 -0.0253805 0.146669 0.607591 1.72638 2.24077 0.843718 -0.03677 0.0172056 0.10558 0.495646 1.37744 0.238167 0.999146 2.8237 0.97221 1.85075 0.690186 0.275557 0.563115 0.304343 1.55076 2.52216 0.928042 2.06564 0.213696 0.405312 0.14375
internal_weight=463500 457351 6149 415331 42020 5575 574 232 1793 327691 87640 28998 3782 342 13022 891 93 864 139 902 6956 2165 4747 233 63 789 101 2209 1617 10616
internal_count=463500 457351 6149 415331 42020 5575 574 232 1793 327691 87640 28998 3782 342 13022 891 93 864 139 902 6956 2165 4747 233 63 789 101 2209 1617 10616
is_linear=0
shrinkage=0.05


Tree=3
num_leaves=31
num_cat=0
split_feature=13 15 13 15 13 15 9 11 9 15 14 14 15 9 9 13 1 12 15 9 10 15 9 1 4 15 16 1 12 1
split_gain=1.14053e+06 409242 235156 75443.8 53198.8 53023.3 37192.6 19175 15799.3 12623.5 10105.5 8498.07 8376.9 7979.7 7865.42 7381.33 7633.98 6879.87 6650.23 6550.42 5080.22 4677.22 4192.18 3764.66 3519.86 3470.16 3270.47 3087.21 2802.16 2760.83
threshold=9.9285714285714306 2.6250000000000004 29.500000000000004 1.017857142857143 16.785714285714288 5.5178571428571432 43.500000000000007 73.500000000000014 27.500000000000004 0.48214285714285721 3.8214285714285716 12.535714285714286 1.7321428571428574 14.500000000000002 1.5000000000000002 37.714285714285715 2.5000000000000004 41.500000000000007 7.9821428571428585 5.5000000000000009 41.500000000000007 20.696428571428573 19.500000000000004 2.5000000000000004 1.0000000180025095e-35 39.928571428571438 0.72000000000000008 2.5000000000000004 7.5000000000000009 2.5000000000000004
decision_type=2 2 2 2 2 2 2 2 2 2 2 2 2 2 2 2 2 2 2 2 2 2 2 2 2 2 2 2 2 2
left_child=1 3 4 9 11 10 13 15 19 -1 -3 24 -5 -4 -7 -8 -17 -10 -16 -6 -15 -21 -13 -20 -2 -18 -24 -23 -22 -12
right_child=2 5 6 12 8 14 7 -9 17 -11 29 22 -14 20 18 16 25 -19 23 21 28 27 26 -25 -26 -27 -28 -29 -30 -31
leaf_value=-0.040423224019429452 0.36621813204750353 0.082799404199618329 0.69591318874255481 0.007029049822955301 0.32985709015736164 0.12634848003092577 1.4288229817094713 3.2256764187532312 1.0256575629758153 -0.018703626007302115 0.17861533240525226 0.52222107317218569 0.040271217463621126 1.2386696295555455 0.22820335958004556 2.7787587979260615 1.5707957886679229 1.8267062984663867 0.4232586474744861 0.69133420916482058 2.1858319532303585 1.1453916839941554 1.2617188175519309 0.28485458121632318 0.50752388544925831 2.1430582087972891 0.68080011811738805 0.81871995437558331 1.5469921805123068 0.12679513299424858
leaf_weight=242216 1555 17337 46 52132 98 1419 52 34 354 92426 3613 1349 29776 181 7114 34 43 29 687 914 21 95 27 1725 615 69 236 303 94 8906
leaf_count=242216 1555 17337 46 52132 98 1419 52 34 354 92426 3613 1349 29776 181 7114 34 43 29 687 914 21 95 27 1725 615 69 236 303 94 8906
internal_value=-2.4206e-10 -0.00909444 0.676427 -0.023897 0.577212 0.14203 1.64006 2.12873 0.801532 -0.0344244 0.107518 0.470864 0.0191136 1.30857 0.23617 1.94036 2.12256 1.08631 0.252529 0.724177 1.40378 0.753631 0.557823 0.324276 0.406266 1.92335 0.740438 0.896694 1.66365 0.141751
internal_weight=463500 457351 6149 416550 5575 40801 574 232 1793 334642 29856 3782 81908 342 10945 198 146 383 9526 1410 296 1312 1612 2412 2170 112 263 398 115 12519
internal_count=463500 457351 6149 416550 5575 40801 574 232 1793 334642 29856 3782 81908 342 10945 198 146 383 9526 1410 296 1312 1612 2412 2170 112 263 398 115 12519
is_linear=0
shrinkage=0.05


Tree=4
num_leaves=31
num_cat=0
split_feature=13 14 13 14 15 13 9 11 9 14 15 15 12 9 13 1 9 13 15 9 15 1 9 13 9 1 13 12 1 1
split_gain=1.02961e+06 385476 200266 68899.2 53969 42102.2 32176.8 17243.8 12849.4 10289.7 10236.7 9827.55 8457.05 6968.28 6649.38 6385.67 6138.18 5538.24 4799.49 4637.97 4411.09 3797.42 3735.18 3711.93 3276.72 3189.12 3143.53 2784.02 2697.75 2692.56
threshold=10.500000000000002 2.6785714285714293 29.785714285714288 0.96428571428571441 5.5178571428571432 18.500000000000004 43.500000000000007 48.500000000000007 19.500000000000004 0.3928571428571429 1.8035714285714288 3.6964285714285716 14.500000000000002 23.500000000000004 7.9285714285714297 2.5000000000000004 69.500000000000014 37.214285714285722 24.375000000000004 5.5000000000000009 34.839285714285722 2.5000000000000004 14.500000000000002 13.071428571428573 2.5000000000000004 2.5000000000000004 7.6428571428571432 50.500000000000007 2.5000000000000004 2.5000000000000004
decision_type=2 2 2 2 2 2 2 2 2 2 2 2 2 2 2 2 2 2 2 2 2 2 2 2 2 2 2 2 2 2
left_child=1 3 5 9 11 12 13 17 19 -1 -5 26 23 -4 24 18 25 -8 -10 -7 -17 -15 -14 -2 -6 -9 -3 -19 -26 -16
right_child=2 4 6 10 14 8 7 16 15 -11 -12 -13 22 21 29 20 -18 27 -20 -21 -22 -23 -24 -25 28 -27 -28 -29 -30 -31
leaf_value=-0.039489059408133034 0.37935032331214336 0.075710788195981496 0.91090963393228486 0.005283294051720018 0.14633095713993977 0.28323320466547441 1.1401099564507604 2.6245833799242977 1.0423635628666632 -0.02068465526137974 0.042299896480948632 0.13517574931330206 0.51399399543669388 1.7596714092739696 0.36284032857563048 0.81694220641008342 3.1434056186676025 1.7078263837496441 1.5712211326035588 0.6960369560706795 1.5575457107453119 1.2885825820495747 0.69109276949239762 0.50148122650221727 0.27385381399916686 1.9130099927225421 0.40014823582768444 2.3082386988859911 0.2024035682715554 0.26239453011283942
leaf_weight=218675 1361 16535 101 62633 1752 78 36 32 195 109016 26613 13035 637 58 943 472 30 75 55 533 21 163 559 1146 1878 31 75 26 4455 2281
leaf_count=218675 1361 16535 101 62633 1752 78 36 32 195 109016 26613 13035 637 58 943 472 30 75 55 533 21 163 559 1146 1878 31 75 26 4455 2281
internal_value=4.30935e-10 -0.00824788 0.673316 -0.0226259 0.13813 0.574608 1.57761 2.02929 0.813193 -0.0332332 0.0163216 0.102679 0.487369 1.25497 0.23106 0.952871 2.55475 1.67259 1.15871 0.643339 0.848489 1.41222 0.596768 0.435179 0.206849 2.27444 0.0771757 1.86239 0.223592 0.291774
internal_weight=463500 457891 5609 416937 40954 5057 552 230 1354 327691 89246 29645 3703 322 11309 743 93 137 250 611 493 221 1196 2507 8085 63 16610 101 6333 3224
internal_count=463500 457891 5609 416937 40954 5057 552 230 1354 327691 89246 29645 3703 322 11309 743 93 137 250 611 493 221 1196 2507 8085 63 16610 101 6333 3224
is_linear=0
shrinkage=0.05


Tree=5
num_leaves=31
num_cat=0
split_feature=13 15 13 13 15 15 14 9 15 1 9 14 9 12 1 15 15 15 9 13 9 9 1 16 1 13 9 1 12 1
split_gain=930202 296789 218281 63327.2 48566.1 48224.5 30528.6 13794 13745.1 12005.9 11917 8305.19 7240.6 6846.84 6749.02 5901.14 5463.55 5394.14 4852.81 4806.47 4638.61 4009.8 3738.39 3731.33 3383.46 3367.38 3115.25 2746.22 2728.57 2657.78
threshold=8.6428571428571441 2.2678571428571432 29.500000000000004 16.500000000000004 4.4464285714285721 0.7678571428571429 50.892857142857146 21.500000000000004 10.732142857142859 2.5000000000000004 24.500000000000004 1.4642857142857146 3.5000000000000004 41.500000000000007 2.5000000000000004 0.2678571428571429 6.3035714285714297 3.1964285714285716 42.500000000000007 41.642857142857146 10.500000000000002 2.5000000000000004 2.5000000000000004 4.9750000000000005 2.5000000000000004 1.9285714285714288 36.500000000000007 2.5000000000000004 30.500000000000004 2.5000000000000004
decision_type=2 2 2 2 2 2 2 2 2 2 2 2 2 2 2 2 2 2 2 2 2 2 2 2 2 2 2 2 2 2
left_child=1 5 3 8 17 15 10 21 24 -8 -4 -7 25 22 23 -1 -14 -3 -11 -16 -10 -5 -9 -12 -2 -6 29 -23 -21 -22
right_child=2 4 6 7 12 11 9 13 20 18 14 -13 16 -15 19 -17 -18 -19 -20 28 26 27 -24 -25 -26 -27 -28 -29 -30 -31
leaf_value=-0.039610455883390572 0.39172525896636534 0.055510580594290808 0.84543867703331144 0.2359918829323589 0.003044407014919784 -0.004358430991873284 2.9247649038160173 0.9996852816146522 0.38125251359735818 1.2454995185136797 1.6008868366479874 0.025122523836675809 0.17170894384060392 1.574737468887778 1.1326018148024752 -0.025469879102447187 0.24435555589124158 0.097065005753208047 2.077453767336332 1.3055364031540719 0.61051609140665586 0.77568057106156663 0.76334356658772184 2.2997018440984767 0.27205776791664221 0.14342033039079219 1.14257947281003 0.5848225124173384 1.8936585554262486 0.46669144248081534
leaf_weight=170389 824 19709 114 69 466 70050 37 262 954 24 72 36253 6213 34 157 130127 4436 12935 65 38 480 246 463 26 2086 5133 20 806 41 971
leaf_count=170389 824 19709 114 69 466 70050 37 262 954 24 72 36253 6213 34 157 130127 4436 12935 65 38 480 246 463 26 2086 5133 20 806 41 971
internal_value=-2.95687e-10 -0.0092604 0.541798 0.467141 0.107134 -0.0232488 1.48022 0.716678 0.379206 2.1678 1.28684 0.00569559 0.177769 0.881274 1.4375 -0.0334874 0.201971 0.0719763 1.85311 1.29266 0.467122 0.605234 0.848753 1.78629 0.305943 0.131737 0.522812 0.629453 1.61076 0.51427
internal_weight=463500 455711 7789 7215 48892 406819 574 1880 5335 126 448 106303 16248 759 334 300516 10649 32644 89 236 2425 1121 725 98 2910 5599 1471 1052 79 1451
internal_count=463500 455711 7789 7215 48892 406819 574 1880 5335 126 448 106303 16248 759 334 300516 10649 32644 89 236 2425 1121 725 98 2910 5599 1471 1052 79 1451
is_linear=0
shrinkage=0.05


Tree=6
num_leaves=31
num_cat=0
split_feature=13 15 13 15 13 14 9 9 11 15 15 9 12 12 1 9 14 15 10 9 9 11 14 9 9 1 1 13 1 16
split_gain=840600 314842 163601 54881.1 46084.2 45035.6 19518.3 13975.4 10741.2 9465.53 8995.36 8778.03 8309.89 7206.8 6983.72 6546.57 6008.18 5522.98 5052.06 3892.27 3871.23 3651.09 3651.07 3006.6 2878.86 2860.16 2613.35 2523.58 2435.32 2390.62
threshold=10.500000000000002 2.5892857142857149 34.500000000000007 1.017857142857143 18.500000000000004 5.6785714285714297 62.500000000000007 25.500000000000004 67.500000000000014 0.37500000000000006 4.0535714285714297 18.500000000000004 43.500000000000007 12.500000000000002 2.5000000000000004 5.5000000000000009 1.7500000000000002 7.6964285714285721 35.500000000000007 14.500000000000002 6.5000000000000009 26.500000000000004 54.464285714285722 1.5000000000000002 7.5000000000000009 2.5000000000000004 2.5000000000000004 5.2142857142857153 2.5000000000000004 4.9750000000000005
decision_type=2 2 2 2 2 2 2 2 2 2 2 2 2 2 2 2 2 2 2 2 2 2 2 2 2 2 2 2 2 2
left_child=1 3 4 9 13 10 11 15 -8 -1 25 -4 18 24 29 -6 -5 -7 -9 -15 -19 -17 -16 -12 -2 -3 -14 -18 -26 -13
right_child=2 5 6 16 7 17 8 12 -10 -11 23 14 26 19 22 21 27 20 -20 -21 -22 -23 -24 -25 28 -27 -28 -29 -30 -31
leaf_value=-0.036030882288896282 0.26514314372039771 0.10248946946215752 0.52834388351440431 0.0060414018801600265 0.22895675635481455 0.18622918486421486 1.9232548960772426 0.83832147824243786 3.1909767627716068 -0.018607560598153754 0.081007409288699928 1.6757590239698237 1.9881241451610219 0.45137926691501334 1.2361542840734607 0.63728115633157234 0.033146616193715783 0.2037736436928782 1.2790522764448997 0.61233775944650526 0.30999386647465244 0.87554783469154729 1.7434175610542297 0.14399772475809589 0.51582990463921352 0.061307461184265361 1.2654477612725621 0.20792959108948708 0.37753012345369807 2.243736458569765
leaf_weight=211031 424 5912 25 51916 83 7320 55 418 24 123611 2457 44 22 833 155 686 28991 1544 77 684 1930 210 46 8273 417 14698 29 208 1345 32
leaf_count=211031 424 5912 25 51916 83 7320 55 418 24 123611 2457 44 22 833 155 686 28991 1544 77 684 1930 210 46 8273 417 14698 29 208 1345 32
internal_value=-3.20359e-10 -0.00745249 0.608384 -0.0206512 0.535486 0.122786 1.60867 0.76681 2.30839 -0.029595 0.0924487 1.42564 0.969491 0.440221 1.50662 0.653773 0.0162467 0.210868 0.90688 0.523954 0.262785 0.693125 1.35224 0.129574 0.382113 0.0731206 1.57719 0.0343917 0.410261 1.91491
internal_weight=463500 457891 5609 415757 5228 42134 381 1525 79 334642 31340 302 546 3703 277 979 81115 10794 495 1517 3474 896 201 10730 2186 20610 51 29199 1762 76
internal_count=463500 457891 5609 415757 5228 42134 381 1525 79 334642 31340 302 546 3703 277 979 81115 10794 495 1517 3474 896 201 10730 2186 20610 51 29199 1762 76
is_linear=0
shrinkage=0.05


Tree=7
num_leaves=31
num_cat=0
split_feature=13 14 13 13 15 15 13 11 9 1 9 15 15 15 9 9 15 14 10 15 13 13 1 12 1 9 15 15 1 15
split_gain=758865 242350 178610 44448.5 43530.2 36771.3 34726.1 14048.2 13156.6 9088.04 8959.57 6740.32 5903.23 5339.36 5085.53 5026.54 4786.06 4529.97 4384.44 4348.72 3995.45 3167.34 3057.17 2947.65 2661.51 2634.3 2542.68 2479.26 2401.46 2362.67
threshold=8.6428571428571441 2.1785714285714293 26.500000000000004 13.357142857142859 4.4464285714285721 0.73214285714285732 41.642857142857146 73.500000000000014 21.500000000000004 3.5000000000000004 51.500000000000007 1.4107142857142858 6.4107142857142874 3.1964285714285716 5.5000000000000009 37.500000000000007 9.2678571428571441 0.25000000000000006 14.500000000000002 16.232142857142861 34.500000000000007 1.9285714285714288 2.5000000000000004 27.500000000000004 2.5000000000000004 10.500000000000002 34.839285714285722 39.928571428571438 2.5000000000000004 3.2678571428571432
decision_type=2 2 2 2 2 2 2 2 2 2 2 2 2 2 2 2 2 2 2 2 2 2 2 2 2 2 2 2 2 2
left_child=1 5 3 16 13 17 9 15 14 20 18 -7 24 -3 -5 -8 29 -1 -10 -16 -4 -14 -17 -11 -6 -18 -22 -24 -15 -2
right_child=2 4 6 8 12 11 7 -9 10 23 -12 -13 21 28 19 22 25 -19 -20 -21 26 -23 27 -25 -26 -27 -28 -29 -30 -31
leaf_value=-0.036044399509104409 0.69688802412871664 0.048533959425753399 1.1072154938237473 0.24394685240422792 0.17894809164443243 -0.0052811875723406771 1.1675427153520286 2.6498798068831952 0.54648129251854338 0.68407446721361742 1.7454870042346773 0.02124654599312965 -0.038136835006954972 0.1233830011914642 0.45237824363163759 2.1101691246032717 0.30031168101451655 -0.023530089300131479 0.78669028432741195 0.60405320017285091 1.9485377876846881 0.20880456118879895 1.2634108859300615 1.023132580925816 0.12332616667221248 0.41296605806944098 1.2487509300708772 1.7455211599171161 0.075041185056223259 0.24226714724147641
leaf_weight=167188 29 23402 159 188 3026 73611 60 34 298 189 21 35490 133 3612 1121 36 1026 127432 524 817 27 5485 40 97 7435 1050 25 80 8897 1968
leaf_count=167188 29 23402 159 188 3026 73611 60 34 298 189 21 35490 133 3612 1121 36 1026 127432 524 817 27 5485 40 97 7435 1050 25 80 8897 1968
internal_value=5.1743e-11 -0.00836418 0.489363 0.411381 0.0932437 -0.0214489 1.2245 1.70517 0.558512 0.982717 0.725661 0.00334815 0.161618 0.0626296 0.492234 1.55647 0.304131 -0.0306316 0.699607 0.51632 1.23164 0.202958 1.70605 0.79907 0.139416 0.35729 1.6121 1.58482 0.089 0.248869
internal_weight=463500 455711 7789 7042 51990 403721 747 250 2969 497 843 109101 16079 35911 2126 216 4073 294620 822 1938 211 5618 156 286 10461 2076 52 120 12509 1997
internal_count=463500 455711 7789 7042 51990 403721 747 250 2969 497 843 109101 16079 35911 2126 216 4073 294620 822 1938 211 5618 156 286 10461 2076 52 120 12509 1997
is_linear=0
shrinkage=0.05


Tree=8
num_leaves=31
num_cat=0
split_feature=13 13 13 15 15 13 9 9 11 14 10 15 9 1 15 15 12 1 15 9 16 14 1 14 13 11 9 15 9 1
split_gain=685648 264148 129599 48864 39651.5 34735.6 16569.4 9988.93 9056.77 8782.57 8198.07 7591.14 7586.86 6823.7 5888.89 5798.36 5693.28 5623.19 3859.84 3790.78 4357.67 3495.91 3026.58 2920.12 2822.82 2727.33 2358.7 2632.14 2298.2 2291.9
threshold=10.785714285714286 2.785714285714286 34.500000000000007 1.0892857142857146 5.6250000000000009 19.785714285714288 62.500000000000007 14.500000000000002 67.500000000000014 0.46428571428571436 35.500000000000007 3.5178571428571432 18.500000000000004 2.5000000000000004 1.9821428571428574 7.9821428571428585 43.500000000000007 2.5000000000000004 16.732142857142861 9.5000000000000018 0.39000000000000007 14.392857142857144 2.5000000000000004 54.464285714285722 7.6428571428571432 42.500000000000007 3.5000000000000004 21.517857142857146 4.5000000000000009 2.5000000000000004
decision_type=2 2 2 2 2 2 2 2 2 2 2 2 2 2 2 2 2 2 2 2 2 2 2 2 2 2 2 2 2 2
left_child=1 3 5 9 11 13 12 28 -8 -1 16 24 -4 21 -5 29 -9 -14 -15 -17 -21 -2 -13 -19 -3 -12 -20 -28 -7 -6
right_child=2 4 6 14 15 7 8 10 -10 -11 25 22 17 18 -16 19 -18 23 26 20 -22 -23 -24 -25 -26 -27 27 -29 -30 -31
leaf_value=-0.031656249153856224 0.45141272457829845 0.059684164594287895 0.44962991708517075 0.0087323741975031555 0.21762112119962587 0.17864713314615313 1.7435132591290909 0.70457662627716866 2.9075946609179182 -0.014226193177994968 1.0265424760138122 0.1484630985201397 1.7254768993117306 0.34537437061197673 0.038966647740653615 0.21515000187003266 1.3015809435219994 1.1167661253483065 0.11001972696847387 0.82283482240556283 0.30944188460941374 0.63761672109686307 0.097497121302736453 1.5704193057978284 0.38990536980904067 1.5540101989623041 0.48157167279862939 0.82256638491244027 0.52863488728042896 0.15691557345877866
leaf_weight=237968 635 14823 25 53538 2184 61 55 812 24 103793 117 4102 76 2130 23035 2108 42 155 36 43 1066 418 10049 46 65 31 397 66 203 5397
leaf_count=237968 635 14823 25 53538 2184 61 55 812 24 103793 117 4102 76 2130 23035 2108 42 155 36 43 1066 418 10049 46 65 31 397 66 203 5397
internal_value=1.81133e-10 -0.0065585 0.56388 -0.018274 0.116468 0.495458 1.45247 0.721384 2.09716 -0.0263627 0.793475 0.0860493 1.28382 0.417776 0.0178276 0.198272 0.733937 1.35911 0.374698 0.254518 0.329348 0.525328 0.112271 1.22059 0.0611259 1.13703 0.499868 0.53018 0.447767 0.174404
internal_weight=463500 458171 5329 418334 39837 4948 381 1266 79 341761 1002 29039 302 3682 76573 10798 854 277 2629 3217 1109 1053 14151 201 14888 148 499 463 264 7581
internal_count=463500 458171 5329 418334 39837 4948 381 1266 79 341761 1002 29039 302 3682 76573 10798 854 277 2629 3217 1109 1053 14151 201 14888 148 499 463 264 7581
is_linear=0
shrinkage=0.05


Tree=9
num_leaves=31
num_cat=0
split_feature=13 13 13 13 15 15 13 1 9 9 9 1 15 15 15 9 9 15 15 10 15 9 12 13 10 14 9 1 8 1
split_gain=619123 184816 156569 45008.3 33155.1 30599.6 28454.7 11184.8 11058.8 7906.43 7224.14 6662.82 6281.13 5598.93 5105.93 4574.6 4292.68 4262.43 3804.26 3721.21 3471.95 3461.97 2893.41 2837.78 2897.57 2725.47 2379.59 2326.01 2200.75 2115.97
threshold=8.071428571428573 2.2142857142857149 26.500000000000004 13.357142857142859 4.4107142857142874 0.73214285714285732 45.785714285714292 2.5000000000000004 21.500000000000004 51.500000000000007 14.500000000000002 3.5000000000000004 1.4464285714285716 9.2678571428571441 3.0178571428571432 38.500000000000007 5.5000000000000009 6.4107142857142874 0.19642857142857145 13.500000000000002 16.232142857142861 53.500000000000007 27.500000000000004 34.500000000000007 33.500000000000007 3.6071428571428577 10.500000000000002 2.5000000000000004 1.0000000180025095e-35 2.5000000000000004
decision_type=2 2 2 2 2 2 2 2 2 2 2 2 2 2 2 2 2 2 2 2 2 2 2 2 2 2 2 2 2 2
left_child=1 5 3 13 14 18 10 21 16 19 -4 23 -7 -2 -3 -9 -5 -6 -1 -10 -18 -8 -13 24 28 -19 -15 -14 -12 -16
right_child=2 4 6 8 17 12 7 15 9 -11 11 22 27 26 29 -17 20 25 -20 -21 -22 -23 -24 -25 -26 -27 -28 -29 -30 -31
leaf_value=-0.033850693055333232 0.21512928627914538 0.041056873690871062 0.4474214898901327 0.21599776739690532 0.12676849350893096 -0.0050040435313554697 1.8205030853931721 0.95993070191768715 0.4815335232074614 1.6161365645272392 0.64772738814353947 0.69722576466100739 0.040848846334194527 0.26952745177425874 0.1106055892094837 1.5775759959988522 0.40910645180130933 0.72752328255902166 -0.02245712522338085 0.70804823029016994 0.54463154633274147 2.6217429637908936 1.0413271701273821 1.4451217806736629 1.3005353824618986 0.18188372617721116 0.37254457680396835 0.012437999573037187 1.2188956719178421 0.067339429309363735
leaf_weight=136964 2930 22078 70 188 10186 74514 26 43 270 21 48 168 10147 1142 3982 99 1121 23 157528 552 817 28 96 75 68 4616 1101 24840 26 9733
leaf_count=136964 2930 22078 70 188 10186 74514 26 43 270 21 48 168 10147 1142 3982 99 1121 23 157528 552 817 28 96 75 68 4616 1101 24840 26 9733
internal_value=3.29997e-10 -0.00808053 0.413263 0.349702 0.0819841 -0.0193651 1.10605 1.62346 0.504876 0.65812 0.922003 0.991069 0.00320163 0.260642 0.0559411 1.39054 0.444111 0.144862 -0.0277561 0.633646 0.46624 2.23596 0.822354 1.19633 1.06492 0.184589 0.320094 0.0206778 0.848408 0.0799013
internal_weight=463500 454611 8889 8142 50618 403993 747 196 2969 843 551 481 109501 5173 35793 142 2126 14825 294492 822 1938 54 264 217 142 4639 2243 34987 74 13715
internal_count=463500 454611 8889 8142 50618 403993 747 196 2969 843 551 481 109501 5173 35793 142 2126 14825 294492 822 1938 54 264 217 142 4639 2243 34987 74 13715
is_linear=0
shrinkage=0.05


Tree=10
num_leaves=31
num_cat=0
split_feature=13 13 13 15 15 13 9 15 9 10 9 15 12 1 12 15 11 15 1 9 9 16 13 9 1 13 15 16 9 9
split_gain=559395 215612 105768 39937.5 32271.3 28515.5 13997.8 8373.26 8260.51 6837.31 6806.29 6146.71 6138.42 5855.36 4813.06 4809.56 4800.37 4132.52 3255.64 2870.07 2824.5 2792.28 2750.43 2617.44 2615.28 2481.35 2443.21 2270.84 2264.19 2249.89
threshold=10.785714285714286 2.785714285714286 34.500000000000007 1.1607142857142858 5.6250000000000009 19.785714285714288 69.500000000000014 0.55357142857142871 14.500000000000002 35.500000000000007 18.500000000000004 3.5178571428571432 12.500000000000002 2.5000000000000004 43.500000000000007 7.8750000000000009 62.500000000000007 2.0178571428571432 2.5000000000000004 13.500000000000002 32.500000000000007 4.9750000000000005 56.500000000000007 4.5000000000000009 2.5000000000000004 6.9285714285714297 34.839285714285722 0.39000000000000007 1.5000000000000002 1.0000000180025095e-35
decision_type=2 2 2 2 2 2 2 2 2 2 2 2 2 2 2 2 2 2 2 2 2 2 2 2 2 2 2 2 2 2
left_child=1 3 5 7 11 12 10 -1 -7 14 -4 25 20 21 -10 -6 -8 -5 23 -14 28 -12 -15 -17 -13 -3 -11 -25 -2 -19
right_child=2 4 6 17 15 8 16 -9 9 26 13 24 19 22 -16 18 -18 29 -20 -21 -22 -23 -24 27 -26 -27 -28 -29 -30 -31
leaf_value=-0.027983771583802143 -0.0091971378635477136 0.053670140762169777 0.39001121616363527 0.0097937151380956024 0.15645723106645393 0.40339297456949047 1.6723104858720625 -0.010259070557006802 0.63640404488407354 0.94662989564535638 1.3423684802922338 0.13502302670572716 0.37748982582784879 1.0202726025616422 1.1853214502334595 0.1418608492665375 2.6049657778306443 0.0097274203529021021 0.19728787625464739 0.51068312860602971 0.68342764020109414 1.9317064426235253 1.4560792475938797 0.87262606635689743 0.087646461160664588 0.30234455221729117 1.5176941145550122 0.33285393386481327 0.31902638732833077 0.045792879664793118
leaf_weight=258826 54 14787 25 47889 7409 264 37 89731 812 126 44 4102 747 170 42 195 22 5932 2417 882 52 37 46 20 10049 101 22 757 1947 15956
leaf_count=258826 54 14787 25 47889 7409 264 37 89731 812 126 44 4102 747 170 42 195 22 5932 2417 882 52 37 46 20 10049 101 22 757 1947 15956
internal_value=1.613e-11 -0.00592398 0.509326 -0.0165086 0.105226 0.447514 1.31207 -0.0234208 0.652215 0.717773 1.18234 0.0777844 0.37713 1.24903 0.6634 0.179026 2.02008 0.0180201 0.228365 0.449606 0.319623 1.61157 1.11308 0.305644 0.10138 0.0553571 1.03152 0.346748 0.310169 0.0360186
internal_weight=463500 458171 5329 418334 39837 4948 381 348557 1266 1002 322 29039 3682 297 854 10798 59 69777 3389 1629 2053 81 216 972 14151 14888 148 777 2001 21888
internal_count=463500 458171 5329 418334 39837 4948 381 348557 1266 1002 322 29039 3682 297 854 10798 59 69777 3389 1629 2053 81 216 972 14151 14888 148 777 2001 21888
is_linear=0
shrinkage=0.05


Tree=11
num_leaves=31
num_cat=0
split_feature=13 15 13 13 14 15 13 11 9 9 1 9 14 14 9 9 1 15 15 9 10 1 9 13 15 9 1 12 1 13
split_gain=505465 162063 118846 29915.2 28818.8 23791.9 23452.2 9916.74 9233.31 6800.07 6791.31 5236.13 4732.87 4231.64 3837.67 3477.36 3453.39 3360.24 3358.54 3229.25 3201.27 3002.12 2912.18 3161.06 2519.32 2393.27 2188.55 2124.35 2110.64 2073.98
threshold=8.6428571428571441 2.3750000000000004 26.500000000000004 13.357142857142859 0.82142857142857151 4.4464285714285721 41.642857142857146 73.500000000000014 22.500000000000004 51.500000000000007 3.5000000000000004 3.5000000000000004 1.4642857142857146 0.25000000000000006 5.5000000000000009 25.500000000000004 2.5000000000000004 10.732142857142859 17.125000000000004 1.0000000180025095e-35 13.500000000000002 2.5000000000000004 16.500000000000004 38.071428571428577 8.0535714285714306 24.500000000000004 2.5000000000000004 26.500000000000004 2.5000000000000004 1.9285714285714288
decision_type=2 2 2 2 2 2 2 2 2 2 2 2 2 2 2 2 2 2 2 2 2 2 2 2 2 2 2 2 2 2
left_child=1 4 3 17 13 19 10 15 14 20 22 29 -6 -1 -5 -8 24 26 -16 -3 -10 -21 -4 -24 -13 -19 -2 -12 -14 -7
right_child=2 5 6 8 12 11 7 -9 9 -11 27 16 28 -15 18 -17 -18 25 -20 21 -22 -23 23 -25 -26 -27 -28 -29 -30 -31
leaf_value=-0.029731723434834267 0.28703336258260886 0.019050147484153655 0.47108962264927956 0.18917725028351268 -0.002297215775098544 -0.0090011478757461762 0.68798321796500161 2.1877928376197815 0.43608273348384885 1.4954385910715375 0.53936669718718433 0.17958215476184516 0.037949434997503771 -0.017960258386481111 0.37745053263616807 1.3383811330857056 0.13291413990166068 0.30015180033705186 0.51161617537767723 0.090480431801783862 0.65783009621897515 0.051922808391568313 1.0085702531260148 1.6733208072185517 0.322534303576618 0.70253305780260189 0.18696466453390104 0.82323810547156251 0.012446870555624373 0.10116516853670542
leaf_weight=168437 762 4983 22 188 62532 466 23 34 246 21 183 2890 11406 139640 1308 193 7414 1342 725 7142 481 17221 169 20 345 38 1931 103 28102 5133
leaf_count=168437 762 4983 22 188 62532 466 23 34 246 21 183 2890 11406 139640 1308 193 7414 1342 725 7142 481 17221 169 20 345 38 1931 103 28102 5133
internal_value=1.82081e-10 -0.00682632 0.399388 0.335776 -0.0167682 0.0826003 0.999053 1.39406 0.45648 0.608418 0.800355 0.131141 0.00626209 -0.0243962 0.405309 1.26913 0.151722 0.24779 0.425296 0.0557248 0.582796 0.063226 1.01554 1.07891 0.194827 0.311232 0.21528 0.6416 0.0198095 0.0919961
internal_weight=463500 455711 7789 7042 410117 45594 747 250 2969 748 497 16248 102040 308077 2221 216 10649 4073 2033 29346 727 24363 211 189 3235 1380 2693 286 39508 5599
internal_count=463500 455711 7789 7042 410117 45594 747 250 2969 748 497 16248 102040 308077 2221 216 10649 4073 2033 29346 727 24363 211 189 3235 1380 2693 286 39508 5599
is_linear=0
shrinkage=0.05


Tree=12
num_leaves=31
num_cat=0
split_feature=13 13 13 13 15 15 13 10 1 9 1 9 9 11 15 15 15 9 15 15 1 13 14 9 16 14 1 9 15 1
split_gain=456752 136767 115260 32439.7 24227.8 22657 22022.4 9022.04 8995.41 5769.44 5413.79 5321.24 4662.24 4383.53 4248.8 4190.99 4107.65 3870.19 4098.22 3267.4 3186.37 2957.64 2788 2358.66 2039.21 1994.28 1944.85 1939.6 1867.37 1810.26
threshold=8.071428571428573 2.2142857142857149 26.214285714285719 13.357142857142859 4.5178571428571432 0.87500000000000011 41.642857142857146 62.500000000000007 2.5000000000000004 14.500000000000002 3.5000000000000004 37.500000000000007 44.500000000000007 73.500000000000014 2.910714285714286 9.2678571428571441 0.23214285714285718 2.5000000000000004 21.517857142857146 1.4464285714285716 2.5000000000000004 38.071428571428577 15.107142857142859 33.500000000000007 4.9750000000000005 29.821428571428573 2.5000000000000004 10.500000000000002 6.4464285714285721 2.5000000000000004
decision_type=2 2 2 2 2 2 2 2 2 2 2 2 2 2 2 2 2 2 2 2 2 2 2 2 2 2 2 2 2 2
left_child=1 5 3 15 14 16 9 11 12 -4 21 -8 22 24 -3 -2 -1 -10 -19 -7 -6 25 -5 -20 -9 -11 -21 -17 -22 -16
right_child=2 4 6 8 20 19 7 13 17 10 -12 -13 -14 -15 29 27 -18 18 23 26 28 -23 -24 -25 -26 -27 -28 -29 -30 -31
leaf_value=-0.028683144905130378 0.18461981885971934 0.03407646559796939 0.33138074283088959 0.4302264003805113 0.16369558376190707 -0.0019957972502617676 0.68698326239780505 1.1298941931128501 0.010491039332534586 0.80770722500979897 0.66474993149971684 1.3003676747008572 1.3043262027558828 2.3430381139119465 0.095003560463585449 0.22978023316184362 -0.017295371828150313 0.3609612655284678 0.52485475635380174 0.036205297077548798 0.096212917810091836 1.5896547734737396 0.61977693048399474 1.0446248787144821 1.7816883802413941 1.1439874416021141 0.010226335037172449 0.32278684221485549 0.14234710081168089 0.057762640744617115
leaf_weight=154705 2930 20603 70 307 4053 52078 49 20 70 105 252 127 21 24 4577 1142 162223 1753 241 10147 6773 20 527 24 30 76 24840 1101 3244 11368
leaf_count=154705 2930 20603 70 307 4053 52078 49 20 70 105 252 127 21 24 4577 1142 162223 1753 241 10147 6773 20 527 24 30 76 24840 1101 3244 11368
internal_value=-2.56488e-10 -0.00694052 0.35496 0.299395 0.0705369 -0.016648 0.938356 1.32436 0.431924 0.753841 0.819122 1.1296 0.56853 1.78759 0.0490739 0.223996 -0.0228542 0.375987 0.388665 0.00594338 0.126289 1.01266 0.550002 0.571928 1.52097 0.948908 0.0177608 0.275433 0.111153 0.0684526
internal_weight=463500 454611 8889 8116 50618 403993 773 250 2943 523 453 176 855 74 36548 5173 316928 2088 2018 87065 14070 201 834 265 50 181 34987 2243 10017 15945
internal_count=463500 454611 8889 8116 50618 403993 773 250 2943 523 453 176 855 74 36548 5173 316928 2088 2018 87065 14070 201 834 265 50 181 34987 2243 10017 15945
is_linear=0
shrinkage=0.05


Tree=13
num_leaves=31
num_cat=0
split_feature=13 13 13 14 15 9 9 15 14 15 9 14 1 15 1 11 1 9 1 15 10 14 15 9 13 16 1 15 9 15
split_gain=412574 159666 77939.3 29438.7 24085.7 21813.2 11368.5 9021 5922.23 5802.24 5387.54 4973.17 4475.41 3854.49 3823.1 3764.26 3682.36 3408 3314.95 2616.55 2596.79 2176.01 2130 2179.42 2116.5 2031.95 1995.59 1974.27 1968.85 1897.36
threshold=10.785714285714286 2.785714285714286 34.500000000000007 1.1071428571428574 5.8392857142857144 19.500000000000004 69.500000000000014 24.375000000000004 0.46428571428571436 13.589285714285717 18.500000000000004 3.8214285714285716 2.5000000000000004 2.0178571428571432 1.5000000000000002 62.500000000000007 2.5000000000000004 3.5000000000000004 2.5000000000000004 21.517857142857146 15.500000000000002 45.107142857142868 7.8750000000000009 4.5000000000000009 56.500000000000007 0.39000000000000007 4.5000000000000009 6.5178571428571432 35.500000000000007 9.2678571428571441
decision_type=2 2 2 2 2 2 2 2 2 2 2 2 2 2 2 2 2 2 2 2 2 2 2 2 2 2 2 2 2 2
left_child=1 3 5 8 11 9 10 14 -1 -2 -4 -3 21 -5 -7 -8 22 -11 -9 -19 27 -12 -6 -24 -14 -25 -21 -16 -20 -18
right_child=2 4 6 13 16 7 15 18 -10 17 12 -13 24 -15 20 -17 29 19 28 26 -22 -23 23 25 -26 -27 -28 -29 -30 -31
leaf_value=-0.024747596589647619 0.2547338517932054 0.049699272831302266 0.30466038990020755 0.0069977116375093962 0.17517857639561979 0.69527794080006111 1.4565993086711782 1.060935390238152 -0.010457253300795786 0.1290977138871989 1.165459932481989 0.090602525554009217 0.8686552069971667 0.032099228653255436 0.85545748703181745 2.2824920459227132 0.12735837512274475 0.37685393570378134 0.56012618190202967 0.72214166403103341 0.52767165305984398 1.6905752518597774 0.11692395866490329 0.80133269965648657 1.2509536135455837 0.2907400418301771 0.42675360542553381 0.34866757656574676 0.89388533408792936 0.19760179821154578
leaf_weight=238930 1837 16370 25 53982 1876 185 37 86 104083 121 47 13609 170 21339 20 22 5860 1275 117 104 514 34 195 20 46 757 127 491 71 1150
leaf_count=238930 1837 16370 25 53982 1876 185 37 86 104083 121 47 13609 170 21339 20 22 5860 1275 117 104 514 34 195 20 46 757 127 491 71 1150
internal_value=2.57094e-10 -0.00508751 0.437408 -0.014196 0.0905616 0.384348 1.1265 0.544741 -0.0204114 0.315634 1.00959 0.0682673 1.06893 0.0141092 0.486078 1.76456 0.15836 0.384395 0.8038 0.404907 0.44832 1.38588 0.206303 0.266376 0.950071 0.303883 0.559742 0.368503 0.686174 0.138882
internal_weight=463500 458171 5329 418334 39837 4948 381 1484 343013 3464 322 29979 297 75321 1210 59 9858 1627 274 1506 1025 81 2848 972 216 777 231 511 188 7010
internal_count=463500 458171 5329 418334 39837 4948 381 1484 343013 3464 322 29979 297 75321 1210 59 9858 1627 274 1506 1025 81 2848 972 216 777 231 511 188 7010
is_linear=0
shrinkage=0.05


Tree=14
num_leaves=31
num_cat=0
split_feature=13 14 13 13 15 13 14 9 1 9 12 1 9 12 9 1 15 15 14 15 16 16 1 9 13 15 14 12 1 10
split_gain=373370 103290 102125 33055.5 19921.2 17960.6 14673.6 8423.7 7316.83 6813.51 4845.96 4568.54 3372.94 3308.38 3156.49 3142.64 2964.76 2813.91 2558.89 2401.71 2385.61 4042.08 2728.96 2124.15 2110.34 2104.68 1968.33 1966.51 1947.13 2829.26
threshold=7.5000000000000009 1.892857142857143 20.357142857142858 38.071428571428577 3.8750000000000004 12.500000000000002 0.60714285714285732 48.500000000000007 2.5000000000000004 25.500000000000004 43.500000000000007 2.5000000000000004 2.5000000000000004 9.5000000000000018 8.5000000000000018 2.5000000000000004 1.3035714285714288 6.1607142857142874 50.892857142857146 39.928571428571438 1.2050000000000003 0.72000000000000008 2.5000000000000004 24.500000000000004 1.0000000180025095e-35 21.517857142857146 3.6785714285714293 15.500000000000002 3.5000000000000004 41.500000000000007
decision_type=2 2 2 2 2 2 2 2 2 2 2 2 2 2 2 2 2 2 2 2 2 2 2 2 2 2 2 2 2 2
left_child=1 6 5 9 15 13 24 23 18 14 20 -7 -6 -2 -4 -3 -8 -14 -9 -10 21 -11 -23 -5 -1 -13 -19 -27 29 -16
right_child=2 4 3 7 12 11 16 8 19 10 -12 25 17 -15 28 -17 -18 26 -20 -21 -22 22 -24 -25 -26 27 -28 -29 -30 -31
leaf_value=-0.027944649606386734 0.15847966775128897 0.056841237336610187 0.20173382283125108 0.51585395393833033 0.064259823033092883 0.44613318731796964 -0.0063139338336530085 1.4888424491882324 0.82100221627589431 0.37244770415127282 1.0933330210850143 0.28884827600366902 0.096941478417603269 0.23630776768780543 0.55721542278029534 0.026551560162588 0.011371295850224783 0.60963926210027675 2.2293378370148793 1.3408542904345429 0.51716865901317866 1.1215526996180416 0.71953342656244434 0.97859361899956587 -0.018938327358854132 0.94920062455348675 0.145645793573139 0.40229861546021245 0.43548908020712829 1.1256467945575714
leaf_weight=108064 3946 12041 103 31 5297 749 89664 20 33 56 67 1816 9303 2088 176 29650 32211 23 28 68 216 64 124 124 163378 22 3668 65 380 25
leaf_count=108064 3946 12041 103 31 5297 749 89664 20 33 56 67 1816 9303 2088 176 29650 32211 23 28 68 216 64 124 124 163378 22 3668 65 380 25
internal_value=-3.10702e-10 -0.006732 0.299148 0.677955 0.0543857 0.233077 -0.0160526 1.1441 1.41255 0.560938 0.696054 0.341529 0.0978887 0.185411 0.456836 0.0352997 -0.00163981 0.111597 1.9208 1.171 0.638189 0.745322 0.856391 0.886046 -0.0225238 0.300357 0.148537 0.540596 0.50206 0.627916
internal_weight=463500 453299 10201 1515 59982 8686 393317 304 149 1211 527 2652 18291 6034 684 41691 121875 12994 48 101 460 244 188 155 271442 1903 3691 87 581 201
internal_count=463500 453299 10201 1515 59982 8686 393317 304 149 1211 527 2652 18291 6034 684 41691 121875 12994 48 101 460 244 188 155 271442 1903 3691 87 581 201
is_linear=0
shrinkage=0.05


Tree=15
num_leaves=31
num_cat=0
split_feature=13 13 9 14 13 15 15 9 1 9 12 10 12 15 1 15 1 9 15 9 11 9 14 17 13 1 8 13 16 1
split_gain=337026 99582.9 87065.1 26185 20865.6 17310.7 16973.5 6973.75 6712.63 6675.22 5316.17 4961.1 4638.39 3552.59 3115.94 3037.22 2689.68 2593.47 2592.75 2530.88 2459.9 2259.02 2223.94 2169.08 1934.96 1843.88 1662.22 1576.93 1564.91 1561.04
threshold=7.9285714285714297 2.2142857142857149 29.500000000000004 15.107142857142859 37.214285714285722 4.4107142857142874 0.69642857142857151 14.500000000000002 2.5000000000000004 58.500000000000007 43.500000000000007 41.500000000000007 12.500000000000002 1.3750000000000002 2.5000000000000004 2.910714285714286 2.5000000000000004 1.5000000000000002 21.517857142857146 69.500000000000014 27.500000000000004 3.5000000000000004 0.10714285714285715 0.020635616438356322 11.071428571428573 2.5000000000000004 1.0000000180025095e-35 52.428571428571438 1.9500000000000002 2.5000000000000004
decision_type=2 2 2 2 2 2 2 2 2 2 2 2 2 2 2 2 2 2 2 2 2 2 2 2 2 2 2 2 2 2
left_child=1 6 3 12 10 15 22 21 9 -6 20 14 17 -8 -9 -3 -7 -2 -13 27 -4 28 -1 -22 -19 -15 -12 -10 -5 -17
right_child=2 5 4 7 8 16 13 11 19 -11 26 18 -14 25 -16 29 -18 24 -20 -21 23 -23 -24 -25 -26 -27 -28 -29 -30 -31
leaf_value=-0.026719237476498327 -0.0017397726236870797 0.029053836698201319 0.49407413678601275 -0.024750962432693036 1.1644415295591541 0.14019943709250757 -0.0044327145914517503 0.57854017813094272 0.76329084657212742 2.0857007265090943 1.3404279322459782 0.4391118943691254 0.27475853119861665 0.031023162528858474 0.40317047333547001 0.083677703481153123 0.092631865911567426 0.16111776109571799 1.1281945511352185 1.350142551958561 0.62906398735940461 0.32407727864836078 -0.017549227312800855 1.1154249218202406 0.23222837876723648 0.0071414789893722123 0.77789615318179139 1.0828574964494417 0.39025445888119359 0.048307200171078951
leaf_weight=102836 198 20601 366 85 51 4162 76688 358 93 32 29 20 1567 11377 866 4387 10392 3083 43 38 88 713 185181 31 1387 27911 24 66 31 10796
leaf_count=102836 198 20601 366 85 51 4162 76688 358 93 32 29 20 1567 11377 866 4387 10392 3083 43 38 88 713 185181 31 1387 27911 24 66 31 10796
internal_value=1.37526e-10 -0.00605692 0.300125 0.251904 0.792418 0.0602586 -0.0143199 0.403884 1.14246 1.51963 0.61024 0.476735 0.200325 0.0018309 0.454463 0.0415593 0.106235 0.175339 0.909438 0.983554 0.558282 0.290785 -0.0208234 0.755763 0.183183 0.0140571 1.0857 0.895941 0.0861557 0.0585272
internal_weight=463500 454331 9169 8351 818 50338 403993 2116 280 83 538 1287 6235 115976 1224 35784 14554 4668 63 197 485 829 288017 119 4470 39288 53 159 116 15183
internal_count=463500 454331 9169 8351 818 50338 403993 2116 280 83 538 1287 6235 115976 1224 35784 14554 4668 63 197 485 829 288017 119 4470 39288 53 159 116 15183
is_linear=0
shrinkage=0.05


Tree=16
num_leaves=31
num_cat=0
split_feature=13 13 9 15 13 15 15 12 12 15 1 9 1 10 13 1 1 17 1 2 17 8 11 9 13 1 15 15 9 14
split_gain=304730 115806 60950.8 23340.4 16905.9 15428.1 12379.5 6690.76 5267.29 4914.23 4378.2 4221.8 3866.54 3773.46 3077.42 2975.48 2740.97 2553.49 2385.37 2288.23 2519.36 2825.94 2189.72 2124.23 1959.03 1759.28 1699.98 1534.44 1872.73 2050.42
threshold=10.500000000000002 2.9285714285714293 30.500000000000004 1.1607142857142858 45.785714285714292 5.8392857142857144 18.446428571428573 43.500000000000007 1.5000000000000002 0.48214285714285721 2.5000000000000004 16.500000000000004 2.5000000000000004 41.500000000000007 4.5000000000000009 2.5000000000000004 2.5000000000000004 0.020635616438356322 2.5000000000000004 10.500000000000002 -1.0000000180025095e-35 1.0000000180025095e-35 1.0000000180025095e-35 1.0000000180025095e-35 13.071428571428573 2.5000000000000004 2.0892857142857149 7.8750000000000009 5.5000000000000009 6.3928571428571432
decision_type=2 2 2 2 2 2 2 2 2 2 2 2 2 2 2 2 2 2 2 2 2 2 2 2 2 2 2 2 2 2
left_child=1 3 6 9 7 14 12 19 -6 -1 -9 -8 17 -13 25 27 -5 -2 -10 20 21 -4 -22 -14 -25 -3 -18 -7 -29 -30
right_child=2 5 4 16 8 15 11 10 18 -11 -12 13 23 -15 -16 -17 26 -19 -20 -21 22 -23 -24 24 -26 -27 -28 28 29 -31
leaf_value=-0.021227350581546119 0.31851960417162889 0.073799465328025657 0.16008055757444639 0.029204744429873454 1.9278769761323931 0.1527908761480111 0.33260161687219664 1.5760421806368337 1.4239600781689992 -0.0083360996560330278 0.79792736312374479 0.49390392002689404 -0.14357530633477789 0.91344921694973769 0.084536250056771262 0.1173257755207017 0.0017451762966055916 0.6175284878604792 0.98540881219364351 0.26909060777723787 1.1630480251529001 0.84731021268027173 0.64855856836490011 0.18560356952628718 0.27153820595159434 0.039205532381434496 0.021516080395011017 0.11195235796950789 0.77364662826061259 0.25964245895018517
leaf_weight=242216 982 5164 52 20844 23 1859 449 29 44 106403 48 585 38 59 9376 6810 35984 77 105 50 22 21 345 1205 1475 12747 15580 239 20 649
leaf_count=242216 982 5164 52 20844 23 1859 449 29 44 106403 48 585 38 59 9376 6810 35984 77 105 50 22 21 345 1205 1475 12747 15580 239 20 649
internal_value=-1.39092e-10 -0.00448709 0.366304 -0.0119276 0.78942 0.0804913 0.302098 0.657703 1.22362 -0.0172928 1.09098 0.450289 0.259214 0.532341 0.0613283 0.135091 0.013904 0.340261 1.11491 0.589616 0.62604 0.357777 0.6794 0.227636 0.2329 0.0491795 0.00771893 0.178813 0.23209 0.275009
internal_weight=463500 457891 5609 421027 739 36864 4870 567 172 348619 77 1093 3777 644 27287 9577 72408 1059 149 490 440 73 367 2718 2680 17911 51564 2767 908 669
internal_count=463500 457891 5609 421027 739 36864 4870 567 172 348619 77 1093 3777 644 27287 9577 72408 1059 149 490 440 73 367 2718 2680 17911 51564 2767 908 669
is_linear=0
shrinkage=0.05


Tree=17
num_leaves=31
num_cat=1
split_feature=13 14 13 9 15 13 14 14 9 10 12 11 9 9 1 1 15 15 17 15 14 15 12 1 9 9 13 12 0 13
split_gain=275796 76349.5 76085.9 24555.1 14807.5 12803.3 10969 9618.25 4574.99 4220.06 4002.44 3957.59 3499.58 3329.29 3249.05 3053.47 2596.18 2591.72 2513.74 2101 2073.06 1994.56 2319.67 1958.17 1820.79 1798.67 1722.15 1563.54 1522.12 1460.47
threshold=7.5000000000000009 1.892857142857143 20.214285714285719 37.500000000000007 3.4821428571428577 12.500000000000002 0.60714285714285732 50.892857142857146 8.5000000000000018 45.500000000000007 39.500000000000007 73.500000000000014 59.500000000000007 3.5000000000000004 2.5000000000000004 2.5000000000000004 6.2321428571428585 9.2678571428571441 0.043849315068493329 1.3035714285714288 3.6785714285714293 21.517857142857146 15.500000000000002 2.5000000000000004 38.500000000000007 24.500000000000004 1.0000000180025095e-35 24.500000000000004 0 22.642857142857149
decision_type=2 2 2 2 2 2 2 2 2 2 2 2 2 2 2 2 2 2 2 2 2 2 2 2 2 2 2 2 1 2
left_child=1 6 5 8 23 17 26 10 29 15 24 -9 -12 -6 -7 18 -15 28 27 -8 -18 -16 -23 -3 -5 -19 -1 -10 -2 -4
right_child=2 4 3 7 13 14 19 11 9 -11 12 -13 -14 16 21 -17 20 25 -20 -21 -22 22 -24 -25 -26 -27 -28 -29 -30 -31
leaf_value=-0.024291240321897514 0.05006537400977687 0.045363050040013973 0.41279277693014599 1.1003287542433966 0.056363223032707854 0.3802860258798858 -0.0052728088009017671 1.1323855078839637 0.4584862351533957 0.82095621394244245 0.86153382062911987 1.8093585824966434 1.5922046454056451 0.082637823922756412 0.24573258444781598 0.40914822738469314 0.64239912286400802 0.19827689199527709 1.0894200592041015 0.0096149629697260073 0.13170513322279417 0.96555639147758487 0.34748767770472028 0.020116566401797379 0.6104459107939002 0.50197488519549371 -0.016155323817779659 0.73134958677082551 0.14766960758811021 0.041189034182864889
leaf_weight=108064 490 10808 40 21 9616 742 89664 77 140 91 57 30 23 9903 1802 678 20 1956 25 32211 3093 20 63 26542 196 50 163378 84 3538 78
leaf_count=108064 490 10808 40 21 9616 742 89664 77 140 91 57 30 23 9903 1802 678 20 1956 25 32211 3093 20 63 26542 196 50 163378 84 3538 78
internal_value=-5.37647e-11 -0.00578586 0.257105 0.58094 0.0467604 0.199524 -0.0137993 0.915735 0.461876 0.496038 0.769301 1.32219 1.0716 0.0786746 0.291658 0.464142 0.0951578 0.159412 0.613883 -0.00133804 0.134986 0.256771 0.49642 0.0274222 0.657854 0.205847 -0.0193943 0.56081 0.136287 0.167156
internal_weight=463500 453299 10201 1540 59982 8661 393317 404 1136 1018 297 107 80 22632 2627 927 13016 6034 249 121875 3113 1885 83 37350 217 2006 271442 224 4028 118
internal_count=463500 453299 10201 1540 59982 8661 393317 404 1136 1018 297 107 80 22632 2627 927 13016 6034 249 121875 3113 1885 83 37350 217 2006 271442 224 4028 118
cat_boundaries=0 1
cat_threshold=24
is_linear=0
shrinkage=0.05


Tree=18
num_leaves=31
num_cat=1
split_feature=13 13 13 13 15 15 14 9 1 1 12 16 9 15 15 0 9 17 15 1 1 9 14 17 15 9 15 12 11 16
split_gain=248925 69233.7 68675.8 22828 12557.5 11316.2 11198.4 5964.19 5521.66 5168.68 3611.59 3501.29 2955.09 2743.55 2476.88 2455.72 3237.57 2220.09 2152.3 2135.48 1993.82 1957.23 1938.35 1890.34 1886.17 1812.7 1813.68 1803.75 4518.32 2197.61
threshold=7.5000000000000009 2.2142857142857149 20.071428571428573 38.071428571428577 0.66071428571428592 4.5178571428571432 11.607142857142859 48.500000000000007 2.5000000000000004 2.5000000000000004 14.500000000000002 0.72000000000000008 8.5000000000000018 1.4464285714285716 3.2321428571428577 0 32.500000000000007 0.020635616438356322 34.839285714285722 2.5000000000000004 2.5000000000000004 3.5000000000000004 50.892857142857146 0.043849315068493329 39.928571428571438 1.5000000000000002 21.517857142857146 39.500000000000007 36.500000000000007 0.84000000000000019
decision_type=2 2 2 2 2 2 2 2 2 2 2 2 2 2 2 1 2 2 2 2 2 2 2 2 2 2 2 2 2 2
left_child=1 4 6 9 -1 14 15 -5 22 11 25 -4 -11 -6 -3 -2 20 27 23 -7 -17 -12 -9 -14 -10 -8 -27 29 -29 -13
right_child=2 5 3 7 13 19 10 8 24 12 21 17 18 -15 -16 16 -18 -19 -20 -21 -22 -23 -24 -25 -26 26 -28 28 -30 -31
leaf_value=-0.018151878616704076 0.038399902347737228 0.027360665424826926 0.20424691043470219 0.7197851159651163 -0.0037041128165252383 0.12296966926421055 -0.098962712669095343 1.2283770402602388 0.64280502850359145 0.10786115765083759 0.074839520189857137 0.93084348508289882 0.37485899326234762 0.012850703331809023 0.055351206024061864 0.20379591085291515 0.65886903379578143 1.0049969328004262 0.69765291826188336 0.077883995635690526 0.13445509218918847 0.34909772124692712 1.872862449714116 0.69599765098216582 1.1034962547833429 0.22379261845277335 0.670701479393503 1.3950009404479162 0.36742537971585992 0.50169322847176601
leaf_weight=281096 502 24913 46 155 87910 3687 43 20 33 84 69 35 707 34987 11576 1454 32 43 64 9130 3612 1137 28 49 68 1752 23 23 20 202
leaf_count=281096 502 24913 46 155 87910 3687 43 20 33 84 69 35 707 34987 11576 1454 32 43 64 9130 3612 1137 28 49 68 1752 23 23 20 202
internal_value=2.13085e-07 -0.00549657 0.244259 0.547641 -0.0123231 0.0504371 0.188782 0.936923 1.16281 0.454678 0.266317 0.612372 0.390309 0.0010088 0.0362406 0.146914 0.157215 0.670495 0.419243 0.0908536 0.154357 0.333406 1.60433 0.395674 0.952973 0.221813 0.229584 0.619125 0.917059 0.56507
internal_weight=463500 453299 10201 1577 403993 49306 8624 304 149 1273 3024 369 904 122897 36489 5600 5098 323 820 12817 5066 1206 48 756 101 1818 1775 280 43 237
internal_count=463500 453299 10201 1577 403993 49306 8624 304 149 1273 3024 369 904 122897 36489 5600 5098 323 820 12817 5066 1206 48 756 101 1818 1775 280 43 237
cat_boundaries=0 1
cat_threshold=8
is_linear=0
shrinkage=0.05


Tree=19
num_leaves=31
num_cat=0
split_feature=13 15 9 14 13 15 14 1 12 9 12 12 11 9 9 1 14 13 1 14 1 9 17 11 15 9 12 16 14 1
split_gain=225046 87954.7 44231.1 15226.8 13402.6 12183.1 8959.03 4474.24 3791.05 3725.84 3764.37 3647.95 3370.94 3250.54 3072.88 2867.99 2724.6 2713.55 2313.48 2116 1781.79 1746.03 1611.53 1599.23 1551.87 1487.82 1461.91 1377.9 2124.83 2533.04
threshold=10.785714285714286 2.6250000000000004 37.500000000000007 0.8928571428571429 5.2142857142857153 21.517857142857146 50.892857142857146 2.5000000000000004 8.5000000000000018 14.500000000000002 4.5000000000000009 39.500000000000007 73.500000000000014 56.500000000000007 1.0000000180025095e-35 2.5000000000000004 15.107142857142859 0.2142857142857143 2.5000000000000004 16.178571428571434 2.5000000000000004 16.500000000000004 -1.0000000180025095e-35 1.0000000180025095e-35 8.2678571428571441 1.5000000000000002 18.500000000000004 1.3150000000000002 36.035714285714292 4.5000000000000009
decision_type=2 2 2 2 2 2 2 2 2 2 2 2 2 2 2 2 2 2 2 2 2 2 2 2 2 2 2 2 2 2
left_child=1 3 5 17 14 7 11 16 25 27 -11 22 -8 -13 -3 -5 -2 -1 24 -9 -12 -17 -4 -24 -16 -6 -25 -7 29 -29
right_child=2 4 6 15 8 9 12 19 -10 10 20 13 -14 -15 18 21 -18 -19 -20 -21 -22 -23 23 26 -26 -27 -28 28 -30 -31
leaf_value=-0.020424381496713228 0.26856388963134625 0.0086762406972611724 0.274276636606334 0.019997462161357511 0.03141077733878711 0.14694309436223085 1.0203283687884157 0.18443603534151382 0.14893468576234301 1.1293245932459832 0.63824901527076061 0.73287172707644377 1.6451147174835208 1.3870665468018633 0.075606298362115826 0.0009241370086817051 0.42563871904974288 -0.011187771482277249 0.042931092894609675 0.27520810852697097 0.44067409860108653 0.33556940815387626 1.0458272376230784 0.44838299948570076 0.34981291309858742 0.096231225400090339 0.71628742189902184 1.0042300397699531 -0.014202783554792403 0.31568133466164855
leaf_weight=165425 722 4689 37 28235 981 102 77 2030 3729 25 165 55 30 29 6690 69740 447 153113 16408 939 370 39 21 98 52 9070 106 22 20 34
leaf_count=165425 722 4689 37 28235 981 102 77 2030 3729 25 165 55 30 29 6690 69740 447 153113 16408 939 370 39 21 98 52 9070 106 22 20 34
internal_value=2.43797e-07 -0.00375718 0.323052 -0.0106818 0.0655494 0.279145 0.795652 0.245768 0.105879 0.466293 0.529631 0.671999 1.1955 0.958725 0.0455869 0.00655177 0.328626 -0.0159846 0.0530631 0.213144 0.501608 0.00111117 0.580071 0.630357 0.0777212 0.0899046 0.587588 0.267025 0.428186 0.586183
internal_weight=463500 458171 5329 416552 41619 4876 453 4138 13780 738 560 346 107 84 27839 98014 1169 318538 23150 2969 535 69779 262 225 6742 10051 204 178 76 56
internal_count=463500 458171 5329 416552 41619 4876 453 4138 13780 738 560 346 107 84 27839 98014 1169 318538 23150 2969 535 69779 262 225 6742 10051 204 178 76 56
is_linear=0
shrinkage=0.05


Tree=20
num_leaves=31
num_cat=0
split_feature=13 15 13 13 15 13 14 1 9 1 16 9 1 9 12 13 15 1 1 17 1 9 17 15 12 1 8 12 11 16
split_gain=203594 56963.7 56092.3 18820.6 9600.25 9235.04 8902.62 5205.9 4950.75 4324.6 3035.36 2744.93 2586.7 2578.26 2213.2 2209.08 2167.15 2112.53 2003.93 1986.18 1914.7 1731.91 1716.42 1704.13 1905.64 1690.34 1592.14 1540.53 4034.36 1973.26
threshold=7.5000000000000009 2.0892857142857149 20.071428571428573 38.071428571428577 0.5892857142857143 12.500000000000002 4.3214285714285721 2.5000000000000004 58.500000000000007 2.5000000000000004 0.72000000000000008 1.0000000180025095e-35 2.5000000000000004 4.5000000000000009 14.500000000000002 56.500000000000007 34.839285714285722 2.5000000000000004 2.5000000000000004 0.020635616438356322 2.5000000000000004 1.0000000180025095e-35 0.043849315068493329 21.517857142857146 16.500000000000004 4.5000000000000009 1.0000000180025095e-35 39.500000000000007 36.500000000000007 0.84000000000000019
decision_type=2 2 2 2 2 2 2 2 2 2 2 2 2 2 2 2 2 2 2 2 2 2 2 2 2 2 2 2 2 2
left_child=1 4 5 9 -1 14 11 8 26 10 -4 -3 -7 -11 21 -9 22 -6 -13 27 -8 -2 -15 -14 -25 -18 -5 29 -29 -12
right_child=2 6 3 7 17 12 20 15 -10 13 19 18 23 16 -16 -17 25 -19 -20 -21 -22 -23 -24 24 -26 -27 -28 28 -30 -31
leaf_value=-0.016867959422834571 -0.041055509678751621 0.0035561470986071684 0.17491772498773495 0.68981014200619295 0.0093629684067760566 0.32927180528158728 0.10494300001231294 0.61598542534879286 1.6832870648753258 -0.040647324770689011 0.85709248576845443 0.057829090371969372 0.2081825569023848 0.32843436350242716 0.21206060877991201 0.96549091143533594 1.0157238540195284 -0.004470475270053377 0.029469607175881138 0.92542644156966114 0.065380858367649133 0.12970301637116072 0.63388688558218442 0.85312528042566216 0.29849927031387719 0.47245715075069006 1.2490434551239016 1.2874067208041318 0.3164213237166405 0.45043727010027457
leaf_weight=266504 153 7287 46 35 38780 733 4300 154 31 40 35 8800 1777 749 842 64 21 95715 21322 43 10591 5039 49 21 59 45 20 23 20 202
leaf_count=266504 153 7287 46 35 38780 733 4300 154 31 40 35 8800 1777 749 842 64 21 95715 21322 43 10591 5039 49 21 59 45 20 23 20 202
internal_value=2.31987e-07 -0.00497091 0.220902 0.495084 -0.011372 0.170764 0.0441083 0.84855 1.17798 0.410674 0.554918 0.0310931 0.249739 0.351795 0.136866 0.718593 0.369964 -0.00048177 0.0377547 0.609036 0.076805 0.124671 0.34719 0.218345 0.444089 0.645315 0.893168 0.560448 0.835786 0.510492
internal_weight=463500 453299 10201 1577 400999 8624 52300 304 86 1273 369 37409 2590 904 6034 218 864 134495 30122 323 14891 5192 798 1857 80 66 55 280 43 237
internal_count=463500 453299 10201 1577 400999 8624 52300 304 86 1273 369 37409 2590 904 6034 218 864 134495 30122 323 14891 5192 798 1857 80 66 55 280 43 237
is_linear=0
shrinkage=0.05


Tree=21
num_leaves=31
num_cat=1
split_feature=13 13 9 14 13 13 15 12 12 9 15 1 17 1 12 12 11 9 2 13 13 9 1 10 17 8 9 14 13 0
split_gain=184067 60520.4 45779.5 12442.4 10623.2 10506.7 10235.6 4807.18 4713.89 4642.9 3375.99 3370.06 3176.26 2430.22 2376.88 2356.71 2107.44 1871.59 1794.97 1784.13 1679.42 1676.49 1462.6 1628.04 1419.06 2357.7 1563.76 1426.18 1367.71 1350.84
threshold=8.6428571428571441 2.3571428571428572 30.500000000000004 15.107142857142859 45.785714285714292 0.6428571428571429 4.5535714285714297 43.500000000000007 1.5000000000000002 14.500000000000002 1.517857142857143 2.5000000000000004 0.043849315068493329 4.5000000000000009 12.500000000000002 7.5000000000000009 21.500000000000004 1.0000000180025095e-35 10.500000000000002 3.6428571428571437 1.0000000180025095e-35 3.5000000000000004 2.5000000000000004 52.500000000000007 -1.0000000180025095e-35 1.0000000180025095e-35 35.500000000000007 37.821428571428577 26.500000000000004 0
decision_type=2 2 2 2 2 2 2 2 2 2 2 2 2 2 2 2 2 2 2 2 2 2 2 2 2 2 2 2 2 1
left_child=1 5 3 14 7 20 19 18 -6 21 -7 -9 16 -14 17 -8 -11 -2 24 -3 -1 -5 -10 -24 25 -4 -26 -28 -18 -16
right_child=2 6 4 9 8 10 15 11 22 12 -12 -13 13 -15 29 -17 28 -19 -20 -21 -22 -23 23 -25 26 -27 27 -29 -30 -31
leaf_value=-0.020598450747599327 -0.091069887143172587 0.025623521127398276 0.11285463391578998 0.029192732478928781 1.6223287616410982 -0.0032103794382962675 0.070057982389679599 1.302680424575148 1.095253063602881 0.28942893789606972 0.01544159053143144 0.62000414912278456 1.0096354048699141 0.40676898969071251 0.13404368986944432 0.11276854911573729 0.3844961942365217 0.14118287891314804 0.18612369586314476 0.050610247456837822 -0.012661727123807316 0.23656196466834933 0.9126033376133631 0.51071844441550118 0.3949767487202312 0.73721953243726779 0.65619949784688658 0.30592357774867729 0.60692667105650333 0.25024513694971529
leaf_weight=109558 89 22147 54 113 23 96000 10038 29 44 766 32464 48 32 35 475 4762 413 3419 56 10546 170196 709 63 42 142 21 200 34 83 899
leaf_count=109558 89 22147 54 113 23 96000 10038 29 44 766 32464 48 32 35 475 4762 413 3419 56 10546 170196 709 63 42 142 21 200 34 83 899
internal_value=2.2022e-07 -0.00411914 0.241011 0.201269 0.610732 -0.0103342 0.0493013 0.509015 0.956098 0.30146 0.00150314 0.877116 0.359232 0.694705 0.157125 0.0838004 0.341422 0.13529 0.45311 0.0336837 -0.0157699 0.208055 0.853257 0.751849 0.486261 0.287677 0.525872 0.605305 0.421717 0.21287
internal_weight=463500 455711 7789 7033 756 408218 47493 584 172 2151 128464 77 1329 67 4882 14800 1262 3508 507 32693 279754 822 149 105 451 75 376 234 496 1374
internal_count=463500 455711 7789 7033 756 408218 47493 584 172 2151 128464 77 1329 67 4882 14800 1262 3508 507 32693 279754 822 149 105 451 75 376 234 496 1374
cat_boundaries=0 1
cat_threshold=41
is_linear=0
shrinkage=0.05


Tree=22
num_leaves=31
num_cat=1
split_feature=13 13 13 9 15 15 14 13 9 14 1 0 12 9 12 9 9 15 15 1 15 2 17 16 1 11 1 9 10 1
split_gain=166826 53645.6 39091.5 17724.8 8979.72 8018.65 6310.82 6239.9 3381.79 3086.91 3244.96 3001.17 2958.49 3499.42 2833.56 2742.21 2540.07 2580.78 2297.14 2253.49 2069.91 1983.44 1738.88 1665.92 1703.3 1640.27 1568.3 1427.16 1425.31 1424.79
threshold=6.5000000000000009 18.500000000000004 1.7857142857142858 37.500000000000007 10.732142857142859 3.2321428571428577 50.892857142857146 0.50000000000000011 5.5000000000000009 39.250000000000007 2.5000000000000004 0 21.500000000000004 59.500000000000007 21.500000000000004 14.500000000000002 18.500000000000004 4.7678571428571432 1.1964285714285716 2.5000000000000004 34.839285714285722 8.5000000000000018 0.043849315068493329 0.72000000000000008 2.5000000000000004 46.500000000000007 2.5000000000000004 39.500000000000007 47.500000000000007 2.5000000000000004
decision_type=2 2 2 2 2 2 2 2 2 2 2 1 2 2 2 2 2 2 2 2 2 2 2 2 2 2 2 2 2 2
left_child=2 4 7 8 11 29 12 -1 21 10 22 -2 -5 27 -8 -6 26 -18 -9 -7 -11 -3 28 -17 -25 -22 -13 -14 -10 -4
right_child=1 3 5 6 15 19 14 18 9 20 -12 16 13 -15 -16 23 17 -19 -20 -21 25 -23 -24 24 -26 -27 -28 -29 -30 -31
leaf_value=-0.015767743246452151 0.02310789659538575 -0.10857842270052061 0.033129479400636007 0.4230501441338233 0.16903724941958378 0.080994052453176896 1.5753062599897385 -0.0063381580152255604 0.41017814790715046 1.1084488108754158 0.29196394659776054 0.14830201095146942 0.94203656269953806 1.1491486532565875 0.91529125982317439 0.48851848152967597 0.65838306184325912 0.20435791466278153 0.0083965876418999746 0.045694894860937765 0.21710308277606966 0.38413309919337435 0.8689370259046556 0.32874264758044686 0.2006543195165989 0.77431036553212573 0.095647550476117699 0.52865234124210647 0.8175143657819085 0.012337060452960477
leaf_weight=250310 989 64 11578 140 1995 6352 20 101926 324 20 949 1975 26 39 87 78 35 296 35721 15688 25 30 25 419 682 28 4980 106 23 28570
leaf_count=250310 989 64 11578 140 1995 6352 20 101926 324 20 949 1975 26 39 87 78 35 296 35721 15688 25 30 25 419 682 28 4980 106 23 28570
internal_value=6.23956e-07 0.174154 -0.00516619 0.419759 0.133266 0.031636 0.707441 -0.0110654 0.338945 0.358519 0.341028 0.105842 0.593485 0.733023 1.03866 0.204765 0.11688 0.252367 -0.00251432 0.0558682 0.675031 0.0486699 0.466193 0.26522 0.2494 0.511477 0.1106 0.610077 0.437177 0.0183332
internal_weight=463500 13355 450145 1906 11449 62188 418 387957 1488 1394 1321 8275 311 171 107 3174 7286 331 137647 22040 73 94 372 1179 1101 53 6955 132 347 40148
internal_count=463500 13355 450145 1906 11449 62188 418 387957 1488 1394 1321 8275 311 171 107 3174 7286 331 137647 22040 73 94 372 1179 1101 53 6955 132 347 40148
cat_boundaries=0 1
cat_threshold=8
is_linear=0
shrinkage=0.05


Tree=23
num_leaves=31
num_cat=0
split_feature=13 13 9 13 15 13 15 12 12 9 1 15 9 10 13 1 17 1 13 16 16 14 12 1 11 9 16 9 2 11
split_gain=150624 59504.5 30151.8 11990.6 8604.93 8143.93 6166.3 4142.61 3644.6 3274.99 3147.35 2781.74 2374.44 2372.68 2175.24 1914.91 2084.72 1809.87 1644.65 1587.73 1548.07 1642.74 1435.5 1365.04 1358.02 1323.98 1355.62 1289.1 1648.64 1286.47
threshold=10.785714285714286 2.9285714285714293 30.500000000000004 0.92857142857142871 6.4107142857142874 45.785714285714292 16.732142857142861 1.5000000000000002 43.500000000000007 16.500000000000004 2.5000000000000004 1.8392857142857146 3.5000000000000004 41.500000000000007 0.2142857142857143 2.5000000000000004 0.020635616438356322 2.5000000000000004 5.2142857142857153 1.1300000000000001 0.24000000000000002 34.357142857142868 39.500000000000007 2.5000000000000004 28.500000000000004 1.0000000180025095e-35 0.24000000000000002 3.5000000000000004 8.5000000000000018 43.500000000000007
decision_type=2 2 2 2 2 2 2 2 2 2 2 2 2 2 2 2 2 2 2 2 2 2 2 2 2 2 2 2 2 2
left_child=1 3 6 14 12 8 15 -7 19 27 -10 -5 -3 -11 -1 16 -2 -6 -14 20 -4 23 -9 -22 -21 -17 -27 28 -8 -15
right_child=2 4 5 11 17 7 9 22 10 13 -12 -13 18 29 -16 25 -18 -19 -20 24 21 -23 -24 -25 -26 26 -28 -29 -30 -31
leaf_value=-0.017061440872799278 0.2171665998754119 0.03001462249627675 0.254784141028566 0.0014658456730279 0.1440581526942023 1.487305929608967 -0.11109866894160708 0.5412190802084903 1.2012966904146918 0.3415181671184464 0.53892535285112708 0.019974271665217848 0.047235587328684756 0.49285921714244751 -0.0088427874581141451 -0.16782613848336042 0.51179132686211515 0.089814021711736025 0.081202150732591544 0.23312794546762558 0.82750556266733588 0.32237931405667397 0.87332978880420176 0.53008280569507238 0.55000975404664965 0.34398306723198169 0.14788327496794237 0.24470254649648884 0.33330353808123619 0.97103867212479766
leaf_weight=166695 787 13508 56 70027 2158 23 60 48 29 780 47 28589 10812 39 155716 32 65 5350 5316 146 56 61 101 124 44 92 2095 590 32 22
leaf_count=166695 787 13508 56 70027 2158 23 60 48 29 780 47 28589 10812 39 155716 32 65 5350 5316 146 56 61 101 124 44 92 2095 590 32 22
internal_value=6.17523e-07 -0.00307336 0.264292 -0.00842541 0.0575921 0.561634 0.21672 0.862749 0.469641 0.298978 0.791672 0.00683148 0.0454791 0.365004 -0.013092 0.175926 0.239644 0.105405 0.0584314 0.419386 0.491595 0.546621 0.766341 0.622614 0.306511 0.151461 0.156133 0.217558 0.043476 0.665317
internal_weight=463500 458171 5329 421027 37144 735 4594 172 563 1523 76 98616 29636 841 322411 3071 852 7508 16128 487 297 241 149 180 190 2219 2187 682 92 61
internal_count=463500 458171 5329 421027 37144 735 4594 172 563 1523 76 98616 29636 841 322411 3071 852 7508 16128 487 297 241 149 180 190 2219 2187 682 92 61
is_linear=0
shrinkage=0.05


Tree=24
num_leaves=31
num_cat=1
split_feature=13 13 13 9 15 15 15 11 9 12 1 9 10 0 9 1 15 9 1 14 11 8 1 16 1 11 2 12 11 4
split_gain=136196 43876.9 31970.5 14622.2 7451.85 6043.26 5821.36 5238.13 4852.93 3426.23 2632.45 2401.46 2382.4 2351.7 2372.79 2239.13 2188 1983.66 1899.73 2113.85 1779.79 1742.23 3033.15 2297.4 1736.56 1733.71 1684.36 1508.07 1295.33 1269.43
threshold=6.5000000000000009 18.500000000000004 1.9285714285714288 48.500000000000007 9.6250000000000018 3.4464285714285716 0.62500000000000011 73.500000000000014 25.500000000000004 39.500000000000007 2.5000000000000004 9.5000000000000018 35.500000000000007 0 18.500000000000004 2.5000000000000004 4.6250000000000009 5.5000000000000009 2.5000000000000004 2.1071428571428577 21.500000000000004 1.0000000180025095e-35 1.5000000000000002 0.72000000000000008 2.5000000000000004 31.500000000000004 8.5000000000000018 23.500000000000004 16.500000000000004 1.0000000180025095e-35
decision_type=2 2 2 2 2 2 2 2 2 2 2 2 2 1 2 2 2 2 2 2 2 2 2 2 2 2 2 2 2 2
left_child=2 4 6 8 13 29 -1 9 17 25 -11 -6 21 -2 -15 -13 -16 26 19 -7 -19 23 -23 -10 -8 -5 -3 -25 -20 -4
right_child=1 3 5 7 11 18 24 -9 12 10 -12 15 -14 14 16 -17 -18 20 28 -21 -22 22 -24 27 -26 -27 -28 -29 -30 -31
leaf_value=-0.013725525591338432 0.018307540648311259 -0.10234401492634788 0.012881493469081219 0.31059074263733172 0.12198775373785858 0.59126788068562752 0.0089266951232616059 1.3600552562744388 -0.080038635624306548 1.3548566398413286 0.72987762295774061 0.27224863476948608 0.58506298662800538 0.096106169039768555 0.63740962534211576 0.17246501138537104 0.19590222308771654 0.22791954249233465 0.041365492125697817 0.076298406487888645 0.36851490158362377 1.0359823168619819 0.41734046366300204 0.27037650112386519 -0.0043457443795626481 0.71432081937789915 0.35170342427988849 0.53495821014452627 0.1592831534698983 0.033314299302904485
leaf_weight=273732 982 64 26213 65 1337 20 34593 31 35 23 63 829 190 6294 32 1747 228 570 13450 5495 372 23 143 174 85699 45 30 78 237 10706
leaf_count=273732 982 64 26213 65 1337 20 34593 31 35 23 63 829 190 6294 32 1747 228 570 13450 5495 372 23 143 174 85699 45 30 78 237 10706
internal_value=5.86621e-07 0.157356 -0.00466786 0.379476 0.120378 0.0306396 -0.00969672 0.756117 0.328554 0.660596 0.897023 0.176358 0.436454 0.0913105 0.102065 0.204577 0.250242 0.261586 0.0533903 0.0781659 0.283441 0.374124 0.503056 0.29955 -0.000528919 0.475753 0.0425647 0.352271 0.0434073 0.0188067
internal_weight=463500 13355 450145 1906 11449 56121 394024 227 1679 196 86 3913 643 7536 6554 2576 260 1036 19202 5515 942 453 166 287 120292 110 94 252 13687 36919
internal_count=463500 13355 450145 1906 11449 56121 394024 227 1679 196 86 3913 643 7536 6554 2576 260 1036 19202 5515 942 453 166 287 120292 110 94 252 13687 36919
cat_boundaries=0 1
cat_threshold=8
is_linear=0
shrinkage=0.05


Tree=25
num_leaves=31
num_cat=1
split_feature=13 13 14 9 15 15 14 13 9 10 9 12 12 9 0 9 15 16 9 1 1 1 1 15 12 9 6 9 11 15
split_gain=123258 47461.5 21754.2 13245.9 9749.15 4887.4 4806.81 2942.72 2568.19 2683.51 2464.35 2406.63 2359.24 2990.03 2263.41 2733.86 2951.28 1864.15 1789.72 1638.23 1615.99 1512.85 1488.15 1402.69 1318.44 1299.03 1223.57 1188.05 1124.77 1100.83
threshold=5.2142857142857153 18.500000000000004 1.3214285714285718 37.500000000000007 10.125000000000002 2.7678571428571432 50.892857142857146 0.35714285714285715 15.500000000000002 33.500000000000007 14.500000000000002 21.500000000000004 21.500000000000004 59.500000000000007 0 18.500000000000004 3.660714285714286 0.72000000000000008 1.0000000180025095e-35 2.5000000000000004 2.5000000000000004 1.5000000000000002 2.5000000000000004 9.1607142857142865 15.500000000000002 39.500000000000007 1.0000000180025095e-35 5.5000000000000009 43.500000000000007 31.571428571428573
decision_type=2 2 2 2 2 2 2 2 2 2 2 2 2 2 1 2 2 2 2 2 2 2 2 2 2 2 2 2 2 2
left_child=2 4 7 8 14 22 12 -1 -3 21 27 -8 29 25 15 20 -17 26 -7 23 -2 -10 -4 -20 -19 -14 -12 -6 -11 -5
right_child=1 3 5 6 10 18 11 -9 9 28 17 -13 13 -15 -16 16 -18 24 19 -21 -22 -23 -24 -25 -26 -27 -28 -29 -30 -31
leaf_value=-0.014436725189458904 0.11265125498550591 0.18571979884310519 0.022347582525142205 0.42291368466356527 0.07221777518842333 0.0053967217722844943 1.3928310738503935 -0.0052661509524664328 0.46984243850873891 0.429386887502265 0.24406231070893841 0.78456773724535422 0.83740956926575072 1.0189961032512096 0.028859937856441115 0.79123035588047719 0.19055218386078446 0.1688425500661252 0.062210732150390004 0.033177087131204479 0.071038348265101456 0.26814172022259014 0.0046813311588721094 0.38426591382526304 0.27681900248206232 0.4430178950452861 0.63219854768779549 0.15864559727727143 0.70555183417163791 0.056834540784358983
leaf_weight=213026 3263 419 16784 115 505 3935 20 148428 106 159 37 87 26 39 2007 22 290 731 6044 14787 8186 756 41139 34 461 106 45 1870 48 25
leaf_count=213026 3263 419 16784 115 505 3935 20 148428 106 159 37 87 26 39 2007 22 290 731 6044 14787 8186 756 41139 34 461 106 45 1870 48 25
internal_value=5.76955e-07 0.123622 -0.00537732 0.360502 0.0976995 0.0177527 0.609195 -0.0106709 0.290641 0.331766 0.170363 0.898262 0.509741 0.634347 0.0784412 0.0868039 0.232908 0.226465 0.0363263 0.0421594 0.0828982 0.292945 0.00980037 0.0640123 0.210602 0.520701 0.457064 0.140268 0.493425 0.357542
internal_weight=463500 19323 444177 1906 17417 82723 418 361454 1488 1069 3649 107 311 171 13768 11761 312 1274 24800 20865 11449 862 57923 6078 1192 132 82 2375 207 140
internal_count=463500 19323 444177 1906 17417 82723 418 361454 1488 1069 3649 107 311 171 13768 11761 312 1274 24800 20865 11449 862 57923 6078 1192 132 82 2375 207 140
cat_boundaries=0 1
cat_threshold=39
is_linear=0
shrinkage=0.05


Tree=26
num_leaves=31
num_cat=0
split_feature=14 9 14 13 13 13 13 9 1 9 12 13 17 12 9 1 2 1 1 16 11 9 13 8 17 8 12 9 13 2
split_gain=111461 33099.3 29080.3 11040.8 6900.06 5585.77 4714.95 3535.1 2796.86 2705.5 2641.13 2113.04 1985.69 1980.14 1722.65 1497.97 1490.11 1436.72 1436.3 1344.49 1342.17 1268.66 1264.82 1220.8 1165.95 1732.2 1146.61 1097.94 1571.02 1094.18
threshold=6.8928571428571432 29.500000000000004 1.892857142857143 13.785714285714286 37.214285714285722 3.6428571428571437 0.6428571428571429 78.500000000000014 2.5000000000000004 7.5000000000000009 43.500000000000007 31.214285714285719 0.043849315068493329 17.500000000000004 5.5000000000000009 2.5000000000000004 10.500000000000002 2.5000000000000004 2.5000000000000004 0.90500000000000014 7.5000000000000009 1.0000000180025095e-35 1.0000000180025095e-35 1.0000000180025095e-35 -1.0000000180025095e-35 1.0000000180025095e-35 46.500000000000007 35.500000000000007 27.500000000000004 2.5000000000000004
decision_type=2 2 2 2 2 2 2 2 2 2 2 2 2 2 2 2 2 2 2 2 2 2 2 2 2 2 2 2 2 2
left_child=2 3 6 9 10 19 22 17 12 21 16 14 -5 20 -10 -7 24 23 -8 -4 -11 -2 -1 26 25 -3 -6 -26 -29 -13
right_child=1 4 5 8 7 15 18 -9 11 13 -12 29 -14 -15 -16 -17 -18 -19 -20 -21 -22 -23 -24 -25 27 -27 -28 28 -30 -31
leaf_value=-0.016499908230138926 -0.015919169959666697 0.029295803721197444 0.047707736362331665 0.284602901997486 0.3432002651691437 0.071152993635294468 0.0085794911559214041 1.1409445117501651 0.0043055466794665312 0.08135195333643766 0.69421660057627244 0.7338571002086004 0.74685822948813441 0.22795153784226968 0.18780663035492534 0.041346158634517793 0.083725066912376286 0.51928608712750945 -0.0038116232274019927 0.014660675719740982 0.14097377588380608 0.079189374447292751 -0.0096069660318875965 1.0506548157444706 0.2995139626820395 0.54467298997485114 0.8511237850785256 0.61241543653364083 0.30950373060952285 0.3255281164844831
leaf_weight=109408 393 56 3377 726 20 5917 32854 34 138 1623 52 21 24 440 1747 14655 59 174 81156 34732 2256 3252 169899 27 163 23 25 98 76 75
leaf_count=109408 393 56 3377 726 20 5917 32854 34 138 1623 52 21 24 440 1747 14655 59 174 81156 34732 2256 3252 169899 27 163 23 25 98 76 75
internal_value=5.79499e-07 0.153706 -0.00391076 0.130407 0.462484 0.0289232 -0.00880944 0.663063 0.21716 0.100658 0.355914 0.186026 0.299395 0.12743 0.174373 0.0499193 0.318879 0.597014 -0.000240904 0.0175891 0.116028 0.0689349 -0.012307 0.784858 0.35223 0.179342 0.62538 0.392759 0.480109 0.41485
internal_weight=463500 11502 451998 10695 807 58681 393317 280 2731 7964 527 1981 750 4319 1885 20572 475 246 114010 38109 3879 3645 279307 72 416 79 45 337 174 96
internal_count=463500 11502 451998 10695 807 58681 393317 280 2731 7964 527 1981 750 4319 1885 20572 475 246 114010 38109 3879 3645 279307 72 416 79 45 337 174 96
is_linear=0
shrinkage=0.05


Tree=27
num_leaves=31
num_cat=1
split_feature=13 13 13 9 15 15 11 9 12 1 13 9 0 9 15 10 16 9 2 8 1 16 11 1 11 1 1 12 12 14
split_gain=100928 38878.2 18001.4 10957.6 7925.29 5015.19 4413.28 3674.73 2794.59 2308.52 2128.23 2045.38 1999.71 2376.48 2695.12 1782.36 1663.14 1633.78 1535.3 1500.23 2647.39 1959.41 1483.89 1440.51 1426.59 1375.75 1344.69 1251.58 1128.69 1089.49
threshold=5.2142857142857153 18.500000000000004 1.2142857142857146 48.500000000000007 10.125000000000002 2.7678571428571432 73.500000000000014 25.500000000000004 39.500000000000007 2.5000000000000004 0.2142857142857143 14.500000000000002 0 18.500000000000004 3.660714285714286 35.500000000000007 0.72000000000000008 5.5000000000000009 8.5000000000000018 1.0000000180025095e-35 1.5000000000000002 0.72000000000000008 21.500000000000004 2.5000000000000004 31.500000000000004 2.5000000000000004 2.5000000000000004 23.500000000000004 15.500000000000002 24.535714285714288
decision_type=2 2 2 2 2 2 2 2 2 2 2 2 1 2 2 2 2 2 2 2 2 2 2 2 2 2 2 2 2 2
left_child=2 4 10 7 12 23 8 17 24 -10 -1 -6 13 25 -15 19 -13 18 -3 21 -21 -9 -19 -4 29 -2 -7 -23 -18 -5
right_child=1 3 5 6 11 26 -8 15 9 -11 -12 16 -14 14 -16 -17 28 22 -20 20 -22 27 -24 -25 -26 -27 -28 -29 -30 -31
leaf_value=-0.014122335559708888 0.10270705735488228 -0.11321539083728567 0.019263882229786644 0.53405367240987045 0.12650077520976041 0.052923252343738174 1.2066553079312847 -0.097600935654980792 1.2068906291671422 0.62162637422009126 -0.0063336379080749135 0.42284048292558735 0.024475203372218798 0.74865897304632456 0.17464028566304979 0.50460840067188995 0.15140780350540359 0.19303961960901098 0.32027611076831819 0.93968465768772624 0.36172008193977234 0.22703871007088103 0.32141686827945776 0.0032242259809835121 0.61409702671898736 0.064311674280276315 0.026859880792246795 0.46807226509046862 0.25131277700082083 0.1014465363219727
leaf_weight=166695 3263 64 19664 22 2375 6948 31 35 23 63 185091 82 2007 22 290 190 731 570 30 23 143 174 372 48580 45 8186 17199 78 461 43
leaf_count=166695 3263 64 19664 22 2375 6948 31 35 23 63 185091 82 2007 22 290 190 731 570 30 23 143 174 372 48580 45 8186 17199 78 461 43
internal_value=5.50506e-07 0.111865 -0.00486588 0.326258 0.0884032 0.0147754 0.652304 0.282177 0.564626 0.778151 -0.0100243 0.153918 0.0710395 0.0788977 0.215116 0.376069 0.205029 0.223902 0.025133 0.322157 0.4418 0.252956 0.243736 0.00784593 0.397689 0.0752545 0.0343593 0.301644 0.190046 0.247867
internal_weight=463500 19323 444177 1906 17417 92391 227 1679 196 86 351786 3649 13768 11761 312 643 1274 1036 94 453 166 287 942 68244 110 11449 24147 252 1192 65
internal_count=463500 19323 444177 1906 17417 92391 227 1679 196 86 351786 3649 13768 11761 312 643 1274 1036 94 453 166 287 942 68244 110 11449 24147 252 1192 65
cat_boundaries=0 1
cat_threshold=39
is_linear=0
shrinkage=0.05


Tree=28
num_leaves=31
num_cat=1
split_feature=13 13 13 9 14 15 1 15 9 10 15 0 9 9 12 1 9 1 12 15 12 9 8 16 1 1 1 12 1 9
split_gain=91324 30471.3 20430.3 9133.15 6319.62 4641.26 4004.04 3208.37 2633.03 3225.32 2282.25 2164 2084.31 2016.54 1951.82 1899.61 1831.55 1723.14 1572.87 1448.51 1317 1301.93 1179.33 2031.3 1486.74 1130.08 1107.37 1077.71 1042.67 1030.12
threshold=6.2142857142857153 19.928571428571434 1.642857142857143 48.500000000000007 11.607142857142859 3.1964285714285716 2.5000000000000004 0.5892857142857143 14.500000000000002 35.500000000000007 39.928571428571438 0 1.0000000180025095e-35 59.500000000000007 7.5000000000000009 2.5000000000000004 18.500000000000004 3.5000000000000004 10.500000000000002 4.7678571428571432 8.5000000000000018 36.500000000000007 1.0000000180025095e-35 0.72000000000000008 1.5000000000000002 2.5000000000000004 6.5000000000000009 13.500000000000002 2.5000000000000004 1.5000000000000002
decision_type=2 2 2 2 2 2 2 2 2 2 2 1 2 2 2 2 2 2 2 2 2 2 2 2 2 2 2 2 2 2
left_child=2 4 7 8 11 28 13 -1 -3 22 -8 -2 -6 -5 17 -14 20 -11 29 -18 -13 26 23 -10 -24 -9 -17 -16 -4 -7
right_child=1 3 5 6 12 18 10 25 9 14 -12 16 15 -15 27 21 19 -19 -20 -21 -22 -23 24 -25 -26 -27 -28 -29 -30 -31
leaf_value=-0.011511536198365944 0.013194252434485788 0.14253879959542645 0.024008611327800716 0.64302533834296116 -0.10261856761493096 0.014814303872401915 0.29178683289998697 0.0063095603348377084 -0.093665164417546742 1.0698431062309639 0.68240692325880836 0.068271050654302265 0.2306957527600606 1.166769925877452 0.055347100384533415 0.11957343351299113 0.48976964957423902 0.46421015908320745 0.086611271188848205 0.16325323504133848 0.11056343882266628 0.51634188119484026 0.63987287016291372 0.25348417122905847 0.30529216262821762 -0.0046622311392231488 0.21025172429529171 0.44074437453960763 0.0075497147814091508 0.042326896343048752
leaf_weight=266157 1138 275 13521 34 73 4346 79 32983 46 23 71 5511 854 40 20 1650 38 24 1688 320 2764 23 38 502 263 81361 423 195 33373 15667
leaf_count=266157 1138 275 13521 34 73 4346 79 32983 46 23 71 5511 854 40 20 1650 38 24 1688 320 2764 23 38 502 263 81361 423 195 33373 15667
internal_value=5.49363e-07 0.123927 -0.0039742 0.328932 0.0981296 0.0211429 0.625159 -0.00850219 0.281057 0.315344 0.47668 0.0785834 0.161307 0.926131 0.4687 0.167838 0.0870868 0.760584 0.0402617 0.197911 0.0823975 0.142227 0.268018 0.224344 0.347532 -0.00149737 0.138077 0.404893 0.0122953 0.0363523
internal_weight=463500 14404 449096 1610 12794 68595 224 380501 1386 1111 150 9771 3023 74 262 2950 8633 47 21701 358 8275 2096 849 548 301 114344 2073 215 46894 20013
internal_count=463500 14404 449096 1610 12794 68595 224 380501 1386 1111 150 9771 3023 74 262 2950 8633 47 21701 358 8275 2096 849 548 301 114344 2073 215 46894 20013
cat_boundaries=0 1
cat_threshold=8
is_linear=0
shrinkage=0.05


Tree=29
num_leaves=31
num_cat=0
split_feature=14 9 15 13 13 14 9 9 1 12 12 9 12 9 17 11 9 1 2 1 14 1 14 12 9 10 13 17 15 14
split_gain=82469.8 24619.2 21663.1 8559.16 4998.87 4130.19 3434.3 2889.89 2393.97 2426.38 2234.88 2199.44 1968.24 1772.31 1666.95 1621.71 1533.57 2146.7 1453.26 1262.48 1173.12 1161.39 1087.09 1086.52 1068.95 1063.88 1253.23 1392.61 1067.22 1042.31
threshold=6.8928571428571432 30.500000000000004 2.0892857142857149 13.785714285714286 37.214285714285722 0.67857142857142871 1.5000000000000002 78.500000000000014 2.5000000000000004 51.500000000000007 6.5000000000000009 7.5000000000000009 43.500000000000007 5.5000000000000009 0.043849315068493329 7.5000000000000009 13.500000000000002 4.5000000000000009 10.500000000000002 2.5000000000000004 39.250000000000007 2.5000000000000004 1.0000000180025095e-35 17.500000000000004 1.0000000180025095e-35 23.500000000000004 28.785714285714288 -1.0000000180025095e-35 17.910714285714288 34.357142857142868
decision_type=2 2 2 2 2 2 2 2 2 2 2 2 2 2 2 2 2 2 2 2 2 2 2 2 2 2 2 2 2 2
left_child=2 3 5 11 12 22 -4 29 14 13 21 24 18 -10 -5 -13 19 -18 25 -7 -15 -8 -1 -17 -2 26 27 -3 -27 -6
right_child=1 4 6 8 7 16 10 -9 9 -11 -12 15 -14 20 -16 23 17 -19 -20 -21 -22 -23 -24 -25 -26 28 -28 -29 -30 -31
leaf_value=-0.015919976637046317 -0.020000182760244661 0.068663714632538023 0.007693484859380555 0.24953190038709755 0.81051419840918659 0.0087261614733106785 0.046246417338290637 1.0105944033054743 -0.014714522528751143 0.65934916952004041 0.063809929029415666 0.073019643933546027 0.6151876897240679 0.16216695299078387 0.65680306850431069 0.12301035529742024 0.030831394992059186 0.63176130918057072 0.027037180134770918 -0.00277914795334337 0.50703151786327361 0.024112067444758061 -0.0087460057440569925 0.21887729897917085 0.067302109254879158 0.71698925423622129 -0.024447920090622372 0.36987192795041107 0.35654095335499103 0.48066405557658315
leaf_weight=70037 393 51 15496 746 27 33491 8208 34 145 24 5969 1725 48 1811 26 2261 42 23 51 82771 25 21319 214642 340 3252 25 36 155 115 212
leaf_count=70037 393 51 15496 746 27 33491 8208 34 145 24 5969 1725 48 1811 26 2261 42 23 51 82771 25 21319 214642 340 3252 25 36 155 115 212
internal_value=5.36134e-07 0.132214 -0.00336389 0.112839 0.408397 -0.00726724 0.0273324 0.579285 0.188433 0.159626 0.0359059 0.0865023 0.311407 0.153572 0.263248 0.110611 0.000670871 0.243468 0.277731 0.000535128 0.166863 0.030265 -0.010511 0.135542 0.0578893 0.311201 0.247735 0.295301 0.420907 0.517927
internal_weight=463500 11502 451998 10748 754 401006 50992 273 2777 2005 35496 7971 481 1981 772 4326 116327 65 433 116262 1836 29527 284679 2601 3645 382 242 206 140 239
internal_count=463500 11502 451998 10748 754 401006 50992 273 2777 2005 35496 7971 481 1981 772 4326 116327 65 433 116262 1836 29527 284679 2601 3645 382 242 206 140 239
is_linear=0
shrinkage=0.05


Tree=30
num_leaves=31
num_cat=1
split_feature=13 13 13 9 12 11 15 9 9 0 12 1 13 11 15 9 8 1 16 15 9 9 2 11 11 16 10 9 16 11
split_gain=75009.4 28731.3 13456.5 8173.69 5968.17 3721.4 3716.53 2782.58 2545.72 2369.2 2313.93 1980.12 1684.81 1603 1406.71 1583.14 1398.14 2211.51 2197.23 1507.66 1353.99 1312.86 1390.98 1241.31 1187.24 1183.97 1127.96 1109.41 1106.66 1193.51
threshold=5.2142857142857153 18.500000000000004 1.2142857142857146 48.500000000000007 14.500000000000002 73.500000000000014 2.7678571428571432 25.500000000000004 9.5000000000000018 0 39.500000000000007 2.5000000000000004 1.0000000180025095e-35 24.500000000000004 3.2321428571428577 17.500000000000004 1.0000000180025095e-35 1.5000000000000002 0.72000000000000008 16.232142857142861 10.500000000000002 5.5000000000000009 8.5000000000000018 21.500000000000004 31.500000000000004 1.2050000000000003 21.500000000000004 1.5000000000000002 0.72000000000000008 16.500000000000004
decision_type=2 2 2 2 2 2 2 2 2 1 2 2 2 2 2 2 2 2 2 2 2 2 2 2 2 2 2 2 2 2
left_child=2 4 12 7 8 10 -4 21 27 13 24 -12 -1 14 15 -10 18 -18 19 -9 -6 22 -3 -23 -5 26 -19 -2 29 -8
right_child=1 3 6 5 20 -7 28 16 9 -11 11 -13 -14 -15 -16 -17 17 25 -20 -21 -22 23 -24 -25 -26 -27 -28 -29 -30 -31
leaf_value=-0.013799894297518187 0.0077302318179282353 -0.11790615855716169 0.0068217668514321669 0.19324786122028645 0.11329129851287406 1.0713864141414244 0.04983272921391399 0.21586783531567325 0.19121532784474474 0.046836796032831841 1.0731991861177528 0.53115976483575877 -0.0063276562276492407 0.31237382568836769 0.10950830691708234 0.69351573331015448 0.80317517220973977 0.28251208137524758 0.30968577151397869 -0.37010133748962765 0.19272788831463625 0.16337203292535585 0.29470732159912588 0.28078783195595991 0.5273444241947598 0.2411558831706643 0.63946300261425526 0.057611624903844832 0.025381695569414726 0.19151411385526165
leaf_weight=109558 1267 64 68244 65 1039 31 3151 23 62 1667 23 63 242228 107 2872 21 33 38 375 21 1109 570 30 372 45 100 53 9273 20840 156
leaf_count=109558 1267 64 68244 65 1039 31 3151 23 62 1667 23 63 242228 107 2872 21 33 38 375 21 1109 570 30 372 45 100 53 9273 20840 156
internal_value=5.09131e-07 0.0964375 -0.00419478 0.280742 0.0762685 0.56234 0.0127869 0.24267 0.0652907 0.09577 0.481828 0.676124 -0.00865476 0.121859 0.115373 0.318303 0.324374 0.425211 0.270465 -0.0637993 0.154304 0.19196 0.013779 0.20974 0.329924 0.359909 0.490407 0.0516154 0.0296457 0.0565162
internal_weight=463500 19323 444177 1906 17417 227 92391 1679 15269 4729 196 86 351786 3062 2955 83 643 224 419 44 2148 1036 94 942 110 191 91 10540 24147 3307
internal_count=463500 19323 444177 1906 17417 227 92391 1679 15269 4729 196 86 351786 3062 2955 83 643 224 419 44 2148 1036 94 942 110 191 91 10540 24147 3307
cat_boundaries=0 1
cat_threshold=5
is_linear=0
shrinkage=0.05


Tree=31
num_leaves=31
num_cat=1
split_feature=13 14 14 9 12 1 15 9 9 10 9 15 12 9 1 17 11 11 2 9 9 12 9 11 9 16 15 1 16 0
split_gain=67697.7 25969.2 12255.9 10031.8 3801.04 2994.05 2611.59 2545.51 2384.25 2088.55 1764.73 1763.48 1705.95 1458.85 1407.32 1350.36 1332.16 1586.41 1691.81 1307.95 1287.22 1261.43 3620.18 1264.03 1198.09 1163.58 1339.33 1129.76 991.789 990.718
threshold=5.2142857142857153 16.178571428571434 1.3214285714285718 48.500000000000007 8.5000000000000018 2.5000000000000004 3.1964285714285716 23.500000000000004 59.500000000000007 50.500000000000007 9.5000000000000018 0.30357142857142866 56.500000000000007 3.5000000000000004 3.5000000000000004 -1.0000000180025095e-35 30.500000000000004 12.500000000000002 5.0000000000000009 2.5000000000000004 32.500000000000007 1.0000000180025095e-35 26.500000000000004 1.0000000180025095e-35 1.0000000180025095e-35 0.90500000000000014 9.1607142857142865 2.5000000000000004 1.9500000000000002 0
decision_type=2 2 2 2 2 2 2 2 2 2 2 2 2 2 2 2 2 2 2 2 2 2 2 2 2 2 2 2 2 1
left_child=2 4 11 7 19 8 27 13 -5 15 -6 -1 14 28 -11 -9 17 -7 -19 -2 -12 22 29 -24 -8 26 -26 -4 -3 -21
right_child=1 3 6 5 10 16 24 9 -10 12 20 -13 -14 -15 -16 -17 -18 18 -20 21 -22 -23 23 -25 25 -27 -28 -29 -30 -31
leaf_value=-0.011370184505915785 0.01201939906972407 -0.095922079994343226 0.019063483768440134 0.52258093936102734 0.078066890667709485 0.60938627052874805 2.2598179652421218e-05 0.076835176613061662 1.0910348706902602 0.90494980113259682 0.1309531481385082 -0.0043833982771535138 0.13764608854597266 0.18593886809287577 0.43081897647832251 0.28104446101695302 0.55929735606086672 -0.23846441109975181 0.40409379437565801 0.13089109900682031 0.43638114157531949 0.052160756480028762 0.76679654854994561 0.24524063242244579 0.06293563037153288 0.029832192483877674 0.35469920729054139 0.0045166169844575539 0.23343634235206992 0.046774124392879493
leaf_weight=184946 1671 80 18779 35 3006 21 2754 93 39 29 2398 176508 22 1356 34 625 87 21 20 699 35 8202 26 21 2362 12644 40 46144 32 771
leaf_count=184946 1671 80 18779 35 3006 21 2754 93 39 29 2398 176508 22 1356 34 625 87 21 20 699 35 8202 26 21 2362 12644 40 46144 32 771
internal_value=5.34289e-07 0.0916168 -0.00398504 0.242189 0.0693026 0.562201 0.0133761 0.210765 0.822172 0.282339 0.10369 -0.00795834 0.516701 0.171614 0.64907 0.254594 0.433088 0.255988 0.0749786 0.052882 0.135347 0.0599076 0.101792 0.533761 0.0303428 0.0358926 0.0677943 0.0087243 -0.00181967 0.0879812
internal_weight=463500 19323 444177 2494 16829 223 82723 2271 74 803 5439 361454 85 1468 63 718 149 62 41 11390 2433 9719 1517 47 17800 15046 2402 64923 112 1470
internal_count=463500 19323 444177 2494 16829 223 82723 2271 74 803 5439 361454 85 1468 63 718 149 62 41 11390 2433 9719 1517 47 17800 15046 2402 64923 112 1470
cat_boundaries=0 1
cat_threshold=4
is_linear=0
shrinkage=0.05


Tree=32
num_leaves=31
num_cat=0
split_feature=13 13 9 15 15 15 14 12 1 12 14 17 9 12 9 1 5 1 1 9 14 9 1 15 17 9 1 12 9 11
split_gain=61351.7 24519.5 12420.8 5190.74 3924.6 3853.42 3006.23 2234.25 2062.03 1948.85 1640.4 1553.06 1545.68 1529.09 2403.93 1472.94 3010.76 1466.99 1406.69 1402.9 1355.54 1609.67 1335.01 1293.56 1185.73 1326.24 1103.15 1074.89 1072.18 1037.95
threshold=10.785714285714286 2.9285714285714293 37.500000000000007 1.0892857142857146 21.517857142857146 6.4107142857142874 50.892857142857146 4.5000000000000009 2.5000000000000004 21.500000000000004 3.8214285714285716 -1.0000000180025095e-35 1.0000000180025095e-35 18.500000000000004 59.500000000000007 6.5000000000000009 1.0000000180025095e-35 3.5000000000000004 2.5000000000000004 39.500000000000007 19.607142857142861 5.5000000000000009 2.5000000000000004 0.16071428571428573 0.020635616438356322 23.500000000000004 2.5000000000000004 7.5000000000000009 68.000000000000014 1.0000000180025095e-35
decision_type=2 2 2 2 2 2 2 2 2 2 2 2 2 2 2 2 2 2 2 2 2 2 2 2 2 2 2 2 2 2
left_child=1 3 4 23 8 18 13 -6 24 -8 -7 -9 -5 28 19 -10 -17 -16 -3 -15 -13 -22 -23 -1 -2 -26 -14 -12 29 -4
right_child=2 5 6 12 7 10 9 11 15 -11 27 20 26 14 17 16 -18 -19 -20 -21 21 22 -24 -25 25 -27 -28 -29 -30 -31
leaf_value=-0.012281852063972134 0.16817071692924429 0.045941614290418799 0.58282564930293868 -0.0041452939021300169 0.60577759437617806 0.50009479406713087 1.0957903476431967 -0.16496357570091885 0.086648897298405192 0.54842644994115008 0.049248653381516003 0.63975874724842263 0.021849087955982179 0.62242092928952641 1.0549518473954362 0.1969917922265334 -0.38641998780810316 0.46327965557575229 0.021922210370412309 0.2675431983276626 -0.088663732159782113 0.36539886221082679 0.20343626663646736 -0.005823433826099296 0.2544783045777253 0.71615617662668241 0.0062414972914220934 0.087154241266841084 -0.10665225996857597 0.21065270559917582
leaf_weight=118870 1079 8579 23 25016 42 22 20 24 2372 87 3840 21 16109 36 22 574 23 20 21057 123 37 180 434 222938 70 20 38094 3646 21 101
leaf_count=118870 1079 8579 23 25016 42 22 20 24 2372 87 3840 21 16109 36 22 574 23 20 21057 123 37 180 434 222938 70 20 38094 3646 21 101
internal_value=6.99243e-07 -0.00196116 0.168675 -0.00539675 0.145408 0.0369812 0.419116 0.251627 0.126464 0.650737 0.0689773 0.230256 0.00613529 0.347488 0.436764 0.104317 0.174515 0.773203 0.0288753 0.347893 0.244371 0.231617 0.250917 -0.00806947 0.182714 0.357073 0.01088 0.0677103 0.223733 0.279685
internal_weight=463500 458171 5329 421027 4876 37144 453 738 4138 107 7508 696 79219 346 201 2969 597 42 29636 159 672 651 614 341808 1169 90 54203 7486 145 124
internal_count=463500 458171 5329 421027 4876 37144 453 738 4138 107 7508 696 79219 346 201 2969 597 42 29636 159 672 651 614 341808 1169 90 54203 7486 145 124
is_linear=0
shrinkage=0.05


Tree=33
num_leaves=31
num_cat=1
split_feature=13 14 15 9 9 11 14 0 9 9 10 9 15 15 12 12 12 16 8 1 1 1 15 11 13 12 11 11 2 9
split_gain=55549.4 21299.2 10046 8286.18 3198.37 2719.49 3218.66 2647.31 2326.42 2153.63 2379.58 1959.12 1948.46 1732.62 1687.7 1631.92 1192.82 1188.65 2107.81 1476.6 1157.76 1122.2 1766.55 1050.58 1540.94 1004.9 949.178 936.489 1179.39 928.259
threshold=5.2142857142857153 16.178571428571434 1.6250000000000002 48.500000000000007 10.500000000000002 73.500000000000014 24.535714285714288 0 1.0000000180025095e-35 11.500000000000002 47.500000000000007 32.500000000000007 0.55357142857142871 39.928571428571438 7.5000000000000009 5.5000000000000009 7.5000000000000009 0.72000000000000008 1.0000000180025095e-35 2.5000000000000004 1.5000000000000002 2.5000000000000004 7.3392857142857144 50.500000000000007 42.500000000000007 18.500000000000004 47.500000000000007 1.5000000000000002 3.5000000000000004 1.5000000000000002
decision_type=2 2 2 2 2 2 2 1 2 2 2 2 2 2 2 2 2 2 2 2 2 2 2 2 2 2 2 2 2 2
left_child=2 4 12 9 16 6 -5 11 -4 -3 17 20 -1 25 -12 21 29 18 -11 26 27 22 -10 24 -16 -8 -19 28 -6 -2
right_child=1 3 8 5 7 -7 13 -9 15 10 14 -13 -14 -15 23 -17 -18 19 -20 -21 -22 -23 -24 -25 -26 -27 -28 -29 -30 -31
leaf_value=-0.0091237952369088871 -0.0069350239134868714 0.092573734348271888 -0.0035843623402269779 0.98166742299993848 0.67641265218456592 0.94473477803891714 -0.015059409383684398 0.032824786277155259 0.028474814614554353 -0.1126763638914437 0.82989372866494326 0.35253358471594498 -0.0014672406420985109 0.52906912624100111 0.28084134132254363 0.042384899365795425 0.071617056005965588 0.26778539749672614 0.35378402622623578 0.17942032034094779 0.10256042020091212 0.011228741288648746 0.44107344467909293 0.10949425907695996 0.74797696228380561 0.33734045382250444 0.56838112910097283 0.16500332090281153 0.13991797376424073 0.044703046636998707
leaf_weight=258826 990 448 13409 24 21 31 32 1180 11716 74 21 89 122383 81 51 6935 4056 423 36 1129 2829 30882 26 34 27 55 28 446 20 7198
leaf_count=258826 990 448 13409 24 21 31 32 1180 11716 74 21 89 122383 81 51 6935 4056 423 36 1129 2829 30882 26 34 27 55 28 446 20 7198
internal_value=6.64354e-07 0.0829906 -0.00360964 0.219353 0.0627821 0.510194 0.440034 0.0984024 0.014892 0.190794 0.214932 0.120677 -0.00666574 0.362657 0.418563 0.0198911 0.0494435 0.198906 0.0399834 0.209971 0.114818 0.0162313 0.0293884 0.341438 0.442542 0.207722 0.286448 0.186026 0.414708 0.0384596
internal_weight=463500 19323 444177 2494 16829 223 192 4585 62968 2271 1823 3405 381209 168 133 49559 12244 1690 110 1580 3316 42624 11742 112 78 87 451 487 41 8188
internal_count=463500 19323 444177 2494 16829 223 192 4585 62968 2271 1823 3405 381209 168 133 49559 12244 1690 110 1580 3316 42624 11742 112 78 87 451 487 41 8188
cat_boundaries=0 1
cat_threshold=7
is_linear=0
shrinkage=0.05


Tree=34
num_leaves=31
num_cat=0
split_feature=15 15 9 10 9 9 9 12 9 1 11 13 9 16 13 1 5 15 2 12 1 12 15 14 1 10 10 15 15 15
split_gain=50284.7 14643.5 14387.9 4988.71 3365.54 3022.82 2971.92 2843.76 2453.2 1853.49 2305.92 1621.7 1616.4 1647.94 1522.99 1439.48 1296.8 1272.95 1234.63 1231.86 1120.46 1105.25 1059.69 1000.31 1190.33 1489.35 1834.48 991.445 988.944 988.503
threshold=7.3392857142857144 2.2321428571428577 23.500000000000004 35.500000000000007 9.5000000000000018 78.500000000000014 1.0000000180025095e-35 48.500000000000007 3.5000000000000004 2.5000000000000004 1.5000000000000002 17.785714285714288 1.0000000180025095e-35 2.7350000000000008 4.2142857142857153 6.5000000000000009 1.0000000180025095e-35 14.875000000000002 3.5000000000000004 62.500000000000007 2.5000000000000004 18.500000000000004 24.375000000000004 21.392857142857146 6.5000000000000009 64.500000000000014 73.500000000000014 10.339285714285717 13.839285714285717 0.91071428571428592
decision_type=2 2 2 2 2 2 2 2 2 2 2 2 2 2 2 2 2 2 2 2 2 2 2 2 2 2 2 2 2 2
left_child=1 6 4 7 12 23 -1 18 -3 10 -6 20 13 -2 29 -11 28 -12 -4 -9 -10 -14 -15 -5 25 -25 -27 -20 -17 -8
right_child=2 8 3 5 9 -7 14 19 11 15 17 -13 21 22 -16 16 -18 -19 27 -21 -22 -23 -24 24 -26 26 -28 -29 -30 -31
leaf_value=-0.0083743623791532173 -0.0677512940312988 0.013609550824760631 0.26455199811651531 0.72864654511213311 0.61834292486310005 0.9667379004259905 -0.0032441771059146546 0.75593715886934665 0.052962315509249472 0.079696452172978161 0.12798711696900181 0.44713844241341577 0.058297535911796074 0.37352427616715433 0.11322122591105213 0.1260551083426405 -0.17873916557201974 0.23876484954426933 -0.026196945635111709 0.27621193440712016 0.028172217915032018 0.14472185381340336 -0.04073333006638747 0.27367643048697049 0.66347805840273699 0.93095538389115107 0.34865037987106728 0.16723740712426832 0.25888461733560647 0.0057344279298616307
leaf_weight=280300 406 26738 318 20 28 24 71295 32 6622 2304 908 24 3407 38 301 331 26 363 76 23 14624 415 26 225 30 21 38 516 243 53778
leaf_count=280300 406 26738 318 20 28 24 71295 32 6622 2304 908 24 3407 38 301 331 26 363 76 23 14624 415 26 225 30 21 38 516 243 53778
internal_value=6.66413e-07 -0.00242203 0.111952 0.265328 0.0880649 0.424735 -0.00551221 0.206191 0.0236904 0.119868 0.169513 0.0363629 0.0569215 -0.0305791 0.000886723 0.0976607 0.166643 0.159625 0.185089 0.555325 0.0358989 0.0676817 0.205232 0.385788 0.36395 0.33231 0.555911 0.142405 0.182288 0.00061638
internal_weight=463500 453682 9818 1323 8495 358 405674 965 48008 4203 1299 21270 4292 470 125374 2904 600 1271 910 55 21246 3822 64 334 314 284 59 592 574 125073
internal_count=463500 453682 9818 1323 8495 358 405674 965 48008 4203 1299 21270 4292 470 125374 2904 600 1271 910 55 21246 3822 64 334 314 284 59 592 574 125073
is_linear=0
shrinkage=0.05


Tree=35
num_leaves=31
num_cat=1
split_feature=13 13 13 9 12 12 15 16 11 1 9 10 15 9 0 11 13 15 9 12 13 12 14 16 16 11 1 9 1 14
split_gain=45608.6 17461.2 8349.62 5208.92 4052.37 2580.67 2368.9 2310.66 2525.44 2303.72 1629.19 2104.2 1621.49 1609.53 1692.62 1251.34 1233.37 1217.97 1499.14 1131.65 1136.84 1125.16 1456.11 1015.22 948.591 948.382 882.328 876.448 858.63 812.765
threshold=5.2142857142857153 18.500000000000004 1.2142857142857146 62.500000000000007 14.500000000000002 39.500000000000007 2.7678571428571432 0.9850000000000001 10.500000000000002 2.5000000000000004 15.500000000000002 35.500000000000007 8.2678571428571441 7.5000000000000009 0 24.500000000000004 1.0000000180025095e-35 3.2321428571428577 17.500000000000004 56.500000000000007 50.642857142857146 7.5000000000000009 28.892857142857146 0.72000000000000008 0.9850000000000001 16.500000000000004 2.5000000000000004 10.500000000000002 2.5000000000000004 40.785714285714299
decision_type=2 2 2 2 2 2 2 2 2 2 2 2 2 2 1 2 2 2 2 2 2 2 2 2 2 2 2 2 2 2
left_child=2 4 16 5 13 10 28 -7 -9 -5 -3 12 -12 -2 15 17 -1 18 -15 -10 29 22 -13 -17 25 -8 -19 -6 -4 -21
right_child=1 3 6 9 27 7 24 8 19 -11 11 21 -14 14 -16 23 -18 26 -20 20 -22 -23 -24 -25 -26 -27 -28 -29 -30 -31
leaf_value=-0.011186090730919758 0.035619573322624838 0.085821867612386624 0.014158800891105678 0.90651160908095985 0.090781077255761122 -0.077886282386524341 0.036345028074034828 0.92585176570074901 0.4550189508829971 0.39721812313364357 0.61869478158652791 0.22685758705650058 0.16374360707258487 0.15784390399906231 0.035495052967989549 0.53413723471264052 -0.0047928308322633395 0.11426682091094731 0.62511285171799713 0.22761907851029384 0.47654007800987791 0.28160055697359371 0.76609333138312063 0.17368748836574099 0.017587731841707085 0.14083876724334229 0.063384678773655598 0.15469224292783251 0.0017753815405488255 -0.15997493380591984
leaf_weight=109558 8333 380 19664 34 1039 28 6217 21 111 64 20 21 944 94 2564 24 242228 1202 21 38 28 165 31 105 17705 225 2926 1109 48580 21
leaf_count=109558 8333 380 19664 34 1039 28 6217 21 111 64 20 21 944 94 2564 24 242228 1202 21 38 28 165 31 105 17705 225 2926 1109 48580 21
internal_value=6.33088e-07 0.0751992 -0.00327072 0.218879 0.0594758 0.199635 0.010106 0.349807 0.404489 0.573912 0.175873 0.204847 0.173182 0.05043 0.0682234 0.0871368 -0.00678391 0.0826719 0.243171 0.349193 0.214174 0.345516 0.548325 0.240748 0.0235655 0.0399947 0.0782007 0.123778 0.00534357 0.0896619
internal_weight=463500 19323 444177 1906 17417 1808 92391 247 219 98 1561 1181 964 15269 6936 4372 351786 4243 115 198 87 217 52 129 24147 6442 4128 2148 68244 59
internal_count=463500 19323 444177 1906 17417 1808 92391 247 219 98 1561 1181 964 15269 6936 4372 351786 4243 115 198 87 217 52 129 24147 6442 4128 2148 68244 59
cat_boundaries=0 1
cat_threshold=5
is_linear=0
shrinkage=0.05


Tree=36
num_leaves=31
num_cat=0
split_feature=13 13 9 13 13 12 11 12 9 12 1 8 16 13 16 9 16 15 1 13 12 16 14 16 15 11 10 16 16 16
split_gain=41254.8 16719.9 8479.99 4427.74 2460.46 3304.23 2336.15 2092.71 1729.26 1427.95 2065.25 1286.88 2540.58 1331.84 1220.03 1191.59 1188.57 1318.56 1082.46 1081.98 1216.96 1081.24 1231.31 1465.48 1075.36 1064.68 1047.65 1021.39 1318.07 1001.93
threshold=10.785714285714286 3.5000000000000004 30.500000000000004 0.92857142857142871 45.785714285714292 1.5000000000000002 20.500000000000004 7.5000000000000009 1.5000000000000002 43.500000000000007 2.5000000000000004 1.0000000180025095e-35 0.39000000000000007 22.928571428571434 2.4750000000000005 1.5000000000000002 0.90500000000000014 9.1607142857142865 2.5000000000000004 18.214285714285719 11.500000000000002 1.1300000000000001 34.357142857142868 0.24000000000000002 16.732142857142861 10.500000000000002 19.500000000000004 6.9750000000000005 21.155000000000005 2.4750000000000005
decision_type=2 2 2 2 2 2 2 2 2 2 2 2 2 2 2 2 2 2 2 2 2 2 2 2 2 2 2 2 2 2
left_child=1 3 6 -1 9 -6 11 15 14 21 -11 -2 13 19 -8 -3 17 -5 -18 20 -13 22 23 24 -4 -9 -10 -14 -29 -23
right_child=2 7 4 16 5 -7 8 25 26 10 -12 12 27 -15 -16 -17 18 -19 -20 -21 -22 29 -24 -25 -26 -27 -28 28 -30 -31
leaf_value=-0.0069912802061609207 0.071697792070704355 0.00083739839454594674 0.2848688778552142 0.02512990437392279 1.0193038639814958 0.3754125102104357 -0.260618664706881 0.049626569799268792 0.13911538760759018 0.77882946868796421 0.2422732984131955 0.15122488376994928 0.10077041901061184 0.74985893666744241 0.21653467899277096 0.033152488836237691 0.011588773165122225 0.34698905144468883 0.0002006094985579493 0.023169027060270311 0.66753188800811769 -0.012356972988740897 0.073324354737997061 0.39482691446991847 -0.16049963352472887 0.098218110697895183 0.24087143067707945 0.50012811504696542 0.10411680502460359 0.21981471878126127
leaf_weight=322411 2323 3372 33 5675 23 149 37 5029 479 29 47 21 1022 20 21 18524 29323 32 72352 25 25 81 61 180 23 1453 536 38 47 109
leaf_count=322411 2323 3372 33 5675 23 149 37 5029 479 29 47 21 1022 20 21 18524 29323 32 72352 25 25 81 61 180 23 1453 536 38 47 109
internal_value=6.39749e-07 -0.00160812 0.138317 -0.00406246 0.296004 0.461514 0.113088 0.0355636 0.177677 0.24544 0.447012 0.0934053 0.135498 0.389455 -0.0878562 0.0281759 0.00473122 0.0269346 0.00348495 0.287933 0.431827 0.213983 0.273572 0.325331 0.10195 0.0605188 0.192851 0.114621 0.281157 0.120836
internal_weight=463500 458171 5329 429793 735 172 4594 28378 1073 563 76 3521 1198 91 58 21896 107382 5707 101675 71 46 487 297 236 56 6482 1015 1107 85 190
internal_count=463500 458171 5329 429793 735 172 4594 28378 1073 563 76 3521 1198 91 58 21896 107382 5707 101675 71 46 487 297 236 56 6482 1015 1107 85 190
is_linear=0
shrinkage=0.05


Tree=37
num_leaves=31
num_cat=2
split_feature=13 9 15 12 13 9 1 15 14 0 15 15 9 9 12 9 16 9 8 10 11 9 12 17 1 12 1 15 0 10
split_gain=37445.9 12295.4 9071.3 3736.41 3728.44 2182.99 2031.91 1841.25 2223.16 1803.91 2968.57 2241.31 1706.23 1543.36 1491.92 1486.12 1483.86 1438.77 1423.98 1243.14 1152.55 1071.45 1031.11 1016.92 1838.74 1042.32 988.766 965.918 934.719 833.705
threshold=6.5000000000000009 25.500000000000004 1.6607142857142858 14.500000000000002 38.071428571428577 1.0000000180025095e-35 2.5000000000000004 4.8035714285714297 2.2500000000000004 0 8.0535714285714306 10.517857142857144 59.500000000000007 1.0000000180025095e-35 22.500000000000004 4.5000000000000009 0.72000000000000008 13.500000000000002 1.0000000180025095e-35 39.500000000000007 20.500000000000004 56.500000000000007 62.500000000000007 -1.0000000180025095e-35 2.5000000000000004 17.500000000000004 3.5000000000000004 17.125000000000004 1 29.500000000000004
decision_type=2 2 2 2 2 2 2 2 2 1 2 2 2 2 2 2 2 2 2 2 2 2 2 2 2 2 2 2 1 2
left_child=2 3 13 15 9 -4 12 26 -9 10 16 -11 -6 -1 18 -2 -3 -15 23 -17 -21 27 29 -12 25 -25 -7 -16 -5 -8
right_child=1 4 5 28 6 7 22 8 -10 11 14 -13 -14 17 21 19 -18 -19 -20 20 -22 -23 -24 24 -26 -27 -28 -29 -30 -31
leaf_value=-0.0074149572291577889 0.014185916235557747 0.3293729380890727 -0.0036345073619122783 0.057894517345897234 0.43881959195952025 0.023449276155108899 0.60908696364473425 0.52231297070781391 0.040321958194219423 -0.12762307052410418 -0.062181220951570595 0.17964977863721732 0.92809854298830041 -0.00048497516679768754 0.603600202165544 0.061770520401241383 0.92443774803118284 0.29944171096198263 0.30698155559599405 0.10295850878151565 0.60782553687691687 0.65381151735782628 -0.0094948933883146815 0.54251255203743243 0.046195438892945001 0.12459102046489717 0.0087283001086467631 0.23956832515030371 0.13867512374996341 0.30598171288278742
leaf_weight=274388 1918 20 13288 500 49 20485 27 24 7549 93 81 164 28 108632 20 7764 22 40 100 26 20 20 22 37 138 25 25739 205 1934 142
leaf_count=274388 1918 20 13288 500 49 20485 27 24 7549 93 81 164 28 108632 20 7764 22 40 100 26 20 20 22 37 138 25 25739 205 1934 142
internal_value=6.07859e-07 0.0825097 -0.00244729 0.0674839 0.235689 0.0145136 0.399906 0.0189963 0.0418495 0.188111 0.230692 0.0658937 0.616739 -0.00541764 0.206843 0.0536213 0.641074 -0.000374578 0.144945 0.063306 0.322466 0.303101 0.312491 0.0872813 0.147814 0.373996 0.0152522 0.271927 0.122889 0.354407
internal_weight=463500 13355 450145 12162 1193 67085 268 53797 7573 925 668 257 77 383060 626 9728 42 108672 381 7810 46 245 191 281 200 62 46224 225 2434 169
internal_count=463500 13355 450145 12162 1193 67085 268 53797 7573 925 668 257 77 383060 626 9728 42 108672 381 7810 46 245 191 281 200 62 46224 225 2434 169
cat_boundaries=0 1 2
cat_threshold=4 33
is_linear=0
shrinkage=0.05


Tree=38
num_leaves=31
num_cat=2
split_feature=9 14 15 9 0 11 14 9 1 12 9 15 12 15 10 12 1 10 5 13 11 1 11 1 0 2 15 15 11 14
split_gain=34016.1 13488.4 7367.05 5378.95 2915.08 2094.7 2728.13 2066.97 1971.96 1942.09 1530.72 1918.76 1413.12 1361.81 1229.19 1261.18 1199.14 1733.26 1310.99 2854.47 1073.04 1055.44 1014.65 954.488 925.751 870.017 905.532 867.867 1103.99 970.811
threshold=6.5000000000000009 14.392857142857144 1.6250000000000002 48.500000000000007 0 73.500000000000014 24.535714285714288 1.0000000180025095e-35 2.5000000000000004 5.5000000000000009 13.500000000000002 2.6250000000000004 30.500000000000004 0.30357142857142866 8.5000000000000018 1.0000000180025095e-35 6.5000000000000009 45.500000000000007 1.0000000180025095e-35 28.357142857142858 31.500000000000004 1.5000000000000002 10.500000000000002 2.5000000000000004 1 11.500000000000002 31.571428571428573 22.339285714285719 14.500000000000002 40.785714285714299
decision_type=2 2 2 2 1 2 2 2 2 2 2 2 2 2 2 2 2 2 2 2 2 2 2 2 1 2 2 2 2 2
left_child=2 4 13 8 10 6 -5 -4 14 -9 21 -12 20 -1 -3 -16 18 25 -10 -20 -8 -2 -11 -15 -6 26 -18 28 -17 -29
right_child=1 3 7 5 24 -7 12 9 16 22 11 -13 -14 23 15 27 17 -19 19 -21 -22 -23 -24 -25 -26 -27 -28 29 -30 -31
leaf_value=-0.0083740328929723072 0.11057224418517986 -0.031002865620750067 -0.004062506619418425 0.80864102884575173 0.037521893176771737 0.78460783054751737 -0.14836940719135877 0.012953834405081469 0.087212790020831682 0.032226191596781424 0.41583088881098756 0.10418661835476586 0.37107575364947859 0.0031045428498925678 0.52567083639757983 0.046286195555458903 0.21470295608594392 0.61030642588933315 0.14385451742212524 0.79056747016452611 0.28557819561766729 0.050220357090827672 0.083591051879577508 -0.0046099313906677337 -0.0035232669542255104 -0.13307552065869624 -0.081708597977246555 0.34504503984961893 0.22405864961917407 -0.00025914635347283409
leaf_weight=184936 848 47 14301 27 4413 31 29 42859 1374 7988 51 1565 111 56300 35 115 323 24 91 21 28 4971 1093 139308 1998 22 28 177 363 23
leaf_count=184936 848 47 14301 27 4413 31 29 42859 1374 7988 51 1565 111 56300 35 115 323 24 91 21 28 4971 1093 139308 1998 22 28 177 363 23
internal_value=7.89364e-07 0.0700306 -0.00261915 0.168703 0.0495851 0.402828 0.342134 0.0127697 0.148683 0.0174042 0.0708758 0.114022 0.26716 -0.00529788 0.216664 0.23299 0.121245 0.198441 0.100621 0.265113 0.0647978 0.0590154 0.0384085 -0.00238955 0.0247445 0.17194 0.191058 0.217881 0.181289 0.305335
internal_weight=463500 16715 446785 2869 13846 226 195 66241 2643 51940 7435 1616 168 380544 760 713 1883 397 1486 112 57 5819 9081 195608 6411 373 351 678 478 200
internal_count=463500 16715 446785 2869 13846 226 195 66241 2643 51940 7435 1616 168 380544 760 713 1883 397 1486 112 57 5819 9081 195608 6411 373 351 678 478 200
cat_boundaries=0 1 2
cat_threshold=5 34
is_linear=0
shrinkage=0.05


Tree=39
num_leaves=31
num_cat=0
split_feature=15 13 9 10 9 9 12 13 9 13 11 9 16 13 12 1 2 14 1 10 2 15 11 1 12 10 8 16 16 10
split_gain=30816 9011.89 8954.97 3161.62 2340.83 2257.25 2123.67 1990.9 1687.92 1594.95 1313.52 1248.12 1413.73 1162.88 1070.05 1026.95 993.115 981.511 1058.2 1101.05 1428.78 967.789 936.291 877.523 807.468 761.312 880.95 1059.31 928.094 740.151
threshold=7.3392857142857144 2.2142857142857149 23.500000000000004 35.500000000000007 78.500000000000014 9.5000000000000018 48.500000000000007 0.50000000000000011 3.5000000000000004 4.7857142857142865 22.500000000000004 1.0000000180025095e-35 2.7350000000000008 17.785714285714288 62.500000000000007 2.5000000000000004 3.5000000000000004 21.392857142857146 6.5000000000000009 63.500000000000007 7.5000000000000009 24.375000000000004 17.500000000000004 2.5000000000000004 18.500000000000004 4.5000000000000009 1.0000000180025095e-35 0.24000000000000002 1.2050000000000003 12.500000000000002
decision_type=2 2 2 2 2 2 2 2 2 2 2 2 2 2 2 2 2 2 2 2 2 2 2 2 2 2 2 2 2 2
left_child=1 7 5 6 17 11 16 -1 22 -7 29 12 -2 23 -8 -9 -4 -5 19 -19 -21 -14 -3 -10 -13 -18 27 -27 -28 -11
right_child=2 8 3 4 -6 9 14 15 13 10 -12 24 21 -15 -16 -17 25 18 -20 20 -22 -23 -24 -25 -26 26 28 -29 -30 -31
leaf_value=-0.007123261218979696 -0.068028799781181246 0.0088816032280781242 0.21459631449147568 0.64089146390557294 0.81250264793634419 0.45215831121369715 0.65024610776454217 0.0065317690232486519 0.041982310955076006 0.061328902704496202 0.16242630586656012 0.044724266348936094 0.34564284125441003 0.37583471301477406 0.20313591257385585 -0.0024935655743355978 -0.062245740643778795 0.19724219693840225 0.56205338088795542 0.22798626801619926 0.70914641690474978 -0.050244800402567937 0.14443796343020951 0.021059851595942009 0.11859422483285104 -0.20155324017809284 0.36464514342638166 0.10472908751490891 0.12971170268123264 0.10715068074942596
leaf_weight=250192 406 26420 318 20 24 31 32 44284 7297 2055 574 3407 38 24 23 109336 61 221 30 36 27 26 128 16001 415 31 65 316 119 1543
leaf_count=250192 406 26420 318 20 24 31 32 44284 7297 2055 574 3407 38 24 23 109336 61 221 30 36 27 26 128 16001 415 31 65 316 119 1543
internal_value=7.86621e-07 -0.00189578 0.0876398 0.208642 0.335543 0.0687951 0.161563 -0.00437225 0.0181569 0.0948404 0.0921853 0.04329 -0.0335992 0.0279712 0.463273 0.000108165 0.143328 0.301271 0.279639 0.249806 0.434198 0.184813 0.00953518 0.0276128 0.0527452 0.105045 0.124263 0.0773667 0.212704 0.0809795
internal_weight=463500 453682 9818 1323 358 8495 965 403812 49870 4203 4172 4292 470 23322 55 153620 910 334 314 284 63 64 26548 23298 3822 592 531 347 184 3598
internal_count=463500 453682 9818 1323 358 8495 965 403812 49870 4203 4172 4292 470 23322 55 153620 910 334 314 284 63 64 26548 23298 3822 592 531 347 184 3598
is_linear=0
shrinkage=0.05


Tree=40
num_leaves=31
num_cat=1
split_feature=13 14 9 9 14 11 12 15 1 11 14 14 13 15 13 10 11 16 9 15 2 9 10 10 0 9 11 9 16 1
split_gain=28033.2 10740 5315.84 4350.48 2105.58 2452.44 1867.93 1835.13 1386.62 1640.96 1622.99 1234.84 1087.7 1053.54 2159.98 971.747 1136.92 971.619 966.996 1028.22 1154.09 966.485 2208.2 856.009 814.81 1497.64 1777.87 1388.96 806.977 798.066
threshold=5.2142857142857153 16.178571428571434 1.5000000000000002 48.500000000000007 24.535714285714288 73.500000000000014 8.5000000000000018 2.7678571428571432 2.5000000000000004 65.000000000000014 39.250000000000007 29.821428571428573 0.35714285714285715 39.928571428571438 34.500000000000007 52.500000000000007 35.500000000000007 0.21500000000000005 32.500000000000007 18.446428571428573 7.5000000000000009 36.500000000000007 41.500000000000007 8.5000000000000018 0 18.500000000000004 1.0000000180025095e-35 25.500000000000004 0.9850000000000001 2.5000000000000004
decision_type=2 2 2 2 2 2 2 2 2 2 2 2 2 2 2 2 2 2 2 2 2 2 2 2 1 2 2 2 2 2
left_child=2 6 12 8 -5 11 24 17 13 10 -10 -6 -1 14 23 16 -13 -4 19 -8 -21 22 -12 -3 -2 -26 27 -27 -9 -17
right_child=1 3 7 4 5 -7 18 28 9 -11 21 15 -14 -15 -16 29 -18 -19 -20 20 -22 -23 -24 -25 25 26 -28 -29 -30 -31
leaf_value=-0.0074114005465853233 -0.0012282171962741768 -0.063908619014546281 0.25460610234131309 0.8089361338565747 -0.1208776739159865 0.72178826341705937 0.064704177221233158 0.04221401902645544 0.10395345713360629 -0.31835697144269948 0.18804955253885552 0.20331412239567093 -0.0018939583761099039 -0.14277511509982022 0.60937347002327447 0.35887813210487368 0.54774787023663529 0.0049588823752661276 0.330678833765643 0.51527876037138476 0.074494738176916583 0.12085379813168501 0.82625789337832001 0.20201952082675145 0.034539826892258714 0.14598467145569441 0.079657277285816605 0.56559320449044825 0.017376582480771577 -0.046237251066392468
leaf_weight=211907 1510 32 39 24 21 31 5344 4317 1513 22 33 46 154416 22 32 20 50 60010 35 27 33 37 23 557 9517 41 284 38 13488 31
leaf_count=211907 1510 32 39 24 21 31 5344 4317 1513 22 33 46 154416 22 32 20 50 60010 35 27 33 37 23 557 9517 41 284 38 13488 31
internal_value=7.47277e-07 0.058956 -0.00256398 0.155787 0.366527 0.313171 0.0446059 0.00930107 0.135094 0.11054 0.116415 0.237772 -0.00508564 0.197261 0.209307 0.289007 0.382707 0.00512102 0.0687118 0.0670152 0.272848 0.319152 0.450171 0.187572 0.0330948 0.0383029 0.138018 0.347822 0.0233987 0.112632
internal_weight=463500 19323 444177 2494 223 199 16829 77854 2271 1628 1606 168 366323 643 621 147 96 60049 5439 5404 60 93 56 589 11390 9880 363 79 17805 51
internal_count=463500 19323 444177 2494 223 199 16829 77854 2271 1628 1606 168 366323 643 621 147 96 60049 5439 5404 60 93 56 589 11390 9880 363 79 17805 51
cat_boundaries=0 1
cat_threshold=8
is_linear=0
shrinkage=0.05


Tree=41
num_leaves=31
num_cat=2
split_feature=9 14 15 9 0 10 1 9 12 11 1 9 15 11 10 9 1 15 16 10 12 11 1 0 17 13 15 12 14 13
split_gain=25568.1 9943.48 5545.34 4212.94 2442.3 2076.05 1909.1 1654.63 1535.78 1450.1 1263.81 1241.32 2188.36 1289.23 1326.27 1135.44 1091.82 1070.25 989.507 864.933 824.351 824.098 801.645 801.556 768.212 739.783 738.31 1819.77 772.437 814.826
threshold=6.5000000000000009 14.392857142857144 1.6250000000000002 62.500000000000007 0 35.500000000000007 2.5000000000000004 1.0000000180025095e-35 5.5000000000000009 2.5000000000000004 1.5000000000000002 25.500000000000004 5.0178571428571432 4.5000000000000009 3.5000000000000004 15.500000000000002 1.5000000000000002 0.19642857142857145 0.24000000000000002 50.500000000000007 5.5000000000000009 10.500000000000002 2.5000000000000004 1 0.020635616438356322 0.35714285714285715 22.339285714285719 4.5000000000000009 25.607142857142861 50.642857142857146
decision_type=2 2 2 2 1 2 2 2 2 2 2 2 2 2 2 2 2 2 2 2 2 2 2 1 2 2 2 2 2 2
left_child=2 4 17 5 11 10 -5 25 -9 -7 24 16 -13 20 -15 -11 18 -1 -2 -8 -14 -10 -19 -6 -3 -4 -17 -28 -29 -30
right_child=1 3 7 6 23 9 19 8 21 15 -12 12 13 14 -16 26 -18 22 -20 -21 -22 -23 -24 -25 -26 -27 27 28 29 -31
leaf_value=-0.0081308959322923587 0.45518366146832706 0.18230067337458225 -0.042041364846093131 0.77824185906034538 0.031579117490115403 0.65443970238324267 0.44308349819233017 0.011269594942426719 0.028333840153162718 0.0097378567659429146 0.10215380747165632 0.62962154534459114 -0.3142877147311256 0.59914805026724938 0.13268150230287576 0.086641232781112201 0.051716416055255503 0.0019017174211010792 0.10008862453949095 0.05607978132638064 0.08644652994293156 0.074624913032183701 -0.0044315047506862312 -0.0075924826133568022 0.43095850505999156 -0.00058169450195131786 0.73459892005083116 0.53996917335760031 0.16170809515519069 0.36939921719369606
leaf_weight=136964 20 276 1172 33 4586 20 42 42859 7988 56 2061 25 21 20 64 55 6223 70194 1029 22 33 1093 173386 1825 35 13129 21 21 160 67
leaf_count=136964 20 276 1172 33 4586 20 42 42859 7988 56 2061 25 21 20 64 55 6223 70194 1029 22 33 1093 173386 1825 35 13129 21 21 160 67
internal_value=7.08714e-07 0.060715 -0.00227072 0.145434 0.0431604 0.1341 0.469332 0.0110806 0.0152272 0.239471 0.116331 0.0626453 0.199189 0.121212 0.243745 0.21763 0.0596708 -0.00459477 0.106859 0.310051 -0.0693946 0.0339055 -0.00260642 0.0204338 0.210285 -0.00397941 0.253562 0.287691 0.249848 0.223009
internal_weight=463500 16715 446785 2869 13846 2772 97 66241 51940 400 2372 7435 163 138 84 380 7272 380544 1049 64 54 9081 243580 6411 311 14301 324 269 248 227
internal_count=463500 16715 446785 2869 13846 2772 97 66241 51940 400 2372 7435 163 138 84 380 7272 380544 1049 64 54 9081 243580 6411 311 14301 324 269 248 227
cat_boundaries=0 1 2
cat_threshold=5 98
is_linear=0
shrinkage=0.05


Tree=42
num_leaves=31
num_cat=1
split_feature=9 15 15 14 9 0 13 9 12 11 9 13 1 17 13 10 15 16 12 1 8 16 16 1 11 1 1 16 14 15
split_gain=23075.8 9068.55 5038.64 3542.81 1994.42 1671.83 1632.23 1624.06 1565.67 1537.84 1429.29 1393.26 1025.05 1430.84 996.14 926.87 1287.42 854.647 1023.7 1854.92 848.703 2643.16 949.882 923.225 843.201 838.816 831.975 849.527 801.841 784.183
threshold=6.5000000000000009 21.517857142857146 1.3035714285714288 10.750000000000002 62.500000000000007 0 37.714285714285715 1.0000000180025095e-35 5.5000000000000009 67.500000000000014 18.500000000000004 54.357142857142868 1.5000000000000002 0.037849315068492879 8.7857142857142865 1.0000000180025095e-35 3.7678571428571432 0.72000000000000008 4.5000000000000009 3.5000000000000004 1.0000000180025095e-35 0.24000000000000002 6.9750000000000005 6.5000000000000009 5.5000000000000009 2.5000000000000004 2.5000000000000004 0.24000000000000002 1.0000000180025095e-35 0.73214285714285732
decision_type=2 2 2 2 2 1 2 2 2 2 2 2 2 2 2 2 2 2 2 2 2 2 2 2 2 2 2 2 2 2
left_child=2 3 28 5 17 10 12 -4 25 11 26 -6 13 -5 -14 16 -12 -3 19 -19 -16 -22 23 -23 -20 -9 27 -2 -1 -28
right_child=1 4 7 6 9 -7 -8 8 -10 -11 15 -13 14 -15 20 -17 -18 18 24 -21 21 22 -24 -25 -26 -27 29 -29 -30 -31
leaf_value=-0.0095631689630740202 0.30571390095566003 -0.081955413107449818 -0.0033700332098626239 0.13826684839484379 0.51305687265361055 -0.0067138965816408011 0.54247880486538635 0.019381196304741943 0.031566401651537429 0.77257378225525219 0.58208036907017235 0.031963838581685666 0.28374850311926725 0.5697578710690141 0.056564860333707181 0.099631186134588753 0.14976163411549492 0.78113316424191004 0.47576896263205487 0.14064749215657896 0.46409421994113453 0.054606764408181498 0.26918758843881146 0.19830358582340293 0.16893043535101115 0.0056595628861988339 0.21949570156219933 0.058040823161994881 -0.0035980358676219364 0.02816600017215656
leaf_weight=69881 35 30 21066 488 34 1981 20 15363 9324 24 26 27 58 20 2051 277 51 20 23 26 51 674 71 134 844 40496 54 3211 290655 6485
leaf_count=69881 35 30 21066 488 34 1981 20 15363 9324 24 26 27 58 20 2051 277 51 20 23 26 51 674 71 134 844 40496 54 3211 290655 6485
internal_value=6.99055e-07 0.0576799 -0.00215718 0.0482521 0.201546 0.0353614 0.092052 0.00869894 0.0125994 0.433514 0.043546 0.300114 0.0895123 0.155255 0.0785228 0.142287 0.295739 0.180637 0.189266 0.41912 0.0745298 0.114149 0.0938452 0.0784377 0.17707 0.00943345 0.0400182 0.0607114 -0.00475423 0.029746
internal_weight=463500 16715 446785 15687 1028 12120 3567 86249 65183 85 10139 61 3547 508 3039 354 77 943 913 46 2981 930 879 808 867 55859 9785 3246 360536 6539
internal_count=463500 16715 446785 15687 1028 12120 3567 86249 65183 85 10139 61 3547 508 3039 354 77 943 913 46 2981 930 879 808 867 55859 9785 3246 360536 6539
cat_boundaries=0 1
cat_threshold=39
is_linear=0
shrinkage=0.05


Tree=43
num_leaves=31
num_cat=0
split_feature=13 15 9 12 12 10 16 9 13 13 10 11 8 14 10 1 14 9 16 1 15 12 15 11 12 2 14 11 12 9
split_gain=20977.4 8066.64 4041.6 2694.49 1998.48 3160.4 1603.83 1354.57 1261.99 1104.19 1157.99 1103.4 1332.94 1065.2 1034.47 1024.32 927.691 883.376 880.279 868.693 844.386 776.362 1567.13 1271.76 1189.87 1532.21 1181.61 1146.58 954.054 755.952
threshold=5.2142857142857153 21.517857142857146 1.5000000000000002 12.500000000000002 4.5000000000000009 41.500000000000007 1.4600000000000002 23.500000000000004 27.214285714285719 21.214285714285719 6.5000000000000009 11.500000000000002 1.0000000180025095e-35 24.964285714285719 25.500000000000004 2.5000000000000004 20.321428571428573 5.5000000000000009 0.72000000000000008 2.5000000000000004 0.23214285714285718 39.500000000000007 27.982142857142861 18.500000000000004 51.500000000000007 7.5000000000000009 50.892857142857146 67.500000000000014 36.500000000000007 5.5000000000000009
decision_type=2 2 2 2 2 2 2 2 2 2 2 2 2 2 2 2 2 2 2 2 2 2 2 2 2 2 2 2 2 2
left_child=2 3 20 9 5 14 -4 13 29 19 -11 12 18 15 -3 -6 -9 -15 -12 -2 -1 28 -23 -24 26 -26 -25 -27 -18 -5
right_child=1 4 6 8 7 -7 -8 16 -10 10 11 -13 -14 17 -16 -17 21 -19 -20 -21 -22 22 23 24 25 27 -28 -29 -30 -31
leaf_value=-0.0072523369829680774 0.052433205987045851 0.37377160228788853 0.024336656256382413 0.031122006407706349 0.35812283949418505 0.80717047613579784 0.0049504155280843095 0.54659535735845566 0.43732103300094605 -0.14368332944089365 -0.10927066609263421 0.06988617645648236 0.54598444685236458 -0.20789020472281688 -0.098053348703043802 0.11091805898203431 0.18072007505949081 0.061841681365959744 0.28940110534636515 0.024793347329987551 -0.0023845024113287997 -0.14664495468139649 0.68565251749186285 0.63563404750699803 -0.0023704863506658325 0.18657418986891999 0.19806694708488606 0.65647369736716865 -0.10518430061638356 0.092150566747462845
leaf_weight=152931 3866 26 12760 624 55 32 65094 20 25 31 20 104 36 37 21 176 331 169 45 10740 213392 20 21 36 58 34 27 21 32 2716
leaf_count=152931 3866 26 12760 624 55 32 65094 20 25 31 20 104 36 37 21 176 331 169 45 10740 213392 20 21 36 58 34 27 21 32 2716
internal_value=6.56925e-07 0.0509997 -0.00221795 0.0430015 0.181486 0.423904 0.00812775 0.163019 0.0833979 0.0338428 0.141132 0.184201 0.301912 0.0960587 0.162956 0.169776 0.211788 0.0133947 0.166733 0.0321092 -0.00441671 0.200243 0.275062 0.317875 0.273992 0.17692 0.448105 0.36599 0.155516 0.0807488
internal_weight=463500 19323 444177 18207 1116 79 77854 1037 3365 14842 236 205 101 437 47 231 600 206 65 14606 366323 580 217 197 176 113 63 55 363 3340
internal_count=463500 19323 444177 18207 1116 79 77854 1037 3365 14842 236 205 101 437 47 231 600 206 65 14606 366323 580 217 197 176 113 63 55 363 3340
is_linear=0
shrinkage=0.05


Tree=44
num_leaves=31
num_cat=1
split_feature=9 15 15 13 0 9 11 9 12 9 11 9 6 9 1 13 10 15 2 2 1 16 10 2 13 13 1 10 10 8
split_gain=19055.2 7425.38 4212.68 2757.92 2210.75 1865.46 1489.62 1358.86 1449.78 1307.54 1275.04 2593.98 1078.56 1551.29 1072.76 1046.33 1170.06 1017.09 1735.08 1117.67 1516.53 854.439 853.71 1153.69 818.511 786.611 738.13 736.991 717.988 711.573
threshold=6.5000000000000009 14.196428571428573 1.2321428571428574 34.500000000000007 0 18.500000000000004 1.0000000180025095e-35 1.0000000180025095e-35 4.5000000000000009 78.500000000000014 25.500000000000004 49.500000000000007 1.0000000180025095e-35 25.500000000000004 1.5000000000000002 8.3571428571428594 15.500000000000002 31.571428571428573 5.0000000000000009 7.5000000000000009 3.5000000000000004 0.72000000000000008 60.500000000000007 7.5000000000000009 31.500000000000004 0.35714285714285715 2.5000000000000004 1.0000000180025095e-35 50.500000000000007 1.0000000180025095e-35
decision_type=2 2 2 2 1 2 2 2 2 2 2 2 2 2 2 2 2 2 2 2 2 2 2 2 2 2 2 2 2 2
left_child=2 4 -1 10 5 14 12 25 26 17 15 -12 27 -14 21 -3 -17 19 28 20 -5 -2 -20 -24 -18 -4 -9 -7 -19 -8
right_child=1 3 7 9 -6 6 29 8 -10 -11 11 -13 13 -15 -16 16 24 18 22 -21 -22 -23 23 -25 -26 -27 -28 -29 -30 -31
leaf_value=-0.0044338181661373929 0.4046356517482888 0.44605068877339371 -0.033130075479039636 0.82230521359226927 0.015931104858834835 0.40626347182939454 0.061965731283363447 0.017001071612180816 0.025817171444010929 0.5555162923805641 0.1499025632373453 0.70272668037902231 0.22486725325385729 0.82110814832150936 0.040373342346510778 0.035313305132365906 0.12571318738106074 0.066740267246197429 0.17729555759212282 0.099458194352113283 0.30066784851645173 0.089534922443824883 0.16458486181039078 0.61621647823241454 -0.11699642340342205 -6.7042192893778153e-05 0.0039986422493765829 0.065717554235077927 -0.29588843725976494 0.18936350382864475
leaf_weight=354715 22 20 1964 22 6439 24 348 14976 13474 33 598 22 24 20 5869 759 990 39 127 26 38 974 26 31 36 21404 40252 47 21 160
leaf_count=354715 22 20 1964 22 6439 24 348 14976 13474 33 598 22 24 20 5869 759 990 39 127 26 38 974 26 31 36 21404 40252 47 21 160
internal_value=6.24037e-07 0.0524147 -0.00196028 0.126898 0.0375041 0.055959 0.138877 0.00756945 0.0111121 0.255432 0.107658 0.169519 0.301374 0.495886 0.0485157 0.0864089 0.0823793 0.225423 0.17331 0.373279 0.491935 0.096495 0.249448 0.410209 0.117197 -0.00284588 0.00752447 0.180832 -0.0601798 0.102091
internal_weight=463500 16715 446785 2788 13927 7488 623 92070 68702 363 2425 620 115 44 6865 1805 1785 330 244 86 60 996 184 57 1026 23368 55228 71 60 508
internal_count=463500 16715 446785 2788 13927 7488 623 92070 68702 363 2425 620 115 44 6865 1805 1785 330 244 86 60 996 184 57 1026 23368 55228 71 60 508
cat_boundaries=0 1
cat_threshold=5
is_linear=0
shrinkage=0.05


Tree=45
num_leaves=31
num_cat=1
split_feature=15 9 9 10 9 8 11 11 9 15 13 1 1 5 2 12 1 15 16 13 15 13 0 9 10 1 16 1 13 1
split_gain=17371.5 5809.72 4389.96 2627.48 1742.75 1566.06 1873.68 1348.02 1323.13 1321.61 1215.9 1205.88 1102.43 1688.44 1344.2 1013.83 960.224 903.049 879.087 807.985 761.156 722.727 711.738 908.128 1368.33 694.864 648.651 645.016 623.401 611.744
threshold=6.4464285714285721 19.500000000000004 2.5000000000000004 35.500000000000007 78.500000000000014 1.0000000180025095e-35 25.500000000000004 3.5000000000000004 49.500000000000007 0.7678571428571429 3.785714285714286 1.5000000000000002 6.5000000000000009 1.0000000180025095e-35 11.500000000000002 1.0000000180025095e-35 6.5000000000000009 1.4821428571428574 0.72000000000000008 1.0000000180025095e-35 13.589285714285717 22.357142857142858 0 3.5000000000000004 2.5000000000000004 2.5000000000000004 21.155000000000005 2.5000000000000004 14.357142857142859 2.5000000000000004
decision_type=2 2 2 2 2 2 2 2 2 2 2 2 2 2 2 2 2 2 2 2 2 2 1 2 2 2 2 2 2 2
left_child=2 11 9 5 7 6 18 -5 -8 -1 -4 22 26 20 -15 -7 29 -12 21 -11 -14 -3 23 -2 -25 -21 -13 -19 -26 -9
right_child=1 3 10 4 -6 15 8 16 -10 19 17 12 13 14 -16 -17 -18 27 -20 25 -22 -23 -24 24 28 -27 -28 -29 -30 -31
leaf_value=-0.0050435954636437299 0.011290714797200408 -0.033064723485394527 0.0077017412210985819 0.62537513762712482 0.66656537726521492 0.4508345778274816 0.14873511802140332 0.24560558701421589 0.48998627111767279 -0.025732464696639468 0.17824443363412382 0.026860548546156823 0.066918310766962294 0.058965617442323315 -0.39955022696292763 0.16051631203688355 0.44336242321375252 0.041044191391697474 0.055627666408820456 0.0087237144182589904 0.15464257719220534 -0.36444498669533504 0.044863152264964838 0.51328403429749114 0.1033781002324133 -0.00039212927538754779 0.15503468197956682 0.017159352548147329 0.22388319734703091 0.10326800488081633
leaf_weight=296277 164 76 33797 20 24 32 204 149 33 2668 96 7637 1222 31 33 499 37 4043 713 28912 310 21 703 24 509 75482 100 9395 136 153
leaf_count=296277 164 76 33797 20 24 32 204 149 33 2668 96 7637 1222 31 33 499 37 4043 713 28912 310 21 703 24 509 75482 100 9395 136 153
internal_value=6.09997e-07 0.0573699 -0.00163262 0.136582 0.254059 0.108069 0.0725958 0.226482 0.196251 -0.0033231 0.012773 0.0430784 0.036322 0.074158 -0.177457 0.178012 0.202949 0.0254371 0.0364151 0.00143811 0.0846693 -0.104807 0.0841312 0.115348 0.142581 0.00213251 0.0285172 0.0243454 0.128787 0.173494
internal_weight=463500 12830 450670 1961 383 1578 1047 359 237 403339 47331 10869 9333 1596 64 531 339 13534 810 107062 1532 97 1536 833 669 104394 7737 13438 645 302
internal_count=463500 12830 450670 1961 383 1578 1047 359 237 403339 47331 10869 9333 1596 64 531 339 13534 810 107062 1532 97 1536 833 669 104394 7737 13438 645 302
cat_boundaries=0 1
cat_threshold=4
is_linear=0
shrinkage=0.05


Tree=46
num_leaves=31
num_cat=1
split_feature=9 15 15 12 12 10 10 0 11 9 16 9 10 16 8 16 1 9 15 9 11 15 16 2 11 15 1 2 8 9
split_gain=15701.5 6068.28 3502.74 2500.93 1523.65 2450.21 1120.6 1118.41 1744.48 2783.01 1762.17 1072.74 1040.63 1341.35 1035.87 1537.03 969.242 931.059 835.65 813.994 796.8 790.557 732.553 843.214 747.841 1230.18 760.657 1343.46 1001.54 722.88
threshold=6.5000000000000009 21.517857142857146 1.9821428571428574 8.5000000000000018 4.5000000000000009 41.500000000000007 15.500000000000002 0 1.0000000180025095e-35 25.500000000000004 0.72000000000000008 1.0000000180025095e-35 1.0000000180025095e-35 0.84000000000000019 1.0000000180025095e-35 0.39000000000000007 2.5000000000000004 1.0000000180025095e-35 9.7678571428571441 20.500000000000004 6.5000000000000009 17.910714285714288 0.9850000000000001 7.5000000000000009 11.500000000000002 27.982142857142861 6.5000000000000009 3.5000000000000004 1.0000000180025095e-35 56.500000000000007
decision_type=2 2 2 2 2 2 2 1 2 2 2 2 2 2 2 2 2 2 2 2 2 2 2 2 2 2 2 2 2 2
left_child=2 3 17 7 5 -3 -5 8 9 12 -11 -4 13 -2 -13 18 29 -1 -16 -9 -10 -17 23 -18 25 -24 -26 -28 -29 -6
right_child=1 4 11 6 16 -7 -8 19 20 10 -12 14 -14 -15 15 21 22 -19 -20 -21 -22 -23 24 -25 26 -27 27 28 -30 -31
leaf_value=-0.0049395413113323518 0.44564840358992419 0.12730398387893249 -0.004142631616214372 0.055005004740511058 0.19732354284440648 0.73177267154057823 0.10893505943199469 0.013378930009951863 0.011127471791574904 0.13712345430484185 0.69129730623681107 0.0086837840413179716 0.040190567251558257 0.11878952911845884 0.13119574334216483 0.023359146313254753 0.083066639262768971 0.00036111008547775285 0.4466517159938812 -0.098790563456714164 0.053175774371589102 0.32333933792331004 0.074341786555621944 -0.22724441016713778 0.092062465114945397 0.59147809002062546 -0.022612307920600427 0.23620863154530528 0.63488140274649085 0.44316905403838441
leaf_weight=278231 36 38 9908 3702 248 30 1302 5133 2494 26 32 27509 495 245 131 12990 81 117969 25 167 2055 22 23 30 415 23 33 50 23 34
leaf_count=278231 36 38 9908 3702 248 30 1302 5133 2494 26 32 27509 495 245 131 12990 81 117969 25 167 2055 22 23 30 415 23 33 50 23 34
internal_value=6.27901e-07 0.0475792 -0.00177937 0.039867 0.165265 0.393981 0.0690372 0.0262035 0.0422318 0.108786 0.442875 0.0106106 0.0838159 0.160665 0.0142042 0.0257368 0.149064 -0.00336127 0.18175 0.00982599 0.0301227 0.0238663 0.116663 -0.000801212 0.139658 0.33291 0.122596 0.242137 0.361818 0.226964
internal_weight=463500 16715 446785 15687 1028 68 5004 10683 5383 834 58 50585 776 281 40677 13168 960 396200 156 5300 4549 13012 678 111 567 46 521 106 73 282
internal_count=463500 16715 446785 15687 1028 68 5004 10683 5383 834 58 50585 776 281 40677 13168 960 396200 156 5300 4549 13012 678 111 567 46 521 106 73 282
cat_boundaries=0 1
cat_threshold=5
is_linear=0
shrinkage=0.05


Tree=47
num_leaves=31
num_cat=2
split_feature=13 9 10 13 12 9 14 8 0 11 9 1 11 10 16 1 6 1 16 14 0 13 14 12 1 16 1 17 16 13
split_gain=14303.8 5813.76 2706.24 2301.31 1860.38 1499.54 1368.24 1269.71 1600.12 1547.04 1264.74 1076.87 1314.26 1056.78 1054.03 897.319 1234.22 859.684 832.412 824.93 789.049 802.681 1211.19 1019.55 772.246 767.876 762.998 936.5 756.77 805.531
threshold=4.5000000000000009 18.500000000000004 35.500000000000007 1.2142857142857146 12.500000000000002 78.500000000000014 19.607142857142861 1.0000000180025095e-35 0 25.500000000000004 48.500000000000007 1.5000000000000002 6.5000000000000009 37.500000000000007 0.84000000000000019 6.5000000000000009 1.0000000180025095e-35 6.5000000000000009 0.72000000000000008 18.392857142857146 1 12.500000000000002 11.821428571428575 40.500000000000007 3.5000000000000004 1.3150000000000002 2.5000000000000004 0.039054794520547588 0.24000000000000002 36.642857142857146
decision_type=2 2 2 2 2 2 2 2 1 2 2 2 2 2 2 2 2 2 2 2 1 2 2 2 2 2 2 2 2 2
left_child=3 4 7 -1 -2 6 -4 9 -9 18 -11 12 -10 20 -5 28 -17 26 19 -3 21 -6 -23 -24 -16 -25 -8 -28 -13 -30
right_child=1 2 5 14 13 -7 17 8 11 10 -12 15 -14 -15 24 16 -18 -19 -20 -21 -22 22 23 25 -26 -27 27 -29 29 -31
leaf_value=-0.0038540771904009806 0.023248071586178601 -0.023180906512261776 0.60826030015945443 0.025408722154313914 0.059807266554687745 0.61400580704212193 0.2370289336507585 -0.030980645363032817 0.69557195521891124 0.12517618304545727 0.44133910987828229 0.32740095918998124 0.23524495388610639 -0.14468673624855988 0.0093017275686507056 0.13217930953677109 0.55025948074556164 0.41433885329299508 0.054665866439170312 -0.35452979320571543 0.027259111715126506 0.37998941509529605 0.095848447333154049 0.14851939930864003 -0.00050945369597231015 0.57213397026062018 0.00080469982099852391 0.26288224358339701 0.079915967530533469 0.39188468442721802
leaf_weight=351786 18291 178 20 6007 1300 24 151 115 20 218 37 40 69 59 35186 41 31 36 917 21 863 43 829 23 46644 20 112 49 348 22
leaf_count=351786 18291 178 20 6007 1300 24 151 115 20 218 37 40 69 59 35186 41 31 36 917 21 863 43 829 23 46644 20 112 49 348 22
internal_value=5.96502e-07 0.0376902 0.11067 -0.00204642 0.0293493 0.231072 0.206098 0.0877256 0.14326 0.0599382 0.171051 0.175816 0.338689 0.064924 0.00519323 0.149389 0.312186 0.182985 0.0345495 -0.0581474 0.0689419 0.0846768 0.120936 0.108162 0.00370925 0.345549 0.156291 0.0805674 0.120801 0.0984655
internal_weight=463500 23877 2449 439623 21428 392 368 2057 686 1371 255 571 89 3137 87837 482 72 348 1116 199 3078 2215 915 872 81830 43 312 161 410 370
internal_count=463500 23877 2449 439623 21428 392 368 2057 686 1371 255 571 89 3137 87837 482 72 348 1116 199 3078 2215 915 872 81830 43 312 161 410 370
cat_boundaries=0 1 2
cat_threshold=8 14
is_linear=0
shrinkage=0.05


Tree=48
num_leaves=31
num_cat=1
split_feature=9 15 15 9 0 9 14 15 11 11 16 16 10 1 15 10 1 1 5 13 8 10 9 16 5 13 12 6 11 12
split_gain=13048.2 6012.75 2439.26 1832.16 1703.9 1679.88 1393.84 2008.3 1208.79 1186.62 1046.7 1190.48 1033.11 969.608 1188.42 1828.67 908.383 1467.68 1307.61 2174.59 964.948 1102.89 890.085 1001.84 844.246 1327.05 1423.07 1033.34 836.032 777.303
threshold=5.5000000000000009 13.589285714285717 1.2321428571428574 48.500000000000007 0 18.500000000000004 24.178571428571434 25.660714285714288 74.500000000000014 1.0000000180025095e-35 1.9500000000000002 0.9850000000000001 52.500000000000007 1.5000000000000002 8.2678571428571441 4.5000000000000009 2.5000000000000004 6.5000000000000009 1.0000000180025095e-35 28.357142857142858 1.0000000180025095e-35 11.500000000000002 1.0000000180025095e-35 1.7000000000000002 1.0000000180025095e-35 26.500000000000004 18.500000000000004 1.0000000180025095e-35 14.500000000000002 37.500000000000007
decision_type=2 2 2 2 1 2 2 2 2 2 2 2 2 2 2 2 2 2 2 2 2 2 2 2 2 2 2 2 2 2
left_child=2 4 -1 16 5 13 -5 -8 12 10 11 -7 29 14 -2 -16 24 18 -18 -20 -19 -22 -4 -24 25 28 -27 -28 -3 -9
right_child=1 3 22 6 -6 9 7 8 -10 -11 -12 -13 -14 -15 15 -17 17 20 19 -21 21 -23 23 -25 -26 26 27 -29 -30 -31
leaf_value=-0.0036989763840384899 0.047660945768371717 0.019050428818836309 -0.0027345298928754007 0.59212195372581478 0.01173764239050365 0.21863347278816289 -0.26644553400221327 0.12782027555066486 0.53997124067818125 0.089524868272540983 -0.038857190852815457 0.60333696141839033 0.0095938561885964644 0.030103651226688961 0.57780558293064432 0.12523730315478243 0.039305027167728122 0.10455637572372295 0.11097145154262367 0.6748614998090835 0.60924700200557713 0.207214201363767 0.02025010996919983 0.0052951159163630232 -0.02405618261297544 0.62278400041438919 0.09590475438744761 0.44389135288074616 0.1545298452656832 0.41158769561485808
leaf_weight=354380 908 149 23368 25 9090 61 21 43 30 453 22 30 51 7587 24 319 1480 286 92 21 20 116 14453 49735 75 27 64 32 483 55
leaf_count=354380 908 149 23368 25 9090 61 21 43 30 453 22 30 51 7587 24 319 1480 286 92 21 20 116 14453 49735 75 27 64 32 483 55
internal_value=5.62677e-07 0.0379789 -0.00185257 0.102781 0.0272218 0.0421316 0.240132 0.196133 0.250402 0.125683 0.270636 0.345459 0.1921 0.0368285 0.0776132 0.156904 0.0919183 0.0737855 0.0518223 0.215765 0.156694 0.266337 0.00562071 0.00866248 0.13594 0.151833 0.302094 0.2119 0.122589 0.287078
internal_weight=463500 21564 441936 3070 18494 9404 225 200 179 566 113 91 149 8838 1251 343 2845 2015 1593 113 422 136 87556 64188 830 755 123 96 632 98
internal_count=463500 21564 441936 3070 18494 9404 225 200 179 566 113 91 149 8838 1251 343 2845 2015 1593 113 422 136 87556 64188 830 755 123 96 632 98
cat_boundaries=0 1
cat_threshold=5
is_linear=0
shrinkage=0.05


Tree=49
num_leaves=31
num_cat=1
split_feature=9 15 12 9 10 14 15 13 13 8 16 15 1 16 10 12 11 10 13 16 0 9 15 1 2 1 13 14 14 11
split_gain=11799.2 5976.69 1788.61 1682.29 1514.49 1257.94 1812.49 1157.72 955.13 920.621 1888.61 1032.44 872.238 921.789 866.84 866.548 1080.33 963.036 914.832 802.178 795.529 1308.13 1228 780.76 1455.66 1235.73 988.829 769.664 1007.88 748.494
threshold=4.5000000000000009 13.589285714285717 1.5000000000000002 48.500000000000007 8.5000000000000018 24.178571428571434 25.660714285714288 61.500000000000007 23.071428571428573 1.0000000180025095e-35 0.24000000000000002 23.089285714285719 2.5000000000000004 0.72000000000000008 57.500000000000007 39.500000000000007 31.500000000000004 33.500000000000007 49.571428571428577 0.72000000000000008 0 14.500000000000002 1.6250000000000002 3.5000000000000004 8.5000000000000018 6.5000000000000009 31.214285714285719 33.178571428571438 26.750000000000004 1.5000000000000002
decision_type=2 2 2 2 2 2 2 2 2 2 2 2 2 2 2 2 2 2 2 2 1 2 2 2 2 2 2 2 2 2
left_child=2 4 -1 9 20 -5 -7 15 -6 12 -11 -12 -3 -14 29 16 -8 -17 -19 -4 -2 -22 -23 24 26 27 -13 28 -25 -15
right_child=1 3 19 5 8 6 7 -9 -10 10 11 23 13 14 -16 17 -18 18 -20 -21 21 22 -24 25 -26 -27 -28 -29 -30 -31
leaf_value=-0.0034951962050182184 -0.0079393189250950482 0.11914874412238703 0.026048456042136427 0.56251585435867313 0.04583718438932928 -0.25312325716728257 -0.17914748410383863 0.50534534411448417 0.29424715042114258 0.40066725139395665 0.078468390612759523 0.28096069413604158 -0.10416037507044773 0.35449994366383186 0.36759631572799251 0.58673624932765966 0.23251170740490232 -0.090603546127676959 0.32025937076125827 0.0037567678646111911 0.017962595550262299 0.43466720754901572 0.071733217031315272 -0.036212787707336248 -0.0094194575982249305 0.39724410753697159 0.69784709614515306 -0.14019197364513938 0.38289521680428434 0.046185869443233114
leaf_weight=361186 2750 562 4285 25 4962 21 30 33 39 59 675 33 96 20 22 20 34 20 42 69383 16946 24 807 32 23 32 25 37 26 1251
leaf_count=361186 2750 562 4285 25 4962 21 30 33 39 59 675 33 96 20 22 20 34 20 42 69383 16946 24 807 32 23 32 25 37 26 1251
internal_value=5.47177e-07 0.0310827 -0.00204699 0.0964317 0.023101 0.228125 0.186327 0.237882 0.0477744 0.0861893 0.126781 0.108481 0.0665904 0.0453249 0.0564235 0.177428 0.0395465 0.285043 0.187723 0.00505339 0.0170898 0.0209543 0.0822151 0.205877 0.327176 0.128513 0.460653 0.0379933 0.151663 0.0510374
internal_weight=463500 28646 434854 3118 25528 225 200 179 5001 2893 942 883 1951 1389 1293 146 64 82 62 73668 20527 17777 831 208 81 127 58 95 58 1271
internal_count=463500 28646 434854 3118 25528 225 200 179 5001 2893 942 883 1951 1389 1293 146 64 82 62 73668 20527 17777 831 208 81 127 58 95 58 1271
cat_boundaries=0 1
cat_threshold=8
is_linear=0
shrinkage=0.05


Tree=50
num_leaves=31
num_cat=0
split_feature=15 9 9 10 9 8 11 11 16 1 9 1 5 2 12 1 16 13 14 13 14 11 1 10 15 17 13 1 14 10
split_gain=10708.9 3563.91 2929.84 1717.32 1274.47 1218.89 1438.99 1136.4 1105.51 994.729 930.144 918.379 1490.77 1218.2 859.828 733.045 698.621 703.004 657.918 646.489 596.172 607.004 572.294 558.393 741.726 543.31 952.433 829.64 815.736 809.048
threshold=6.4107142857142874 19.500000000000004 1.5000000000000002 35.500000000000007 78.500000000000014 1.0000000180025095e-35 25.500000000000004 3.5000000000000004 1.7000000000000002 1.5000000000000002 48.500000000000007 6.5000000000000009 1.0000000180025095e-35 11.500000000000002 1.0000000180025095e-35 6.5000000000000009 0.72000000000000008 22.357142857142858 1.0000000180025095e-35 3.785714285714286 3.6785714285714293 10.500000000000002 2.5000000000000004 43.500000000000007 31.571428571428573 3.3306690738754701e-16 30.928571428571434 6.5000000000000009 8.0357142857142865 21.500000000000004
decision_type=2 2 2 2 2 2 2 2 2 2 2 2 2 2 2 2 2 2 2 2 2 2 2 2 2 2 2 2 2 2
left_child=2 9 18 5 7 6 16 -5 -4 20 -8 23 -13 -14 -7 -9 17 -3 -1 -10 -2 -22 -20 24 -11 26 27 28 -16 -27
right_child=1 3 8 4 -6 14 10 15 19 11 -12 12 13 -15 25 -17 -18 -19 22 -21 21 -23 -24 -25 -26 29 -28 -29 -30 -31
leaf_value=-0.0075706524933847764 0.34193136580288414 -0.034279054679073294 0.018462050524654126 0.54447202146053308 0.55456700821717575 0.39678742578253151 0.11838998279254885 0.1308828276831854 0.0023624182139495211 0.020293685536025164 0.39128997700439916 0.071818103739288403 0.050623264002253213 -0.38587307785496572 0.40472027737469907 0.36667573234519446 0.038139116776833591 -0.36064665005320595 0.0013226723869697518 0.017225267621130771 0.034496877767142171 0.097329845878013077 -0.0035607959750213582 -0.18788017756305636 0.23352012783288956 -0.18190079048508778 0.41999543557564423 0.3213659227806695 0.08369538896098061 0.20213396828621627
leaf_weight=70152 20 77 17170 20 24 32 200 302 58171 7781 37 1545 31 33 21 37 715 21 83492 8369 739 801 213159 32 41 32 30 49 343 24
leaf_count=70152 20 77 17170 20 24 32 200 302 58171 7781 37 1545 31 33 21 37 715 21 83492 8369 739 801 213159 32 41 32 30 49 343 24
internal_value=5.1131e-07 0.0447633 -0.00128987 0.106816 0.201809 0.0838034 0.052583 0.178226 0.00715059 0.0337072 0.160995 0.0276088 0.0620227 -0.174445 0.145539 0.156618 0.0209796 -0.104215 -0.00321611 0.00423178 0.0707007 0.0671782 -0.00218635 0.0205586 0.0214113 0.129427 0.147976 0.128217 0.102216 -0.0173145
internal_weight=463500 12987 450513 1964 383 1581 1050 359 83710 11023 237 9463 1609 64 531 339 813 98 366803 66540 1560 1540 296651 7854 7822 499 443 413 364 56
internal_count=463500 12987 450513 1964 383 1581 1050 359 83710 11023 237 9463 1609 64 531 339 813 98 366803 66540 1560 1540 296651 7854 7822 499 443 413 364 56
is_linear=0
shrinkage=0.05


Tree=51
num_leaves=31
num_cat=1
split_feature=10 15 9 10 16 14 8 9 17 12 11 14 15 1 13 15 12 0 1 5 13 1 13 11 13 12 11 9 14 13
split_gain=9847.36 3611.75 2680.73 1684.54 1618.43 3033.8 1566.02 1370.73 1223.04 1396.03 2340.52 1148.8 1055.18 1050.8 1190.24 1034.9 996.468 882.431 809.1 2543.05 793.311 721.039 666.123 1413.91 617.552 603.533 632.385 581.583 568.16 559.334
threshold=7.5000000000000009 21.517857142857146 3.5000000000000004 9.5000000000000018 0.21500000000000005 2.3928571428571432 1.0000000180025095e-35 7.5000000000000009 -1.0000000180025095e-35 4.5000000000000009 50.500000000000007 18.964285714285719 0.55357142857142871 2.5000000000000004 27.500000000000004 6.7678571428571432 13.500000000000002 0 6.5000000000000009 1.0000000180025095e-35 39.357142857142868 2.5000000000000004 39.928571428571438 67.500000000000014 18.642857142857149 8.5000000000000018 29.500000000000004 1.0000000180025095e-35 4.4642857142857153 16.071428571428573
decision_type=2 2 2 2 2 2 2 2 2 2 2 2 2 2 2 2 2 1 2 2 2 2 2 2 2 2 2 2 2 2
left_child=2 7 12 -3 5 -4 29 27 -5 10 20 -11 -1 14 17 28 -13 -9 -15 -20 -10 -14 23 24 -18 26 -6 -2 -8 -7
right_child=1 3 4 8 25 6 15 13 9 11 -12 16 21 18 -16 -17 22 -19 19 -21 -22 -23 -24 -25 -26 -27 -28 -29 -30 -31
leaf_value=-0.0042728775911078454 -0.012274417116313472 0.54530235637600233 0.68085688864407135 -0.18774080509620328 0.0094115873461168807 0.023961816350992798 0.26515384194254876 0.10695307003561119 0.32701622409125175 0.46413988445116128 0.74703800535450382 -0.040104517861477382 0.0062210160890120471 0.023857936072672978 0.46562523286789653 0.40245353546972407 -0.096260719859238841 0.038821535592393784 0.09963389718398652 -0.4462253397161311 -0.099364311397075661 -0.0012064573610039925 0.20632991446570181 -0.30358583184757404 0.12633986137406802 0.033683835702770754 0.24302391900584619 0.026418971618299081 -0.055213569248876264 -0.24635868898846885
leaf_weight=258072 1173 24 23 31 26917 147 25 1139 24 23 24 103 45405 2702 20 49 33 879 708 22 20 116545 192 21 558 2896 29 5643 31 22
leaf_count=258072 1173 24 23 31 26917 147 25 1139 24 23 24 103 45405 2702 20 49 33 879 708 22 20 116545 192 21 558 2896 29 5643 31 22
internal_value=4.85749e-07 0.0423382 -0.00125405 0.131209 0.01315 0.129292 0.0829925 0.0347213 0.121551 0.131158 0.349853 0.115167 -0.00228762 0.0533642 0.0818027 0.234642 0.106318 0.0779987 0.0364767 0.0831833 0.133207 0.000875941 0.125076 0.0995845 0.11391 0.0119941 0.00966301 0.01976 0.0878076 -0.0112278
internal_weight=463500 13339 450161 1053 30139 297 274 12286 1029 998 68 930 420022 5470 2038 105 907 2018 3432 730 44 161950 804 612 591 29842 26946 6816 56 169
internal_count=463500 13339 450161 1053 30139 297 274 12286 1029 998 68 930 420022 5470 2038 105 907 2018 3432 730 44 161950 804 612 591 29842 26946 6816 56 169
cat_boundaries=0 1
cat_threshold=4
is_linear=0
shrinkage=0.05


Tree=52
num_leaves=31
num_cat=0
split_feature=10 13 9 9 10 11 8 16 12 12 1 12 13 6 10 15 13 14 15 14 14 9 15 12 16 6 1 2 10 12
split_gain=8914.84 3519.57 2167.22 1800.39 1649.8 1885.84 1355.17 1560.99 1142.79 1078.77 1078.19 1958.07 1455.57 1025.51 798.897 1814.74 1104.97 1758.18 783.158 691.211 1179.09 816.568 647.26 642.766 818.733 2246.92 695.282 656.714 635.987 724.478
threshold=6.5000000000000009 18.785714285714288 1.5000000000000002 62.500000000000007 30.500000000000004 67.500000000000014 1.0000000180025095e-35 0.72000000000000008 12.500000000000002 5.5000000000000009 3.5000000000000004 6.5000000000000009 30.928571428571434 1.0000000180025095e-35 45.500000000000007 25.660714285714288 50.642857142857146 42.214285714285722 18.446428571428573 33.178571428571438 42.214285714285722 18.500000000000004 20.214285714285719 32.500000000000007 0.58500000000000008 1.0000000180025095e-35 1.5000000000000002 8.5000000000000018 42.500000000000007 21.500000000000004
decision_type=2 2 2 2 2 2 2 2 2 2 2 2 2 2 2 2 2 2 2 2 2 2 2 2 2 2 2 2 2 2
left_child=2 8 -1 6 -5 -6 7 18 22 -4 11 -8 -13 -14 28 -16 17 -17 -3 21 -21 -12 -2 24 25 -10 -26 -27 29 -9
right_child=1 3 9 4 5 -7 10 14 23 -11 19 12 13 -15 15 16 -18 -19 -20 20 -22 -23 -24 -25 26 27 -28 -29 -30 -31
leaf_value=-0.0029869792223028531 0.021434804194378512 -0.001461881716200646 0.0040584401308831107 0.66443651604652409 -0.0050404406067999924 0.54595135599374778 0.67875470404877614 0.029898617575263797 0.033220524666378801 0.022833191231385979 0.03010524258957253 0.11826426162756981 0.19820154476910831 0.69847537931941805 0.58354530432261531 0.13819442965604109 0.33057400584220886 -0.40545600980520247 -0.29857118453475689 -0.29981434817115465 0.13474643176069132 0.20682617650607474 0.27116658934750237 -0.045311608343415528 0.11075373422276198 0.56825796943722351 0.042136314361834598 0.23225711435079577 -0.19479175731539727 0.12476248769032444
leaf_weight=365122 12507 47 73134 25 44 24 23 526 103 8545 111 150 20 21 24 58 37 20 42 27 37 159 26 138 476 33 1645 26 24 326
leaf_count=365122 12507 47 73134 25 44 24 23 526 103 8545 111 150 20 21 24 58 37 20 42 27 37 159 26 138 476 33 1645 26 24 326
internal_value=6.18731e-07 0.0358692 -0.00133995 0.103066 0.317118 0.189427 0.0910162 0.0591105 0.0280278 0.0060226 0.155293 0.242911 0.190428 0.454439 0.076716 0.188075 0.105543 -0.00120312 -0.141671 0.0991547 -0.0485839 0.134174 0.0219529 0.0594766 0.0658107 0.174154 0.0575356 0.42019 0.0590459 0.0661963
internal_weight=463500 16699 446801 1745 93 68 1652 1104 14954 81679 548 214 191 41 1015 139 115 78 89 334 64 270 12533 2421 2283 162 2121 59 876 852
internal_count=463500 16699 446801 1745 93 68 1652 1104 14954 81679 548 214 191 41 1015 139 115 78 89 334 64 270 12533 2421 2283 162 2121 59 876 852
is_linear=0
shrinkage=0.05


Tree=53
num_leaves=31
num_cat=2
split_feature=9 14 9 9 10 1 9 5 0 9 11 10 9 12 12 17 8 16 11 10 14 13 16 15 5 2 14 9 0 11
split_gain=8187.55 4163.68 1722.71 1410.28 996.727 941.203 1408.19 1006.2 932.056 946.722 1094.58 968.184 978.278 889.043 888.936 955.127 843.258 1939.72 1225.32 840.067 827.543 1160.94 745.413 709.239 700.735 727.923 1218.51 666.081 637.979 626.018
threshold=4.5000000000000009 10.750000000000002 30.500000000000004 1.0000000180025095e-35 3.5000000000000004 2.5000000000000004 58.500000000000007 1.0000000180025095e-35 0 12.500000000000002 1.0000000180025095e-35 3.5000000000000004 25.500000000000004 43.500000000000007 32.500000000000007 1.6653345369377351e-16 1.0000000180025095e-35 0.39000000000000007 39.500000000000007 35.500000000000007 14.392857142857144 21.785714285714288 0.72000000000000008 8.0535714285714306 1.0000000180025095e-35 9.5000000000000018 15.250000000000002 17.500000000000004 1 62.500000000000007
decision_type=2 2 2 2 2 2 2 2 1 2 2 2 2 2 2 2 2 2 2 2 2 2 2 2 2 2 2 2 1 2
left_child=3 8 16 -1 -5 6 7 13 27 -10 11 12 -11 14 15 19 22 20 23 -4 -18 -22 -3 -19 25 26 -7 -2 -24 -28
right_child=1 2 5 4 -6 24 -8 -9 9 10 -12 -13 -14 -15 -16 -17 17 18 -20 -21 21 -23 28 -25 -26 -27 29 -29 -30 -31
leaf_value=-0.0037368609844488014 -0.0015194746925458911 -0.066483473433098503 0.17675105043654812 0.00081729241241394876 0.01385441447801892 0.48886584281921391 0.47991319083890255 -0.13233721631765366 0.017935470443729132 0.1730989258765476 0.039677996876189441 0.036311895475475066 0.50429111663941983 0.44487698290031408 -0.093696078404398836 -0.085824038017363782 0.6102992370724678 0.36052997402846815 0.36546665049024996 0.49917481464724389 0.065931557284461137 0.54105067864060408 0.053880594402443693 0.060241833549393158 0.34640397716451576 -0.081128108921332362 0.10790528360124159 -0.08804313674017486 -0.033144721483127984 -0.12689123869903626
leaf_weight=288139 2887 154 58 130194 16521 20 43 25 18967 128 1429 109 27 32 29 21 20 20 35 31 36 20 2466 1168 27 58 337 241 227 31
leaf_count=288139 2887 154 58 130194 16521 20 43 25 18967 128 1429 109 27 32 29 21 20 20 35 31 36 20 2466 1168 27 58 337 241 227 31
internal_value=5.87809e-07 0.0258924 0.0680743 -0.00170503 0.00228535 0.139924 0.220797 0.16395 0.0172779 0.021123 0.0569583 0.150494 0.23079 0.207266 0.152565 0.217488 0.0557355 0.0891185 0.0738875 0.289056 0.334218 0.235617 0.0405039 0.0652972 0.0990597 0.084086 0.108783 -0.00815969 0.046622 0.0881262
internal_weight=463500 28646 4858 434854 146715 712 239 196 23788 20660 1693 264 155 171 139 110 4146 1299 1223 89 76 56 2847 1188 473 446 388 3128 2693 368
internal_count=463500 28646 4858 434854 146715 712 239 196 23788 20660 1693 264 155 171 139 110 4146 1299 1223 89 76 56 2847 1188 473 446 388 3128 2693 368
cat_boundaries=0 1 2
cat_threshold=8 13
is_linear=0
shrinkage=0.05


Tree=54
num_leaves=31
num_cat=0
split_feature=11 9 15 9 10 11 12 10 9 16 14 15 12 8 15 1 13 1 10 9 12 14 9 12 1 10 11 9 12 13
split_gain=7420.21 2638.4 2461.47 1703.38 1668.37 1647.04 1128.65 1189.61 902.73 816.064 2317.95 980.505 710.385 704.611 1064.3 671.91 998.018 664.213 622.962 946.568 777.103 855.475 611.691 662.436 592.686 968.404 649.588 742.586 670.169 695.131
threshold=6.5000000000000009 16.500000000000004 27.982142857142861 1.5000000000000002 43.500000000000007 25.500000000000004 4.5000000000000009 37.500000000000007 3.5000000000000004 0.21500000000000005 2.035714285714286 3.5535714285714293 14.500000000000002 1.0000000180025095e-35 6.7678571428571432 2.5000000000000004 17.785714285714288 2.5000000000000004 73.500000000000014 48.500000000000007 17.500000000000004 21.678571428571434 32.500000000000007 2.5000000000000004 6.5000000000000009 43.500000000000007 54.500000000000007 50.500000000000007 29.500000000000004 52.642857142857146
decision_type=2 2 2 2 2 2 2 2 2 2 2 2 2 2 2 2 2 2 2 2 2 2 2 2 2 2 2 2 2 2
left_child=2 8 3 -1 9 -3 7 -7 -2 10 -5 -12 -10 -13 -15 16 -11 18 19 20 21 -8 -17 -24 26 -26 28 -28 -19 -30
right_child=1 5 -4 4 -6 6 17 -9 12 15 11 13 -14 14 -16 22 -18 24 -20 -21 -22 -23 23 -25 25 -27 27 -29 29 -31
leaf_value=-0.0027110630159507452 0.0086760029329339943 0.054698858672104111 0.55345815390348441 0.57656723538582977 0.44061924733898855 0.14235061551143807 0.16875973497667621 0.59196239773716242 0.028503057345554108 0.011372448378472347 0.23192892998709189 -0.049386002034754371 0.067657357544370869 -0.02392083833378459 0.29047706250814681 0.0019777068910784316 0.30486472547054294 0.012821258175593448 -0.070664609562266958 0.46102944704762194 0.11915764322321368 0.57643974613059645 0.0093165446882662577 -0.37016717895217566 0.087749383971095093 0.46736466499666379 -0.32534144128794257 0.085899186702001668 0.30067724293028869 0.017031440966659123
leaf_weight=364729 5443 1642 20 22 22 31 31 28 7532 24546 60 185 1369 63 47 57050 29 142 22 32 173 22 23 23 56 24 23 21 54 36
leaf_count=364729 5443 1642 20 22 22 31 31 28 7532 24546 60 185 1369 63 47 57050 29 142 22 32 173 22 23 23 56 24 23 21 54 36
internal_value=5.80735e-07 0.0327428 -0.00122178 -0.00124661 0.00526161 0.0820074 0.146526 0.355726 0.0247164 0.00514488 0.078539 0.0476753 0.0345251 0.0102 0.110413 0.00480609 0.0117188 0.127119 0.184735 0.206513 0.170476 0.337985 0.00183075 -0.180425 0.0818036 0.201634 0.0470701 -0.129068 0.0804755 0.187219
internal_weight=463500 16681 446819 446799 82070 2337 695 59 14344 82048 377 355 8901 295 110 81671 24575 636 280 258 226 53 57096 46 356 80 276 44 232 90
internal_count=463500 16681 446819 446799 82070 2337 695 59 14344 82048 377 355 8901 295 110 81671 24575 636 280 258 226 53 57096 46 356 80 276 44 232 90
is_linear=0
shrinkage=0.05


Tree=55
num_leaves=31
num_cat=1
split_feature=10 15 12 13 12 11 14 9 9 11 13 13 1 8 16 9 0 1 16 13 9 15 9 13 6 13 15 16 12 8
split_gain=6845.38 2634.3 1593.57 1204.17 1155.45 1893.23 1306.75 1183.69 990.828 953.91 872.707 767.433 728.69 711.938 1986.67 799.267 679.147 666.425 787.09 743.856 645.79 1042.26 619.382 576.389 575.13 704.455 819.213 732.986 1018.82 958.67
threshold=6.5000000000000009 21.517857142857146 2.5000000000000004 37.214285714285722 4.5000000000000009 50.500000000000007 18.964285714285719 5.5000000000000009 9.5000000000000018 6.5000000000000009 12.500000000000002 39.357142857142868 2.5000000000000004 1.0000000180025095e-35 0.24000000000000002 25.500000000000004 0 4.5000000000000009 1.655 41.214285714285722 25.500000000000004 4.6250000000000009 1.0000000180025095e-35 0.2142857142857143 1.0000000180025095e-35 18.785714285714288 4.4821428571428585 0.39000000000000007 10.500000000000002 1.0000000180025095e-35
decision_type=2 2 2 2 2 2 2 2 2 2 2 2 2 2 2 2 1 2 2 2 2 2 2 2 2 2 2 2 2 2
left_child=2 3 20 8 5 11 10 -8 -2 -9 -6 -3 16 15 -15 -14 -10 -11 19 -19 22 -22 -1 -4 -25 26 -26 28 -28 -30
right_child=1 4 23 -5 6 -7 7 9 12 17 -12 -13 13 14 -16 -17 -18 18 -20 -21 21 -23 -24 24 25 -27 27 -29 29 -31
leaf_value=-0.0035504595992509429 0.017526292819182103 0.28869648242502344 -0.013887541711972845 0.38015087327609459 0.13997219562530519 0.66361874490976336 -0.16285489956115157 0.39906419189274311 0.098116641890312217 0.1225875169491272 0.6070660773478449 -0.11682788491249085 0.022767914263145627 0.42516720923217566 0.051298348869944936 -0.091473208854677621 0.032608551714451477 -0.066987078617002524 0.11593740380889068 0.22954690021773183 0.41712211755414802 0.00033608946949243552 0.00067086063676759027 0.004951834059755314 0.011629915022681216 -0.26556432789022272 -0.040993077283905402 0.03684665117442102 0.057365496811412633 0.49213378597050905
leaf_weight=273523 10977 28 2908 24 20 24 47 25 979 513 20 20 1840 37 896 167 717 178 163 24 24 40 127357 28303 11671 22 31 2869 21 32
leaf_count=273523 10977 28 2908 24 20 24 47 25 979 513 20 20 1840 37 896 167 717 178 163 24 24 40 127357 28303 11671 22 31 2869 21 32
internal_value=5.51662e-07 0.0314314 -0.00117416 0.026256 0.107634 0.301025 0.0935695 0.0817822 0.025712 0.0945152 0.373519 0.119728 0.0450939 0.0300379 0.0661249 0.0132621 0.0711933 0.0858435 0.0342006 -0.0317553 -0.00218402 0.156631 -0.00220937 0.00765537 0.009114 0.0171573 0.0175826 0.0411091 0.186693 0.319867
internal_weight=463500 16699 446801 15637 1062 72 990 950 15613 903 40 48 4636 2940 933 2007 1696 878 365 202 400944 64 400880 45857 42949 14646 14624 2953 84 53
internal_count=463500 16699 446801 15637 1062 72 990 950 15613 903 40 48 4636 2940 933 2007 1696 878 365 202 400944 64 400880 45857 42949 14646 14624 2953 84 53
cat_boundaries=0 1
cat_threshold=4
is_linear=0
shrinkage=0.05


Tree=56
num_leaves=31
num_cat=1
split_feature=9 11 12 12 8 9 9 10 9 13 0 12 14 9 16 13 2 13 16 16 1 1 16 2 15 11 13 13 2 14
split_gain=6241.14 3254 1153.16 1137.89 1073.06 2304.13 1015.73 700.6 821.873 736.908 685.257 672.361 1051.22 653.411 650.958 648.808 1617.26 693.306 664.016 639.899 595.858 592.561 591.937 571.042 542.911 517.247 1324.17 539.288 538.834 634.902
threshold=4.5000000000000009 16.500000000000004 1.5000000000000002 8.5000000000000018 1.0000000180025095e-35 32.500000000000007 78.500000000000014 15.500000000000002 47.500000000000007 18.500000000000004 0 48.500000000000007 28.035714285714288 20.500000000000004 0.72000000000000008 21.785714285714288 3.5000000000000004 31.214285714285719 0.9850000000000001 0.39000000000000007 2.5000000000000004 3.5000000000000004 6.9750000000000005 3.5000000000000004 24.375000000000004 16.500000000000004 9.6428571428571441 2.785714285714286 9.5000000000000018 5.6071428571428585
decision_type=2 2 2 2 2 2 2 2 2 2 1 2 2 2 2 2 2 2 2 2 2 2 2 2 2 2 2 2 2 2
left_child=2 3 -1 10 11 19 7 8 9 -3 13 12 24 -2 25 20 18 -18 -17 -6 -12 -7 -21 -24 -5 -4 27 -27 29 -29
right_child=1 6 14 4 5 21 -8 -9 -10 -11 15 -13 -14 -15 -16 16 17 -19 -20 22 -22 -23 23 -25 -26 26 -28 28 -30 -31
leaf_value=-0.002651315764120022 -0.0061813392425594249 0.053318614412412195 0.019749042111438568 0.020104379807268292 0.21093273029398563 0.5438760741551717 0.38108613093694055 0.095656338473854005 0.36057573959231376 -0.067013736070469537 0.028947801274564852 0.28497664344807466 -0.28034581377588469 -0.12553844693272065 0.0030447303776733065 0.16061534505823385 0.08329966266949973 -0.274375344067812 0.53287514144182202 0.046454329466490862 0.0089534546115450937 0.19252134084701539 0.36887321152068953 0.09819156488137587 0.2373933106660843 0.0079945826670154933 -0.18002091934604031 0.49028162908169537 0.071554978440205252 0.17278592868242415
leaf_weight=361186 2579 946 4129 3296 67 30 27 1454 20 147 5269 24 29 120 69383 23 42 20 25 1656 12726 20 27 70 29 32 31 31 30 32
leaf_count=361186 2579 946 4129 3296 67 30 27 1454 20 147 5269 24 29 120 69383 23 42 20 25 1656 12726 20 27 70 29 32 31 31 30 32
internal_value=6.65163e-07 0.0226063 -0.00148848 0.0172888 0.0380942 0.0684816 0.0760114 0.0728026 0.0429469 0.0371348 0.0120404 0.0212723 0.0193853 -0.0114457 0.00421277 0.0155393 0.13661 -0.0320794 0.354501 0.0592823 0.0148079 0.403334 0.0534862 0.173536 0.0219995 0.0231257 0.112498 0.185043 0.245963 0.329014
internal_weight=463500 28646 434854 26052 5248 1870 2594 2567 1113 1093 20804 3378 3354 2699 73668 18105 110 62 48 1820 17995 50 1753 97 3325 4285 156 125 93 63
internal_count=463500 28646 434854 26052 5248 1870 2594 2567 1113 1093 20804 3378 3354 2699 73668 18105 110 62 48 1820 17995 50 1753 97 3325 4285 156 125 93 63
cat_boundaries=0 1
cat_threshold=8
is_linear=0
shrinkage=0.05


Tree=57
num_leaves=31
num_cat=0
split_feature=11 15 9 10 11 9 12 14 12 9 13 13 9 12 10 13 10 2 1 15 1 10 9 12 14 1 10 11 9 16
split_gain=5702.03 2061.12 1966.22 1420.56 1322.64 1308.38 896.299 1012 854.433 885.293 1388.59 755.362 749.099 656.291 682.514 634.614 583.529 1060.81 638.803 663.802 571.125 573.796 829.582 712.998 763.306 551.817 844.233 604.977 652.65 605.949
threshold=6.5000000000000009 27.982142857142861 16.500000000000004 43.500000000000007 25.500000000000004 1.0000000180025095e-35 4.5000000000000009 34.357142857142868 3.5000000000000004 30.500000000000004 19.642857142857149 21.928571428571434 1.5000000000000002 14.500000000000002 37.500000000000007 27.214285714285719 16.500000000000004 10.500000000000002 5.5000000000000009 11.660714285714286 2.5000000000000004 73.500000000000014 48.500000000000007 17.500000000000004 21.678571428571434 6.5000000000000009 43.500000000000007 54.500000000000007 50.500000000000007 0.93500000000000016
decision_type=2 2 2 2 2 2 2 2 2 2 2 2 2 2 2 2 2 2 2 2 2 2 2 2 2 2 2 2 2 2
left_child=1 3 12 5 -4 -1 7 -6 -7 11 -11 -10 16 15 -15 -14 -2 18 19 -18 21 22 23 24 -8 27 -27 29 -29 -22
right_child=2 -3 4 -5 6 8 20 -9 9 10 -12 -13 13 14 -16 -17 17 -19 -20 -21 25 -23 -24 -25 -26 26 -28 28 -30 -31
leaf_value=-0.0031430394946625677 0.0046129275366076942 0.50650086790323268 0.046759514829823656 0.35503484659961293 0.090036121507485717 0.0010646768353005098 0.152946253265104 0.50568781550973652 0.011960351644865364 0.0010212545459334916 -0.50802901195628303 0.25895186840526518 0.023627208782106193 0.063398575509302821 -0.17367145620106209 -0.23379862581690156 -0.074911058247089393 0.1642667759458224 0.035680885293654034 -0.36124566247065865 -0.17512953216614932 -0.079934067075902782 0.42435105037875476 0.10318815844971957 0.53803878189487897 0.079025784427566192 0.43346887125323219 -0.31776785050397338 0.067766499235516503 0.09526318992982713
leaf_weight=286161 2913 20 1642 28 27 139178 31 32 21343 37 21 31 9765 1470 31 24 35 30 28 48 23 22 32 173 22 56 24 23 21 209
leaf_count=286161 2913 20 1642 28 27 139178 31 32 21343 37 21 31 9765 1470 31 24 35 30 28 48 23 22 32 173 22 56 24 23 21 209
internal_value=6.31904e-07 -0.0010709 0.0287028 -0.00109362 0.0712314 -0.00111594 0.129048 0.315474 0.00249577 0.0117892 -0.18329 0.0123186 0.0217738 0.0277166 0.0585024 0.0229961 -0.000195531 -0.0995362 -0.170834 -0.240502 0.111754 0.16518 0.186081 0.152344 0.312796 0.0697336 0.185359 0.0362191 -0.133763 0.068457
internal_weight=463500 446819 16681 446799 2337 446771 695 59 160610 21432 58 21374 14344 11290 1501 9789 3054 141 111 83 636 280 258 226 53 356 80 276 44 232
internal_count=463500 446819 16681 446799 2337 446771 695 59 160610 21432 58 21374 14344 11290 1501 9789 3054 141 111 83 636 280 258 226 53 356 80 276 44 232
is_linear=0
shrinkage=0.05


Tree=58
num_leaves=31
num_cat=0
split_feature=10 9 9 16 14 8 9 14 11 16 12 10 9 11 14 15 12 15 8 15 13 1 1 14 12 10 13 9 1 5
split_gain=5268.06 1897.96 1421.28 1121.05 2094.36 1418.52 1044.62 949.403 1162.73 1633.76 947.96 1154.77 876.492 988.805 734.109 1002.19 845.52 725.927 687.136 660.835 589.34 596.2 572.155 544.244 544.229 506.064 495.708 1429.88 490.561 2316.8
threshold=7.5000000000000009 25.500000000000004 2.5000000000000004 0.21500000000000005 2.1071428571428577 1.0000000180025095e-35 78.500000000000014 11.178571428571429 1.5000000000000002 0.72000000000000008 22.500000000000004 11.500000000000002 1.0000000180025095e-35 16.500000000000004 20.678571428571434 21.517857142857146 29.500000000000004 6.7678571428571432 1.0000000180025095e-35 4.0892857142857144 1.0000000180025095e-35 2.5000000000000004 2.5000000000000004 27.321428571428573 26.500000000000004 15.500000000000002 16.071428571428573 17.500000000000004 6.5000000000000009 1.0000000180025095e-35
decision_type=2 2 2 2 2 2 2 2 2 2 2 2 2 2 2 2 2 2 2 2 2 2 2 2 2 2 2 2 2 2
left_child=2 12 20 4 -4 26 7 -3 9 -9 18 -12 -2 22 16 -16 -13 19 -10 -7 -1 -22 24 28 -14 -20 27 -6 -24 -30
right_child=1 6 3 -5 5 17 -8 8 10 -11 11 14 13 -15 15 -17 -18 -19 25 -21 21 -23 23 -25 -26 -27 -28 -29 29 -31
leaf_value=-0.0050167928545855013 -0.014710866104911558 -0.14470852909698373 0.59551198361441493 0.0065756253945789996 -0.048958501360882534 0.3110113575082758 0.36976805837715376 0.030332831807789354 -0.0052158719611664619 0.64031477181807817 0.50112465949995177 0.53245505040342156 0.037730247706340245 0.06559760987932875 -0.23752881217570532 0.11845042024237605 0.083264878392219549 0.34898419070243836 -0.045684430561959748 -0.022403248399496079 0.0028779741881413052 -0.0021347232262894744 0.0081313220099126296 -0.23359619668600234 0.1963133840398355 0.18118930721901499 -0.2400599829852581 0.361117305546999 0.054335541852983275 -0.34190533286646796
leaf_weight=109558 1215 42 20 47794 142 23 34 21 315 23 21 22 3311 1661 21 338 20 50 32 42 82704 209781 4779 22 55 106 22 25 1263 38
leaf_count=109558 1215 42 20 47794 142 23 34 21 315 23 21 22 3311 1661 21 338 20 50 32 42 82704 209781 4779 22 55 106 22 25 1263 38
internal_value=6.00255e-07 0.0309671 -0.000916989 0.00720399 0.0998959 0.0672896 0.0973978 0.0877614 0.0983857 0.349187 0.085774 0.139694 0.0256124 0.0300147 0.120767 0.0976271 0.318555 0.205752 0.0355434 0.0955742 -0.00188894 -0.000717317 0.0237723 0.0146434 0.0403215 0.128581 -0.0169603 0.0124301 0.0155416 0.042762
internal_weight=463500 13339 450161 48118 324 304 995 961 919 44 875 422 12344 11129 401 359 42 115 453 65 402043 292485 9468 6102 3366 138 189 167 6080 1301
internal_count=463500 13339 450161 48118 324 304 995 961 919 44 875 422 12344 11129 401 359 42 115 453 65 402043 292485 9468 6102 3366 138 189 167 6080 1301
is_linear=0
shrinkage=0.05


Tree=59
num_leaves=31
num_cat=1
split_feature=12 14 9 9 10 10 11 13 8 16 7 12 0 1 10 9 11 14 14 15 9 9 1 10 9 9 15 10 2 9
split_gain=4820.87 1875.74 1609.54 1453.74 1423.29 1142.1 729.023 645.42 630.755 1517.76 686.806 624.697 567.095 708.365 558.882 765.032 628.912 541.133 527.471 505.254 494.406 480.608 956.593 898.448 615.874 540.526 734.304 503.023 454.467 443.247
threshold=8.5000000000000018 28.892857142857146 25.500000000000004 3.5000000000000004 40.500000000000007 25.500000000000004 42.500000000000007 0.6428571428571429 1.0000000180025095e-35 0.21500000000000005 1.0000000180025095e-35 1.5000000000000002 0 2.5000000000000004 38.500000000000007 18.500000000000004 12.500000000000002 12.392857142857144 4.5357142857142865 7.6250000000000009 42.500000000000007 59.500000000000007 2.5000000000000004 48.500000000000007 54.500000000000007 48.500000000000007 39.928571428571438 1.0000000180025095e-35 3.5000000000000004 46.500000000000007
decision_type=2 2 2 2 2 2 2 2 2 2 2 2 1 2 2 2 2 2 2 2 2 2 2 2 2 2 2 2 2 2
left_child=1 3 7 11 5 -3 8 -2 12 10 -10 17 13 -5 16 28 -9 -1 -12 -20 -6 24 -23 -24 25 27 -27 -4 -16 -29
right_child=2 4 21 6 20 -7 -8 14 9 -11 18 -13 -14 -15 15 -17 -18 -19 19 -21 -22 22 23 -25 -26 26 -28 29 -30 -31
leaf_value=-0.0024175153604998334 -0.031139270961284639 0.28356930436911404 0.3026876300573349 0.026007085888316163 0.59326701706106011 -0.16467633068561555 -0.27196405244910199 0.023408286213459285 0.0091934129063572217 0.017879589246938818 0.51175601510774527 0.0029081016913856186 -0.0083243256945170815 0.0027656693208771019 -0.36580710941925648 0.12778347065222675 0.052596414388521667 -0.18407578292961529 0.019863662049174308 0.35143501112858455 0.26172164147314819 0.43748643974463147 0.24042418032884597 -0.14654015675187113 -0.12325103592867143 0.090333485510200262 0.46071581827557612 0.082230452746553453 -0.091373030224349353 -0.13230839523673057
leaf_weight=355980 452 27 25 4696 22 30 23 6858 28 10358 21 64538 5987 10861 22 29 2525 41 20 27 23 30 40 24 34 32 23 651 48 25
leaf_count=355980 452 27 25 4696 22 30 23 6858 28 10358 21 64538 5987 10861 22 29 2525 41 20 27 23 30 40 24 34 32 23 651 48 25
internal_value=5.70292e-07 -0.000787717 0.0329867 -0.000836036 0.213603 0.0476505 0.00943375 0.0272334 0.00963602 0.0197137 0.217607 -0.00161797 0.00474593 0.00977499 0.030016 -0.088161 0.0312629 -0.00243844 0.303425 0.210341 0.42381 0.0976388 0.204517 0.0953126 0.0849217 0.0942839 0.245221 0.0824415 -0.177624 0.0742963
internal_weight=463500 452682 10818 452580 102 57 32021 9934 31998 10454 96 420559 21544 15557 9482 99 9383 356021 68 47 45 884 94 64 790 756 55 701 70 676
internal_count=463500 452682 10818 452580 102 57 32021 9934 31998 10454 96 420559 21544 15557 9482 99 9383 356021 68 47 45 884 94 64 790 756 55 701 70 676
cat_boundaries=0 1
cat_threshold=101
is_linear=0
shrinkage=0.05


Tree=60
num_leaves=31
num_cat=0
split_feature=10 15 15 10 14 12 10 6 15 9 1 13 16 15 13 12 10 11 9 17 11 14 13 9 14 1 13 14 11 8
split_gain=4423.86 1658.84 1074.81 962.198 930.38 1069.51 1619.47 869.03 804.73 766.859 764.462 734.219 799.722 1742.58 731.712 703.132 687.925 683.955 673.299 2172.99 688.399 524.269 497.994 464.792 588.97 463.018 486.634 707.968 570.536 451.935
threshold=6.5000000000000009 21.517857142857146 0.87500000000000011 54.500000000000007 18.178571428571434 4.5000000000000009 41.500000000000007 1.0000000180025095e-35 4.5178571428571432 8.5000000000000018 2.5000000000000004 22.214285714285719 0.39000000000000007 12.232142857142859 16.642857142857149 13.500000000000002 27.500000000000004 34.500000000000007 24.500000000000004 0.0088493150684931816 4.5000000000000009 37.821428571428577 11.928571428571431 3.5000000000000004 10.821428571428575 2.5000000000000004 13.785714285714286 11.535714285714286 28.500000000000004 1.0000000180025095e-35
decision_type=2 2 2 2 2 2 2 2 2 2 2 2 2 2 2 2 2 2 2 2 2 2 2 2 2 2 2 2 2 2
left_child=2 3 9 10 -3 6 16 25 -9 -1 18 12 13 -10 -7 21 -6 29 23 20 -20 -16 -14 24 -2 -4 -27 -28 -29 -12
right_child=1 4 7 -5 5 14 -8 8 11 -11 17 -13 22 -15 15 -17 -18 -19 19 -21 -22 -23 -24 -25 -26 26 27 28 -30 -31
leaf_value=-0.0025500301958551199 0.016809394560116823 0.37013102791139058 0.0058403911348560364 0.35938200865473069 0.26244571596384048 -0.16359265486107155 0.53656910148359116 0.0066426421877762293 0.048904270601148409 0.15842654891563834 0.0058954678079516003 -0.27114794194698333 0.031545215918944623 0.47495460193604233 0.020831964928892596 0.088426462592977317 -0.152260380089283 -0.16858835564209865 -0.15886882091207166 0.60641978628756044 0.11092107972791909 -0.22468775073687236 -0.076515590397678107 0.042113416029008893 -0.13532428961585871 -0.0024275688190287404 0.33947151519047719 -0.019746417740688606 0.26593545133417307 0.028919366712620229
leaf_weight=316996 1763 28 24806 21 20 34 31 38330 96 74 6694 20 3467 32 79 820 20 52 28 21 152 30 110 3713 66 62739 24 85 22 3127
leaf_count=316996 1763 28 24806 21 20 34 31 38330 96 74 6694 20 3467 32 79 820 20 52 28 21 152 30 110 3713 66 62739 24 85 22 3127
internal_value=5.32777e-07 0.0252678 -0.000943819 0.0211609 0.0857379 0.0780367 0.265315 0.00289003 0.0087988 -0.00251246 0.0207061 0.0309855 0.0326164 0.155417 0.0642291 0.0725671 0.0550927 0.0122687 0.0352111 0.125107 0.0689538 -0.0467423 0.0282221 0.0319507 0.0113196 5.58072e-05 -0.00222656 0.0940416 0.0389919 0.0132263
internal_weight=463500 16699 446801 15637 1062 1034 71 129731 42055 317070 15616 3725 3705 128 963 929 40 9873 5743 201 180 109 3577 5542 1829 87676 62870 131 107 9821
internal_count=463500 16699 446801 15637 1062 1034 71 129731 42055 317070 15616 3725 3705 128 963 929 40 9873 5743 201 180 109 3577 5542 1829 87676 62870 131 107 9821
is_linear=0
shrinkage=0.05


Tree=61
num_leaves=31
num_cat=0
split_feature=11 15 9 11 9 10 9 10 11 11 2 16 8 16 16 13 15 16 14 15 12 13 9 9 6 12 9 1 13 1
split_gain=4087.52 1725.63 1354.02 1016.8 974.672 1023.79 741.082 955.816 1310.21 747.984 754.825 707.5 622.826 1024.4 709.074 647.61 592.251 558.274 1716.76 663.741 804.648 605.778 534.932 951.706 865.04 672.775 513.063 500.164 561.699 490.908
threshold=6.5000000000000009 23.089285714285719 9.5000000000000018 25.500000000000004 1.0000000180025095e-35 43.500000000000007 62.500000000000007 45.500000000000007 69.500000000000014 63.500000000000007 6.5000000000000009 1.9650000000000001 1.0000000180025095e-35 0.24000000000000002 0.39000000000000007 36.642857142857146 18.446428571428573 0.21500000000000005 1.9642857142857146 3.410714285714286 21.500000000000004 23.071428571428573 57.500000000000007 43.500000000000007 1.0000000180025095e-35 29.500000000000004 30.500000000000004 2.5000000000000004 13.928571428571431 6.5000000000000009
decision_type=2 2 2 2 2 2 2 2 2 2 2 2 2 2 2 2 2 2 2 2 2 2 2 2 2 2 2 2 2 2
left_child=1 4 -2 12 -1 11 9 -8 -9 22 -11 16 14 -14 -4 29 17 18 -6 -20 -21 26 23 -5 25 -25 -19 28 -13 -15
right_child=2 -3 3 6 5 -7 7 8 -10 10 -12 27 13 15 -16 -17 -18 21 19 20 -22 -23 -24 24 -26 -27 -28 -29 -30 -31
leaf_value=-0.0026861250905963322 0.014468887777494272 0.3234567118763208 -0.12087680724050319 0.082323481185968772 0.48682537232728107 0.33574527813040694 0.49711290097236632 -0.11274772794158371 0.42119141444563868 -0.32982189860194921 0.035890227551896907 0.0050770652166619752 0.30264257303504061 0.039505594144915043 0.026442118767010522 0.31800516532815021 -0.20973573712812318 0.008211520711628055 0.19773846652744145 -0.0083231710463631467 0.29258433297897379 0.26469253457110858 -0.16132552921772003 -0.02365924918651581 0.5352735350077803 0.34695953217645492 -0.17808485309014452 -0.0015893234503589152 0.24215610694885253 0.13167454909147105
leaf_weight=286160 11298 41 84 672 23 23 25 27 20 21 43 38375 43 1213 2957 23 31 32127 58 299 24 23 20 25 22 24 37 89573 25 164
leaf_count=286160 11298 41 84 672 23 23 25 27 20 21 43 38375 43 1213 2957 23 31 32127 58 299 24 23 20 25 22 24 37 89573 25 164
internal_value=5.06157e-07 -0.00090673 0.0243018 0.0449395 -0.000936496 0.00218068 0.0934715 0.247326 0.11446 0.0800767 -0.0841091 0.0021329 0.0352093 0.062261 0.0223728 0.0548779 0.00870602 0.0089138 0.0673248 0.0420006 0.0140353 0.00818064 0.0938485 0.100717 0.274811 0.157868 0.00799721 0.000457329 0.00523141 0.0504829
internal_weight=463500 446819 16681 5383 446778 160618 899 72 47 827 64 160595 4484 1443 3041 1400 32622 32591 404 381 323 32187 763 743 71 49 32164 127973 38400 1377
internal_count=463500 446819 16681 5383 446778 160618 899 72 47 827 64 160595 4484 1443 3041 1400 32622 32591 404 381 323 32187 763 743 71 49 32164 127973 38400 1377
is_linear=0
shrinkage=0.05


Tree=62
num_leaves=31
num_cat=0
split_feature=12 14 10 9 10 9 11 8 16 15 2 12 13 1 10 1 1 12 14 11 14 15 12 2 14 13 15 13 11 13
split_gain=3744.6 2119.34 2102.71 1297.28 1090.64 905.429 680.371 642.75 931.974 1354.03 1144.23 1668.91 753.129 928.396 780.18 526.922 517.031 504.605 581.927 507.789 450.923 450.596 448.845 668.722 1465.98 1284.3 777.356 601.792 855.154 578.078
threshold=6.5000000000000009 28.892857142857146 34.500000000000007 25.500000000000004 24.500000000000004 3.5000000000000004 42.500000000000007 1.0000000180025095e-35 0.21500000000000005 6.7678571428571432 9.5000000000000018 20.500000000000004 30.500000000000004 5.5000000000000009 11.500000000000002 3.5000000000000004 2.5000000000000004 47.500000000000007 28.892857142857146 16.500000000000004 19.607142857142861 0.37500000000000006 22.500000000000004 10.500000000000002 20.107142857142861 19.357142857142858 23.089285714285719 27.500000000000004 11.500000000000002 31.928571428571434
decision_type=2 2 2 2 2 2 2 2 2 2 2 2 2 2 2 2 2 2 2 2 2 2 2 2 2 2 2 2 2 2
left_child=1 5 4 7 -3 16 -7 12 9 -9 11 -11 14 -14 20 -4 21 18 19 -16 -2 -1 29 24 25 -24 -26 -28 -29 -5
right_child=3 2 15 22 -6 6 -8 8 -10 10 -12 -13 13 -15 17 -17 -18 -19 -20 -21 -22 -23 23 -25 26 -27 27 28 -30 -31
leaf_value=-0.0017356977936940005 0.0073026536570296912 0.25784338514010113 0.63645248985290526 0.06554072195757181 -0.24053960170434868 0.0078366726117542404 -0.28389114290475848 -0.064524070501793179 0.030963834552253284 0.79278352677822117 0.049321080148220064 0.19907842463460462 -0.31533554192436375 0.076988630175590517 0.022964865991772023 0.29213063120841981 -0.0026142878036061732 0.28952621772885323 -0.2076273961303135 0.073270125341572109 -0.14640975869260728 0.004421424191792713 0.18251465431281499 -0.15525829114697198 -0.1024519147756307 0.64732069865516995 0.27677662995457653 0.38949841829863463 0.065666887110284289 -0.1087459448311064
leaf_weight=60595 7944 21 25 400 23 28951 20 40 5138 20 30 29 38 25 1491 20 298997 20 24 756 48 58308 42 22 46 23 50 22 278 54
leaf_count=60595 7944 21 25 400 23 28951 20 40 5138 20 30 29 38 25 1491 20 298997 20 24 756 48 58308 42 22 46 23 50 22 278 54
internal_value=4.80874e-07 -0.000864052 0.243104 0.0233627 -0.00267499 -0.000912641 0.00763528 0.0199312 0.0341677 0.172501 0.292514 0.441407 0.0126974 -0.159651 0.0137533 0.483421 -0.00150523 0.0394763 0.0372742 0.03989 0.00637946 0.00128365 0.0805045 0.114055 0.126908 0.346984 0.0907838 0.116181 0.0894145 0.0448106
internal_weight=463500 446960 89 16540 44 446871 28971 15603 5257 119 79 49 10346 63 10283 45 417900 2291 2271 2247 7992 118903 937 483 461 65 396 350 300 454
internal_count=463500 446960 89 16540 44 446871 28971 15603 5257 119 79 49 10346 63 10283 45 417900 2291 2271 2247 7992 118903 937 483 461 65 396 350 300 454
is_linear=0
shrinkage=0.05


Tree=63
num_leaves=31
num_cat=1
split_feature=11 15 9 10 11 9 1 9 16 0 1 9 17 13 11 9 8 16 16 13 16 14 13 13 13 13 15 1 13 2
split_gain=3428.5 1512.78 1127.05 1040.73 876.995 801.951 716.737 1021.38 939.612 686.487 746.418 585.09 1124.62 1017.7 735.654 569.618 548.402 889.695 638.551 553.774 528.472 2372.78 521.92 488.029 678.966 692.783 489.944 487.664 882.416 751.822
threshold=6.5000000000000009 27.982142857142861 9.5000000000000018 43.500000000000007 25.500000000000004 1.0000000180025095e-35 2.5000000000000004 58.500000000000007 2.6750000000000003 0 2.5000000000000004 14.500000000000002 0.020635616438356322 20.357142857142858 2.5000000000000004 22.500000000000004 1.0000000180025095e-35 0.24000000000000002 0.69000000000000006 36.642857142857146 0.84000000000000019 2.2500000000000004 12.071428571428573 42.500000000000007 34.500000000000007 27.500000000000004 25.660714285714288 6.5000000000000009 44.642857142857146 6.5000000000000009
decision_type=2 2 2 2 2 2 2 2 2 1 2 2 2 2 2 2 2 2 2 2 2 2 2 2 2 2 2 2 2 2
left_child=1 3 -2 5 16 -1 7 8 -6 10 11 20 13 14 22 -10 18 -18 -4 -19 21 -7 -13 24 25 26 -20 29 -29 -8
right_child=2 -3 4 -5 6 9 27 -9 15 -11 -12 12 -14 -15 -16 -17 17 19 23 -21 -22 -23 -24 -25 -26 -27 -28 28 -30 -31
leaf_value=-0.002456020027020357 0.01328569262273601 0.43401277273893357 -0.072437572043219753 0.30397282934614589 0.15281347508837539 0.56960741858119546 0.10552085376798342 0.41303194107547886 -0.22233139826305984 -0.0024466263656192783 0.0016782154963930482 0.11840655845016815 0.4384167625790551 -0.28461654069833459 0.00075207384320620074 0.07362926473488679 0.28145304689573691 0.04648811916662441 0.026567587859393837 0.29387091398239135 0.0098779032451259876 0.028109633399262313 0.38346969473820469 -0.22044304348528387 0.25289027013561943 -0.14189719653031865 0.26347318291664124 0.068527436662804003 0.40646468028426175 -0.035945166041285302
leaf_weight=286161 11298 20 176 28 287 23 156 31 29 57031 73643 65 21 20 107 37 43 1377 2729 23 29506 168 26 20 33 61 22 99 24 236
leaf_count=286161 11298 20 176 28 287 23 156 31 29 57031 73643 65 21 20 107 37 43 1377 2729 23 29506 168 26 20 33 61 22 99 24 236
internal_value=4.56794e-07 -0.000830431 0.0222567 -0.000849896 0.0410854 -0.000869 0.0861576 0.13786 0.113694 0.00195861 0.00438397 0.0110416 0.0889604 0.0552972 0.0896319 -0.0564141 0.0320488 0.0574329 0.0200037 0.0505523 0.0104145 0.0933162 0.194139 0.0256824 0.0274127 0.0247666 0.0284621 0.0476069 0.134466 0.0203525
internal_weight=463500 446819 16681 446799 5383 446771 899 384 353 160610 103579 29936 239 218 198 66 4484 1443 3041 1400 29697 191 91 2865 2845 2812 2751 515 123 392
internal_count=463500 446819 16681 446799 5383 446771 899 384 353 160610 103579 29936 239 218 198 66 4484 1443 3041 1400 29697 191 91 2865 2845 2812 2751 515 123 392
cat_boundaries=0 1
cat_threshold=39
is_linear=0
shrinkage=0.05


Tree=64
num_leaves=31
num_cat=1
split_feature=12 14 10 1 9 10 9 11 12 2 13 8 8 16 7 14 1 9 13 0 4 15 14 10 9 1 11 2 11 10
split_gain=3147.37 1266.84 1022.79 1004.65 990.34 1049.56 913.775 601.742 551.14 945.615 700.724 931.276 527.882 1253.26 593.357 501.844 549.883 492.141 485.338 484.665 561.236 484.361 474.93 449.772 411.586 817.078 1334.71 533.762 500.922 454.893
threshold=8.5000000000000018 28.892857142857146 40.500000000000007 4.5000000000000009 14.500000000000002 37.500000000000007 3.5000000000000004 42.500000000000007 22.500000000000004 9.5000000000000018 12.500000000000002 1.0000000180025095e-35 1.0000000180025095e-35 0.21500000000000005 1.0000000180025095e-35 1.0000000180025095e-35 2.5000000000000004 42.500000000000007 0.6428571428571429 0 1.0000000180025095e-35 4.4107142857142874 22.107142857142861 75.500000000000014 37.500000000000007 2.5000000000000004 31.500000000000004 3.5000000000000004 5.5000000000000009 48.500000000000007
decision_type=2 2 2 2 2 2 2 2 2 2 2 2 2 2 2 2 2 2 2 1 2 2 2 2 2 2 2 2 2 2
left_child=1 6 3 -3 5 18 15 12 -6 10 11 -10 19 14 -14 -1 -17 -4 -2 20 -8 -16 -7 24 28 26 -26 -27 -12 -29
right_child=4 2 17 -5 8 22 7 -9 9 -11 23 -13 13 -15 21 16 -18 -19 -20 -21 -22 -23 -24 -25 25 27 -28 29 -30 -31
leaf_value=-0.0051608226146575373 -0.030747888412530563 0.2723638334274292 0.52281562333757226 -0.15066537195816637 0.036952096734378867 -0.011351244859397411 0.0015864598342919343 -0.24818970535112467 0.1075063083706231 -0.020860850579551692 0.28685861638298743 0.54471184625512081 0.0029773988361869539 0.015202340379305349 0.4831913253106177 0.0026139616402049027 -0.0017738859806641369 0.19203076971613842 0.022557089996770117 -0.0089049201994245257 0.022273899458264829 0.19032238487464687 -0.32013242443402612 -0.095510282598692806 0.64185567164704915 -0.048577104296003072 0.14027667720284728 0.23789029320081079 0.064482676642079503 0.020594107440194569
leaf_weight=70016 452 25 22 32 1698 20 10861 23 29 169 27 21 28 10358 20 99834 250709 23 7727 5987 4696 48 33 29 21 42 36 69 408 37
leaf_count=70016 452 25 22 32 1698 20 10861 23 29 169 27 21 28 10358 20 99834 250709 23 7727 5987 4696 48 33 29 21 42 36 69 408 37
internal_value=4.31283e-07 -0.000636505 0.175553 0.0348738 0.0266532 0.0181741 -0.000676214 0.00746592 0.0536447 0.0855637 0.110579 0.291133 0.00764968 0.016869 0.196694 -0.00129615 -0.000524235 0.353748 0.0196113 0.0031761 0.00782609 0.27646 -0.203611 0.0970843 0.105811 0.16422 0.325069 0.102271 0.0782853 0.162042
internal_weight=463500 452682 102 57 10818 8232 452580 32021 2586 888 719 50 31998 10454 96 420559 350543 45 8179 21544 15557 68 53 669 640 205 57 148 435 106
internal_count=463500 452682 102 57 10818 8232 452580 32021 2586 888 719 50 31998 10454 96 420559 350543 45 8179 21544 15557 68 53 669 640 205 57 148 435 106
cat_boundaries=0 1
cat_threshold=101
is_linear=0
shrinkage=0.05


Tree=65
num_leaves=31
num_cat=1
split_feature=10 11 9 12 13 13 12 13 11 9 9 9 15 0 16 7 13 16 15 1 14 9 8 11 11 12 2 9 13 13
split_gain=2917.81 1117.73 934.383 799.04 2953.21 756.262 718.359 647.221 619.226 571.825 548.72 466.631 972.339 460.666 461.467 459.05 794.473 586.349 717.26 450.932 450.239 643.562 932.786 440.363 684.923 779.094 582.308 500.884 423.369 940.79
threshold=6.5000000000000009 16.500000000000004 1.5000000000000002 48.500000000000007 22.642857142857149 44.928571428571438 2.5000000000000004 37.214285714285722 39.500000000000007 47.500000000000007 78.500000000000014 25.500000000000004 4.6250000000000009 0 6.285000000000001 1.0000000180025095e-35 18.785714285714288 0.21500000000000005 7.2678571428571432 2.5000000000000004 21.392857142857146 27.500000000000004 1.0000000180025095e-35 63.500000000000007 48.500000000000007 12.500000000000002 6.5000000000000009 49.500000000000007 27.500000000000004 26.500000000000004
decision_type=2 2 2 2 2 2 2 2 2 2 2 2 2 1 2 2 2 2 2 2 2 2 2 2 2 2 2 2 2 2
left_child=6 3 -3 5 -5 7 8 9 11 19 13 -1 -13 23 -15 -8 17 18 -17 20 21 -2 -23 24 28 -26 -25 -28 29 -4
right_child=1 2 10 4 -6 -7 15 -9 -10 -11 -12 12 -14 14 -16 16 -18 -19 -20 -21 -22 22 -24 26 25 -27 27 -29 -30 -31
leaf_value=-0.0014796569240863237 0.025879943833024228 -0.075609773098334776 0.069420370138223456 -0.1635799738376037 0.65652541076498372 -0.28539912700653075 0.0015577015449092834 0.25502801707812717 0.27676297090947627 -0.23470655679702759 0.28281337309766702 0.38485621198390924 -0.021659352904871892 0.025919035007501697 -0.14215584295275419 0.034305330625686213 -0.30282650992274285 0.011671824743067478 0.29588297419250015 0.0081485607651041528 -0.19886615056205881 0.04234550909416096 0.45956499207587476 -0.26044936892778975 0.47452188462018968 0.12986189823720481 -0.10026629689119515 0.19430472056070966 0.011509870983589488 0.34792471258871016
leaf_weight=400862 4938 137 1388 23 21 21 30189 28 20 23 27 24 38 364 46 76 20 15532 40 9064 22 37 21 23 20 91 31 27 316 31
leaf_count=400862 4938 137 1388 23 21 21 30189 28 20 23 27 24 38 364 46 76 20 15532 40 9064 22 37 21 23 20 91 31 27 316 31
internal_value=4.00113e-07 0.0205208 0.0513421 0.0150916 0.227834 0.0144302 -0.000766541 0.0148757 -0.00144456 0.014399 0.0586993 -0.00145844 0.135702 0.05611 0.00689371 0.00516166 0.0121057 0.0125083 0.124505 0.0148059 0.026831 0.0278248 0.193408 0.0662023 0.0715526 0.191963 -0.04756 0.0368616 0.0638491 0.0755047
internal_weight=463500 16699 2501 14198 44 14154 446801 14133 400944 14105 2364 400924 62 2337 410 45857 15668 15648 116 14082 5018 4996 58 1927 1846 111 81 58 1735 1419
internal_count=463500 16699 2501 14198 44 14154 446801 14133 400944 14105 2364 400924 62 2337 410 45857 15668 15648 116 14082 5018 4996 58 1927 1846 111 81 58 1735 1419
cat_boundaries=0 1
cat_threshold=12
is_linear=0
shrinkage=0.05


Tree=66
num_leaves=31
num_cat=1
split_feature=11 15 12 11 9 13 12 13 9 10 0 16 11 9 15 9 16 14 9 9 17 13 10 9 13 1 1 1 2 8
split_gain=2675.35 1304.77 856.226 940.471 699.102 712.851 1395.12 826.808 664.422 784.062 585.777 624.414 818.281 1806.76 2474.61 1269.08 579.984 1780.45 1739.76 561.964 585.29 517.21 481.65 478.551 472.257 450.267 449.701 772.517 732.122 574.811
threshold=6.5000000000000009 23.089285714285719 14.500000000000002 73.500000000000014 60.500000000000007 33.785714285714292 6.5000000000000009 39.928571428571438 1.0000000180025095e-35 43.500000000000007 0 1.4750000000000003 1.0000000180025095e-35 25.500000000000004 8.0535714285714306 26.500000000000004 0.84000000000000019 3.3214285714285716 7.5000000000000009 1.0000000180025095e-35 -3.3306690738754691e-16 15.214285714285717 23.500000000000004 20.500000000000004 2.0714285714285716 2.5000000000000004 2.5000000000000004 6.5000000000000009 11.500000000000002 1.0000000180025095e-35
decision_type=2 2 2 2 2 2 2 2 2 2 1 2 2 2 2 2 2 2 2 2 2 2 2 2 2 2 2 2 2 2
left_child=1 8 3 4 5 -2 7 -7 -1 10 11 12 13 16 -15 22 17 18 24 20 -4 -17 -14 -12 -10 -13 -21 -28 29 -29
right_child=2 -3 19 -5 -6 6 -8 -9 9 -11 23 25 15 14 -16 21 -18 -19 -20 26 -22 -23 -24 -25 -26 -27 27 28 -30 -31
leaf_value=-0.0022040482596792691 0.013458647408512207 0.28131567432386118 -0.18488281237728454 0.35694325834512713 -0.28157402005046611 0.56433922825824645 -0.15833047628402711 0.13474025577306747 0.020377362122138341 0.29372499066850416 -0.0020976984000600656 0.0081286529160802881 0.0095879632912333618 0.60694230115041137 -0.064698583943148466 -0.07992906865698321 0.025353219930838274 0.013012791045357365 0.69922597099095585 0.073693529342433062 0.014140543479249992 -0.38941194348865088 -0.14767893254756928 -0.1074475544496198 0.29072413448776518 0.00046784845696635374 0.014313947600861627 0.066340363543667638 -0.17468505424136918 0.19594486821298451
leaf_weight=286160 13547 41 51 20 20 21 21 24 30 23 56923 27063 7578 32 24 27 2649 177 20 1130 134 27 49 108 35 65853 1306 254 24 129
leaf_count=286160 13547 41 51 20 20 21 21 24 30 23 56923 27063 7578 32 24 27 2649 177 20 1130 134 27 49 108 35 65853 1306 254 24 129
internal_value=3.80095e-07 -0.000733594 0.0196607 0.0143259 0.0138233 0.0142573 0.178181 0.33522 -0.000759477 0.0018142 0.00177239 0.00401306 0.0154821 0.0377838 0.319096 0.00686748 0.0323721 0.103338 0.291426 0.0437148 -0.0407254 -0.234671 0.0085776 -0.0022968 0.165949 0.00269916 0.0492095 0.0330583 0.0932061 0.109993
internal_weight=463500 446819 16681 13653 13633 13613 66 45 446778 160618 160595 103564 10648 2967 56 7681 2911 262 85 3028 185 54 7627 57031 65 92916 2843 1713 407 383
internal_count=463500 446819 16681 13653 13633 13613 66 45 446778 160618 160595 103564 10648 2967 56 7681 2911 262 85 3028 185 54 7627 57031 65 92916 2843 1713 407 383
cat_boundaries=0 1
cat_threshold=39
is_linear=0
shrinkage=0.05


Tree=67
num_leaves=31
num_cat=1
split_feature=12 14 10 10 9 9 16 8 16 15 2 12 14 10 11 1 16 0 9 14 2 12 12 12 10 11 9 11 12 14
split_gain=2466.59 1535.73 1720.44 957.761 841.768 607.702 624.95 537.019 757.901 1154.82 1032.8 1511.82 706.079 627.129 465.438 448.886 432.386 528.606 719.637 404.71 397.471 468.423 474.009 433.315 388.029 384.617 605.194 480.552 378.442 408.473
threshold=6.5000000000000009 28.892857142857146 34.500000000000007 24.500000000000004 25.500000000000004 1.0000000180025095e-35 1.9650000000000001 1.0000000180025095e-35 0.21500000000000005 6.7678571428571432 9.5000000000000018 20.500000000000004 24.964285714285719 11.500000000000002 16.500000000000004 3.5000000000000004 6.285000000000001 0 11.500000000000002 24.535714285714288 9.5000000000000018 43.500000000000007 29.500000000000004 14.500000000000002 2.5000000000000004 24.500000000000004 14.500000000000002 31.500000000000004 8.5000000000000018 11.464285714285717
decision_type=2 2 2 2 2 2 2 2 2 2 2 2 2 2 2 2 2 1 2 2 2 2 2 2 2 2 2 2 2 2
left_child=1 5 3 -3 7 -1 19 12 9 -9 11 -11 13 -2 -15 -4 -10 18 -18 25 21 22 23 -14 -6 -7 27 -27 -26 -30
right_child=4 2 15 -5 24 6 -8 8 16 10 -12 -13 20 14 -16 -17 17 -19 -20 -21 -22 -23 -24 -25 28 26 -28 -29 29 -31
leaf_value=-0.0021257354501902546 0.0047180447957590908 0.22879103138333276 0.56560040548443791 -0.23824614966693136 0.21170276713579203 0.0076948419511910227 0.00013880108537832805 -0.064938292825245311 0.022884955515603815 0.74067954301834105 0.033742329726616546 0.17560674918108976 -0.19350098163953849 0.018905910468978462 0.067973647944956972 0.24779653310775759 0.10480329927291956 0.0096633479865785282 0.38846042856873414 -0.17882869382356775 -0.26509834224956913 0.13726759922504425 -0.26454608361236753 0.052170809149742127 -0.078639460805182665 0.11421285341831222 0.29954875249947821 -0.11324364227908 -0.12566660195589066 0.071990841712861783
leaf_weight=285969 7980 21 25 23 43 32635 128106 40 4865 20 30 29 28 1487 716 20 111 134 28 29 28 25 32 50 48 69 28 35 27 819
leaf_count=285969 7980 21 25 23 43 32635 128106 40 4865 20 30 29 28 1487 716 20 111 134 28 29 28 25 32 50 48 69 28 35 27 819
internal_value=3.61152e-07 -0.000701299 0.206976 -0.015342 0.0189613 -0.000742661 0.00171546 0.0161971 0.0292102 0.153957 0.264791 0.406249 0.00958498 0.0112376 0.0348535 0.424354 0.0263209 0.0875516 0.151074 0.00787412 -0.0936566 -0.0580983 -0.1025 -0.0360191 0.0649904 0.00803936 0.0932161 0.037665 0.0579338 0.0656826
internal_weight=463500 446960 89 44 16540 446871 160902 15603 5257 119 79 49 10346 10183 2203 45 5138 273 139 32796 163 135 110 78 937 32767 132 104 894 846
internal_count=463500 446960 89 44 16540 446871 160902 15603 5257 119 79 49 10346 10183 2203 45 5138 273 139 32796 163 135 110 78 937 32767 132 104 894 846
cat_boundaries=0 1
cat_threshold=2
is_linear=0
shrinkage=0.05


Tree=68
num_leaves=31
num_cat=0
split_feature=10 9 12 13 15 9 9 13 16 6 15 6 9 13 15 16 15 11 13 2 14 1 1 5 11 12 12 11 14 14
split_gain=2259.83 944.719 774.25 678.129 604.827 659.574 597.177 826.463 576.397 956.17 575.533 734.522 647.106 584.639 612.166 561.664 1411.79 549.375 484.131 481.259 717.509 602.917 886.035 677.077 579.947 535.664 1204.23 820.077 774.246 515.047
threshold=6.5000000000000009 78.500000000000014 14.500000000000002 50.071428571428577 6.9821428571428585 1.0000000180025095e-35 59.500000000000007 43.928571428571438 0.69000000000000006 1.0000000180025095e-35 0.87500000000000011 1.0000000180025095e-35 8.5000000000000018 22.214285714285719 4.5178571428571432 0.39000000000000007 12.232142857142859 7.5000000000000009 11.928571428571431 9.5000000000000018 28.035714285714288 6.5000000000000009 2.5000000000000004 1.0000000180025095e-35 46.500000000000007 39.500000000000007 36.500000000000007 46.500000000000007 25.250000000000004 39.250000000000007
decision_type=2 2 2 2 2 2 2 2 2 2 2 2 2 2 2 2 2 2 2 2 2 2 2 2 2 2 2 2 2 2
left_child=10 2 3 -2 8 -6 19 -8 9 -4 12 -12 -1 14 -13 16 -16 -10 -17 21 -21 22 23 -7 -22 26 29 28 -27 -24
right_child=1 -3 4 -5 5 6 7 -9 17 -11 11 13 -14 -15 15 18 -18 -19 -20 20 24 -23 25 -25 -26 27 -28 -29 -30 -31
leaf_value=-0.0018569774372700874 0.013001292783266935 0.28135238096994514 0.09829405913941372 -0.27134535903377194 -0.09305121876376192 0.092761632397356963 0.44745508943285262 0.066211550208655268 -0.014055253014770114 0.49941006933028503 -0.00047480392400661399 0.0058157729683039304 0.14601727287989816 -0.26270538032054902 0.034140499363032477 0.026693308297178215 0.41762663554400209 0.20481945390916534 -0.079852854015982966 0.011471488497776803 -0.39802133962512021 0.11563083100052558 -0.0063524165532122326 -0.065595379958550137 -0.017250017598271369 -0.03944894417987338 -0.38273782928784694 -0.12502129504084589 0.32822719383984805 0.22418856203556059
leaf_weight=316996 13736 34 39 21 97 675 21 44 79 24 87676 38330 74 20 96 3467 32 45 110 567 20 282 783 75 20 21 21 25 45 25
leaf_count=316996 13736 34 39 21 97 675 21 44 79 24 87676 38330 74 20 96 3467 32 45 110 567 20 282 783 75 20 21 21 25 45 25
internal_value=3.53484e-07 0.0180594 0.0175222 0.0125672 0.040963 0.0349852 0.0397182 0.189383 0.127946 0.2511 -0.000674596 0.00213086 -0.00182247 0.00756314 0.00769173 0.0270994 0.130012 0.0653751 0.0234168 0.0359167 -0.0029672 0.0480081 0.0365892 0.0769259 -0.207636 0.00370602 -0.00893453 0.11886 0.211239 0.000780658
internal_weight=463500 16699 16665 13757 2908 2721 2624 65 187 63 446801 129731 317070 42055 42035 3705 128 124 3577 2559 607 1952 1670 750 40 920 829 91 66 808
internal_count=463500 16699 16665 13757 2908 2721 2624 65 187 63 446801 129731 317070 42055 42035 3705 128 124 3577 2559 607 1952 1670 750 40 920 829 91 66 808
is_linear=0
shrinkage=0.05


Tree=69
num_leaves=31
num_cat=1
split_feature=11 15 10 9 1 10 9 11 11 2 13 11 1 15 9 12 14 9 15 2 14 0 15 14 16 5 13 10 13 14
split_gain=2073.44 1125.56 797.841 697.917 953.149 946.505 580.581 575.005 582.353 866.909 679.602 744.289 521.327 534.994 482.762 537.965 474.878 763.323 859.328 459.496 757.848 486.405 431.494 424.652 780.597 389.129 518.463 932.57 388.764 360.6
threshold=6.5000000000000009 27.982142857142861 43.500000000000007 62.500000000000007 2.5000000000000004 50.500000000000007 1.0000000180025095e-35 16.500000000000004 63.500000000000007 5.0000000000000009 54.357142857142868 58.500000000000007 2.5000000000000004 0.8392857142857143 33.500000000000007 2.5000000000000004 34.357142857142868 35.500000000000007 15.839285714285717 9.5000000000000018 28.035714285714288 0 23.089285714285719 7.7500000000000009 3.4900000000000007 1.0000000180025095e-35 16.785714285714288 18.500000000000004 20.785714285714288 8.3214285714285747
decision_type=2 2 2 2 2 2 2 2 2 2 2 2 2 2 2 2 2 2 2 2 2 1 2 2 2 2 2 2 2 2
left_child=1 2 12 6 -5 -6 23 16 10 -10 11 19 13 -1 -14 -16 17 -8 -19 21 -21 -9 -20 -2 -25 26 -15 -28 -23 -27
right_child=3 -3 -4 4 5 -7 7 8 9 -11 -12 -13 14 25 15 -17 -18 18 22 20 -22 28 -24 24 -26 29 27 -29 -30 -31
leaf_value=-7.5321226610683661e-05 -0.00043359230811068091 0.37443984627723692 0.2662294508091041 0.38692055456340313 0.20591530230912297 -0.21747856844555247 0.014621679690442653 0.062298852818968256 -0.37037864071982252 0.010254724352405622 0.24342456467094875 0.3123260155618191 -0.0017307535422031825 0.0082570569058344704 -0.015234978134567673 -0.30876627763112391 -0.22242196145511808 0.45028450396798902 -0.094248758256435403 0.015542384596815721 -0.20426615600784623 0.018598838894206299 0.22664080634713174 -0.11271849073872893 0.13788534870018829 -0.0088577992027178351 0.33644186826422812 -0.080958726159904321 -0.13616327865463165 -0.20346446645756566
leaf_weight=89737 1743 20 28 30 33 22 11687 1620 21 52 42 25 319274 34702 37 27 21 21 22 591 42 413 20 194 37 2915 32 23 45 24
leaf_count=89737 1743 20 28 30 33 22 11687 1620 21 52 42 25 319274 34702 37 27 21 21 22 591 42 413 20 194 37 2915 32 23 45 24
internal_value=3.3585e-07 -0.000645819 -0.000662609 0.0173083 0.160215 0.0365578 0.0165764 0.0200125 0.0401595 -0.0992425 0.0438227 0.0407586 -0.000679335 0.00202442 -0.00175828 -0.139068 0.0151328 0.0155574 0.189132 0.0382543 0.000957932 0.0496155 0.0585558 -0.00887608 -0.0725785 0.00702294 0.00850017 0.161893 0.00332045 -0.010447
internal_weight=463500 446819 446799 16681 85 55 16596 14622 2851 73 2778 2736 446771 127433 319338 64 11771 11750 63 2711 633 2078 42 1974 231 37696 34757 55 458 2939
internal_count=463500 446819 446799 16681 85 55 16596 14622 2851 73 2778 2736 446771 127433 319338 64 11771 11750 63 2711 633 2078 42 1974 231 37696 34757 55 458 2939
cat_boundaries=0 1
cat_threshold=12
is_linear=0
shrinkage=0.05


Tree=70
num_leaves=31
num_cat=1
split_feature=9 0 1 9 11 13 8 10 10 13 1 5 10 15 8 17 11 10 12 11 9 9 10 10 13 10 11 11 15 9
split_gain=1923.04 1055.32 907.345 760.657 1608.87 1055.91 960.881 736.244 2344.6 2080.87 582.727 1454.19 1258.37 706.664 689.051 942.255 819.277 848.258 572.746 553.858 1032.63 956.71 936.602 745.14 990.093 581.987 940.345 785.476 746.272 1316
threshold=4.5000000000000009 0 1.5000000000000002 22.500000000000004 4.5000000000000009 21.785714285714288 1.0000000180025095e-35 64.500000000000014 71.500000000000014 56.142857142857146 6.5000000000000009 1.0000000180025095e-35 3.5000000000000004 8.696428571428573 1.0000000180025095e-35 0.020635616438356322 20.500000000000004 19.500000000000004 14.500000000000002 1.0000000180025095e-35 25.500000000000004 32.500000000000007 7.5000000000000009 1.0000000180025095e-35 7.7857142857142865 52.500000000000007 38.500000000000007 41.500000000000007 34.839285714285722 33.500000000000007
decision_type=2 1 2 2 2 2 2 2 2 2 2 2 2 2 2 2 2 2 2 2 2 2 2 2 2 2 2 2 2 2
left_child=-1 2 3 -2 -5 18 -7 10 -9 -10 19 13 -13 -12 -15 16 -16 -18 -6 20 23 -22 -23 24 -4 26 -21 -28 -29 -30
right_child=1 -3 7 4 5 6 -8 8 9 -11 11 12 -14 14 15 -17 17 -19 -20 25 21 22 -24 -25 -26 -27 27 28 29 -31
leaf_value=-0.00082622117794172399 0.042545859077817355 0.0024342381593250827 0.060791904708308191 0.57116579964756964 0.046699046290346553 -0.13931280668130366 0.19440608502310866 0.56704245185852054 -0.40144752178873333 0.27368903148174284 0.027745224129066843 -0.016474582942228921 -0.3793739595346981 0.057045968143717096 0.14375356895064836 -0.14577653726393527 0.62934003807604322 0.19246695980429651 0.32625995998112667 0.005726781463954167 0.52076290473341946 -0.10378653889894485 0.33350388358036676 0.0037088069917986868 0.33064331011594955 -0.14695726935980752 0.3090826417009036 -0.040617163054927997 0.5143970971660955 0.03830182845605181
leaf_weight=434854 1910 13587 418 20 28 59 34 25 21 25 1197 71 36 466 152 22 20 25 53 9255 20 25 24 866 37 61 42 79 21 47
leaf_count=434854 1910 13587 418 20 28 59 34 25 21 25 1197 71 36 466 152 22 20 25 53 9255 20 25 24 866 37 61 42 79 21 47
internal_value=3.86241e-07 0.0125485 0.0216581 0.0521272 0.146459 0.097642 -0.0173081 0.0167264 0.177294 -0.0345255 0.0158416 0.0407286 -0.138572 0.0509226 0.0914239 0.164575 0.199234 0.386633 0.229622 0.0112982 0.0407779 0.229343 0.110397 0.0309286 0.0827359 0.00698708 0.00798143 0.118388 0.0639032 0.185331
internal_weight=463500 28646 15059 2104 194 174 93 12955 71 46 12884 1989 107 1882 685 219 197 45 81 10895 1390 69 49 1321 455 9505 9444 189 147 68
internal_count=463500 28646 15059 2104 194 174 93 12955 71 46 12884 1989 107 1882 685 219 197 45 81 10895 1390 69 49 1321 455 9505 9444 189 147 68
cat_boundaries=0 1
cat_threshold=5
is_linear=0
shrinkage=0.05


Tree=71
num_leaves=31
num_cat=1
split_feature=12 14 10 10 8 16 15 12 6 11 15 1 10 10 9 16 16 17 16 15 16 13 15 10 9 11 16 1 16 0
split_gain=1797.26 1339.48 1542.55 876.069 608.805 703.817 947.012 778.277 634.215 769.985 486.145 527.228 473.938 507.125 505.071 762.715 1231.1 1026.46 1036.86 717.852 465.188 508.895 527.737 469.281 578.74 433.428 419.025 407.377 397.297 484.76
threshold=6.5000000000000009 28.892857142857146 34.500000000000007 24.500000000000004 1.0000000180025095e-35 0.21500000000000005 6.7678571428571432 15.500000000000002 1.0000000180025095e-35 11.500000000000002 0.16071428571428573 2.5000000000000004 51.500000000000007 44.500000000000007 25.500000000000004 0.93500000000000016 1.2050000000000003 0.029287671232876681 0.9850000000000001 17.553571428571434 0.24000000000000002 16.071428571428573 18.446428571428573 11.500000000000002 37.500000000000007 40.500000000000007 0.21500000000000005 3.5000000000000004 6.285000000000001 0
decision_type=2 2 2 2 2 2 2 2 2 2 2 2 2 2 2 2 2 2 2 2 2 2 2 2 2 2 2 2 2 1
left_child=1 10 3 -3 20 6 -6 -8 -9 -10 26 -12 13 14 28 -16 17 18 -17 -18 21 -2 -23 24 -22 -14 -1 -4 -7 -30
right_child=4 2 27 -5 5 12 7 8 9 -11 11 -13 25 -15 15 16 19 -19 -20 -21 23 22 -24 -25 -26 -27 -28 -29 29 -31
leaf_value=0.2100183663160905 -0.020283780416464919 0.21633468014853344 0.53374596422910692 -0.23034070561761444 -0.063149012532085186 0.019712084965477328 0.466332122027874 -0.054860253288195687 0.44157763481140133 0.030891111351194836 0.0035348065700934305 -0.00090839482315140455 0.35963586364174266 -0.21420101628384811 -0.17059146951263149 0.14200796829536558 0.20609608917497099 0.029306795961897947 0.5712463139172862 -0.048043518259630102 0.0040666498656783019 -0.056908792629837994 -0.3670733314007521 0.028730061975901652 0.25524259779764263 0.062920391815714544 -0.0034179480104453153 0.23099212646484377 0.14251746762568918 0.0074312643581328705
leaf_weight=23 211 21 25 23 40 4851 25 26 25 21 93309 234692 20 22 24 24 40 29 34 91 7913 32 24 2760 23 32 118847 20 139 134
leaf_count=23 211 21 25 23 40 4851 25 26 25 21 93309 234692 20 22 24 24 40 29 34 91 7913 32 24 2760 23 32 118847 20 139 134
internal_value=3.69573e-07 -0.000598571 0.193356 -0.0171547 0.0161855 0.029635 0.141563 0.22598 0.142525 0.25409 -0.0006372 0.000355597 0.0268163 0.0253664 0.0263486 0.0969345 0.126387 0.272189 0.39363 0.0295564 0.00934363 -0.0558454 -0.189836 0.0109709 0.0047946 0.177042 -0.00337665 0.399189 0.0230149 0.081704
internal_weight=463500 446960 89 44 16540 5577 137 97 72 46 446871 328001 5440 5388 5366 242 218 87 58 131 10963 267 56 10696 7936 52 118870 45 5124 273
internal_count=463500 446960 89 44 16540 5577 137 97 72 46 446871 328001 5440 5388 5366 242 218 87 58 131 10963 267 56 10696 7936 52 118870 45 5124 273
cat_boundaries=0 1
cat_threshold=2
is_linear=0
shrinkage=0.05


Tree=72
num_leaves=31
num_cat=2
split_feature=11 15 9 8 16 14 1 9 16 13 14 11 12 10 0 14 14 1 15 14 0 9 10 9 10 15 1 15 12 13
split_gain=1671.9 1205.45 730.589 583.715 1007.67 944.253 694.69 654.561 565.817 887.091 709.63 536.104 1040.82 509.427 477.517 744.654 456.176 418.073 412.952 411.284 467.005 469.849 443.304 543.365 1612.13 541.517 631.437 448.592 479.633 469.739
threshold=4.5000000000000009 23.089285714285719 9.5000000000000018 1.0000000180025095e-35 0.39000000000000007 13.107142857142859 6.5000000000000009 25.500000000000004 0.39000000000000007 16.642857142857149 12.035714285714286 48.500000000000007 53.500000000000007 43.500000000000007 0 13.035714285714286 17.178571428571434 3.5000000000000004 18.446428571428573 1.0000000180025095e-35 1 9.5000000000000018 23.500000000000004 14.500000000000002 1.0000000180025095e-35 16.232142857142861 1.5000000000000002 3.6250000000000004 5.5000000000000009 4.9285714285714297
decision_type=2 2 2 2 2 2 2 2 2 2 2 2 2 2 1 2 2 2 2 2 1 2 2 2 2 2 2 2 2 2
left_child=1 13 -2 8 5 -5 11 -8 9 10 -4 -6 -13 19 -10 -16 -7 -12 -11 -1 22 -22 23 -21 27 26 -26 29 -29 -25
right_child=2 -3 3 4 6 16 7 -9 14 18 17 12 -14 -15 15 -17 -18 -19 -20 20 21 -23 -24 24 25 -27 -28 28 -30 -31
leaf_value=-0.0043090991221632902 0.0074486492721264428 0.31616504301627479 -0.16635005501183597 0.44023135137488884 0.025896145226520215 -0.080884929610924292 0.089526439045291784 0.33299907888285818 0.027095204782176405 -0.10865245088934899 0.27300201631509341 0.36984812251030236 -0.065736061396698159 0.23980477425185118 -0.00084483886285415118 -0.17106335515466831 0.24491383177893505 0.0030738303437829019 -0.37416751312988777 0.0015642322320870165 -0.001770369985809112 -0.044653442112037277 -0.10105005252751567 0.17456536372502646 0.22405712148722481 -0.23695688748901544 -0.0008261140431045235 0.00091338496851293667 0.25941268145654572 0.4620357397529814
leaf_weight=70172 22270 30 33 31 1672 22 201 32 3479 32 26 32 24 22 597 72 21 32 27 181963 181398 641 105 30 34 22 381 38 34 27
leaf_count=70172 22270 30 33 31 1672 22 201 32 3479 32 26 32 24 22 597 72 21 32 27 181963 181398 641 105 30 34 22 381 38 34 27
internal_value=5.12817e-07 -0.000769614 0.01171 0.026695 0.0487555 0.229877 0.0419208 0.122965 0.0162498 -0.0791503 0.0187567 0.030993 0.183169 -0.000791479 0.0196997 -0.0188821 0.0782261 0.124076 -0.230159 -0.000803651 -0.000129117 -0.00192127 0.00165721 0.00171638 0.0506304 0.00478293 0.0175981 0.205943 0.122982 0.310736
internal_weight=463500 434897 28603 6333 2035 74 1961 233 4298 150 91 1728 56 434867 4148 669 43 58 59 434845 364673 182039 182634 182529 566 437 415 129 72 57
internal_count=463500 434897 28603 6333 2035 74 1961 233 4298 150 91 1728 56 434867 4148 669 43 58 59 434845 364673 182039 182634 182529 566 437 415 129 72 57
cat_boundaries=0 1 2
cat_threshold=13 39
is_linear=0
shrinkage=0.05


Tree=73
num_leaves=31
num_cat=0
split_feature=10 9 1 9 16 11 11 14 13 13 15 6 15 13 14 5 12 11 9 16 16 11 12 1 5 10 12 12 13 11
split_gain=1545.16 721.835 627.693 704.018 641.521 1139.42 623.763 539.763 1024.37 430.887 508.353 494.611 664.125 582.733 417.196 1063.93 914.241 884.615 1430.06 470.783 465.865 414.252 506.861 380.671 2767.98 826.411 517.939 510.825 491.109 428.683
threshold=6.5000000000000009 78.500000000000014 2.5000000000000004 24.500000000000004 0.72000000000000008 6.5000000000000009 65.000000000000014 33.178571428571438 26.500000000000004 0.35714285714285715 1.9107142857142858 1.0000000180025095e-35 2.2321428571428577 20.071428571428573 20.107142857142861 1.0000000180025095e-35 22.500000000000004 42.500000000000007 52.500000000000007 1.3150000000000002 0.9850000000000001 34.500000000000007 20.500000000000004 6.5000000000000009 1.0000000180025095e-35 43.500000000000007 38.500000000000007 8.5000000000000018 10.785714285714286 30.500000000000004
decision_type=2 2 2 2 2 2 2 2 2 2 2 2 2 2 2 2 2 2 2 2 2 2 2 2 2 2 2 2 2 2
left_child=9 2 3 7 -5 -6 23 8 -2 10 -1 -11 -13 -14 16 17 19 20 -19 -7 -16 22 -22 -4 25 26 27 -25 -26 -29
right_child=1 -3 6 4 5 14 -8 -9 -10 11 -12 12 13 -15 15 -17 -18 18 -20 -21 21 -23 -24 24 28 -27 -28 29 -30 -31
leaf_value=-0.0020180075892127793 0.022382755737890753 0.24508124589920044 0.0028143015763396032 -0.10937516743110286 0.39677408114075663 0.29031781722209415 -0.20991091005729909 -0.23021581002644131 0.35674785213625948 -0.0006807734969296956 -0.039025861016774945 0.0020568419934204559 0.014706909421774711 -0.21362829101937161 0.18834608263439603 -0.26231535339355466 0.41671704931391612 0.38969167189105702 -0.086423445151497927 0.010203925855457784 -0.17533481115102767 -0.23728404647924684 0.099496426783940384 0.015328894821646625 -0.21034918983240389 0.27563625429357802 -0.1955332977771759 0.074175106418520417 -0.5178741550445557 -0.10021906809226887
leaf_weight=212747 5617 34 8280 36 32 20 33 21 23 156612 932 62897 13585 28 27 25 27 46 24 60 25 22 51 1402 37 35 25 740 20 37
leaf_count=212747 5617 34 8280 36 32 20 33 21 23 156612 932 62897 13585 28 27 25 27 46 24 60 25 22 51 1402 37 35 25 740 20 37
internal_value=5.16451e-07 0.0149334 0.0144639 0.0273074 0.0918456 0.112024 0.00713229 0.0228042 0.0237463 -0.000557594 -0.00217942 0.000928971 0.00422404 0.0142373 0.0841583 0.0447719 0.16514 0.084142 0.226452 0.0802324 0.00444834 -0.0462174 0.00909141 0.00780952 0.0258237 0.0345831 0.0307551 0.0333513 -0.318253 0.0658706
internal_weight=463500 16699 16665 6056 395 359 10609 5661 5640 446801 213679 233122 76510 13613 327 220 107 195 70 80 125 98 76 10576 2296 2239 2204 2179 57 777
internal_count=463500 16699 16665 6056 395 359 10609 5661 5640 446801 213679 233122 76510 13613 327 220 107 195 70 80 125 98 76 10576 2296 2239 2204 2179 57 777
is_linear=0
shrinkage=0.05


Tree=74
num_leaves=31
num_cat=1
split_feature=11 15 10 9 1 9 9 9 13 0 5 14 11 9 14 13 1 10 1 5 10 11 15 14 15 5 13 12 10 12
split_gain=1410.11 1086.41 628.948 539.996 606.274 1053.07 510.238 489.647 1455.99 453.393 492.347 1133.75 730.922 622.271 468.323 563.824 1384.99 440.57 429.576 1938.89 478.025 789.612 415.849 1271.19 682.328 404.341 2685.52 941.797 782.056 620.724
threshold=4.5000000000000009 23.089285714285719 7.5000000000000009 1.0000000180025095e-35 2.5000000000000004 62.500000000000007 51.500000000000007 34.500000000000007 19.357142857142858 0 1.0000000180025095e-35 20.107142857142861 49.500000000000007 24.500000000000004 34.357142857142868 26.500000000000004 1.5000000000000002 43.500000000000007 6.5000000000000009 1.0000000180025095e-35 43.500000000000007 35.500000000000007 23.089285714285719 17.178571428571434 11.446428571428573 1.0000000180025095e-35 22.214285714285719 21.500000000000004 40.500000000000007 39.500000000000007
decision_type=2 2 2 2 2 2 2 2 2 1 2 2 2 2 2 2 2 2 2 2 2 2 2 2 2 2 2 2 2 2
left_child=1 17 7 22 5 6 9 -2 -9 -5 12 -12 14 -14 15 -11 -17 -1 25 20 21 -20 23 24 -4 28 -27 -28 29 -6
right_child=2 -3 3 4 18 -7 -8 8 -10 10 11 -13 13 -15 -16 16 -18 -19 19 -21 -22 -23 -24 -25 -26 26 27 -29 -30 -31
leaf_value=-0.00073885392280409359 0.0053706422238844961 0.30017203549544019 -0.012431843883108975 0.015382963890547011 0.0037554511722221145 0.3319202027013225 -0.21267020575702192 0.47066558358215149 -0.11811625616891044 0.054650958408061605 0.037901235843310135 -0.29484109878540038 0.011735408380627633 0.35629722206902348 -0.15777993765473367 -0.0026649257327829093 0.46912747962134227 0.22301829836585305 0.052042940348451909 -0.36277551589341001 0.23051357782549331 -0.22169954103452191 -0.20283766463398933 0.36370298010962354 -0.20651883035898211 0.0020031118810176851 0.67245132724444079 0.19303147003054621 -0.11276498410627772 0.14457061315421016
leaf_weight=434845 19576 30 404 1161 3598 31 20 21 21 1673 128 32 20 38 25 35 28 22 1083 29 36 27 32 21 51 250 21 20 142 80
leaf_count=434845 19576 30 404 1161 3598 31 20 21 21 1673 128 32 20 38 25 35 28 22 1083 29 36 27 32 21 51 250 21 20 142 80
internal_value=4.90606e-07 -0.000706777 0.0107542 0.0217099 0.0247106 0.0419207 0.0390757 0.00573653 0.176275 0.0406792 0.055163 -0.0286472 0.0628383 0.237483 0.0570862 0.0601805 0.207021 -0.000727534 0.0143213 0.0409827 0.0511999 0.0453843 -0.0283621 -0.0166327 -0.0341866 0.00670105 0.0635151 0.438588 0.00237307 0.00681831
internal_weight=463500 434897 28603 8985 8477 3191 3160 19618 42 3140 1979 160 1819 58 1761 1736 63 434867 5286 1175 1146 1110 508 476 455 4111 291 41 3820 3678
internal_count=463500 434897 28603 8985 8477 3191 3160 19618 42 3140 1979 160 1819 58 1761 1736 63 434867 5286 1175 1146 1110 508 476 455 4111 291 41 3820 3678
cat_boundaries=0 1
cat_threshold=35
is_linear=0
shrinkage=0.05


Tree=75
num_leaves=31
num_cat=0
split_feature=12 14 10 10 8 16 15 2 2 1 16 10 10 11 13 13 9 16 13 15 9 9 13 9 9 11 11 1 12 11
split_gain=1304.51 1151.19 1331.4 805.244 517.219 620.888 845.279 750.421 1077.32 411.472 396.567 396.065 472.898 398.529 394.477 1615.39 389.749 379.591 421.685 445.445 377.537 963.993 1224.14 612.993 628.387 440.105 399.391 376.913 698.946 480.793
threshold=6.5000000000000009 28.892857142857146 34.500000000000007 24.500000000000004 1.0000000180025095e-35 0.21500000000000005 6.7678571428571432 9.5000000000000018 7.5000000000000009 2.5000000000000004 14.955000000000002 51.500000000000007 44.500000000000007 40.500000000000007 23.500000000000004 19.928571428571434 42.500000000000007 0.21500000000000005 16.071428571428573 18.446428571428573 73.500000000000014 59.500000000000007 48.142857142857146 54.500000000000007 48.500000000000007 38.500000000000007 62.500000000000007 1.5000000000000002 26.500000000000004 18.500000000000004
decision_type=2 2 2 2 2 2 2 2 2 2 2 2 2 2 2 2 2 2 2 2 2 2 2 2 2 2 2 2 2 2
left_child=1 9 3 -3 10 6 -6 8 -8 14 17 12 27 -13 15 -1 -4 18 -2 -20 21 23 -23 24 26 -26 -19 28 -7 -30
right_child=4 2 16 -5 5 11 7 -9 -10 -11 -12 13 -14 -15 -16 -17 -18 20 19 -21 -22 22 -24 -25 25 -27 -28 -29 29 -31
leaf_value=0.0018181323406222972 -0.019952297242840533 0.2075765828291575 0.51443799189899275 -0.22066282202368198 -0.062090582903474571 0.038274527784238947 0.13706308603286743 0.012861188361421229 0.55013422560360703 -0.0015042960610452941 0.075367199902762597 0.33595748707652096 -0.20912839953194964 0.051438412349671128 -0.20984977348284289 0.4303024871105498 0.22006787748753351 0.0074580875712988775 -0.053315647435374564 -0.33827339249352617 -0.18646203947067264 0.529664011001587 -0.02354119822382927 -0.25070917308330537 0.04928260241513667 0.36998611443501433 -0.16945722515229136 0.016455887716720883 0.35494881385359273 0.098087092504209411
leaf_weight=127466 197 21 23 23 40 1016 38 32 27 319361 211 20 22 32 22 22 22 10336 32 24 25 20 20 23 23 20 32 4272 29 49
leaf_count=127466 197 21 23 23 40 1016 38 32 27 319361 211 20 22 32 22 22 22 10336 32 24 25 20 20 23 23 20 32 4272 29 49
internal_value=4.82657e-07 -0.000509791 0.179297 -0.0162758 0.0137896 0.0261862 0.131314 0.211068 0.308646 -0.000545601 0.00748328 0.0235387 0.0222133 0.160869 0.00185554 0.00189207 0.370524 0.00615111 -0.0543686 -0.17544 0.00760948 0.00807271 0.253061 0.00713351 0.00770314 0.198447 0.00691205 0.0231618 0.049348 0.193587
internal_weight=463500 446960 89 44 16540 5577 137 97 65 446871 10963 5440 5388 52 127510 127488 45 10752 253 56 10499 10474 40 10434 10411 43 10368 5366 1094 78
internal_count=463500 446960 89 44 16540 5577 137 97 65 446871 10963 5440 5388 52 127510 127488 45 10752 253 56 10499 10474 40 10434 10411 43 10368 5366 1094 78
is_linear=0
shrinkage=0.05


Tree=76
num_leaves=31
num_cat=2
split_feature=9 11 8 16 15 13 14 13 9 0 11 12 10 15 13 9 0 10 10 2 10 17 9 9 16 14 2 13 10 14
split_gain=1240.93 808.263 673.366 1092.81 590.882 566.269 684.222 552.212 645.787 485.002 417.109 534.755 520.994 2467.83 945.995 413.605 398.88 360.853 1818.99 1274.47 480.238 521.996 579.361 483.168 349.19 339.482 442.706 715.505 423.659 389.216
threshold=3.5000000000000004 16.500000000000004 1.0000000180025095e-35 0.21500000000000005 27.982142857142861 21.785714285714288 3.4642857142857149 42.500000000000007 51.500000000000007 0 1.0000000180025095e-35 36.500000000000007 1.0000000180025095e-35 8.0535714285714306 7.6428571428571432 20.500000000000004 1 73.500000000000014 64.500000000000014 6.5000000000000009 52.500000000000007 0.043849315068493329 52.500000000000007 64.500000000000014 6.285000000000001 10.464285714285717 11.500000000000002 12.071428571428573 19.500000000000004 19.892857142857146
decision_type=2 2 2 2 2 2 2 2 2 1 2 2 2 2 2 2 1 2 2 2 2 2 2 2 2 2 2 2 2 2
left_child=25 2 7 5 -5 6 -4 8 9 10 12 -12 13 14 -2 -11 17 18 20 -19 23 22 -22 -3 -18 -1 28 -28 29 -27
right_child=1 16 3 4 -6 -7 -8 -9 -10 15 11 -13 -14 -15 -16 -17 24 19 -20 -21 21 -23 -24 -25 -26 26 27 -29 -30 -31
leaf_value=-0.00075377441106307271 0.032349133178279969 0.042899616639572202 0.37644044727087023 0.013862170828521553 0.26752976703902948 0.36977824394901598 0.059779773581901501 -0.26085001125931745 0.26122297719120979 -0.0082226369332721629 0.002912175812695096 -0.19002250114248859 0.0074377413490998275 0.6003934703394771 0.32678207244191854 -0.097646527694340679 0.0078353288310269512 -0.39337781526148324 0.4213327112083789 0.14211862409114837 -0.02654225786526998 0.12589902154036933 -0.36435355300253092 0.23579226371013756 -0.13403397168343265 -0.054312343278845016 -0.072531177795359073 0.31903295993804931 -0.15323531333849116 0.16918910166079348
leaf_weight=423190 1062 2000 20 12214 23 24 116 20 24 6336 15190 36 2038 20 28 132 450 20 32 25 30 21 22 33 48 170 28 20 106 22
leaf_count=423190 1062 2000 20 12214 23 24 116 20 24 6336 15190 36 2038 20 28 132 450 20 32 25 30 21 22 33 48 170 28 20 106 22
internal_value=4.58496e-07 0.00842274 0.00651594 0.0160364 0.014339 0.145862 0.106348 0.00177329 0.00198452 0.00173407 0.00587825 0.00245601 0.0224494 0.0500113 0.0399125 -0.0100321 0.0349394 0.0440402 0.0471912 -0.0958798 0.0415063 -0.0844954 -0.169462 0.0460307 -0.00572388 -0.000794251 -0.0503009 0.0906205 -0.0729996 -0.0287028
internal_weight=463500 39964 37283 12397 12237 160 136 24886 24866 24842 18374 15226 3148 1110 1090 6468 2681 2183 2138 45 2106 73 52 2033 498 423536 346 48 298 192
internal_count=463500 39964 37283 12397 12237 160 136 24886 24866 24842 18374 15226 3148 1110 1090 6468 2681 2183 2138 45 2106 73 52 2033 498 423536 346 48 298 192
cat_boundaries=0 1 2
cat_threshold=101 12
is_linear=0
shrinkage=0.05


Tree=77
num_leaves=31
num_cat=1
split_feature=10 12 11 13 0 6 16 12 9 10 16 9 1 11 12 9 11 8 13 1 16 15 5 1 14 9 9 15 9 1
split_gain=1179.99 588.613 577.186 683.397 543.898 474.173 1124.43 929.045 732.455 637.443 607.568 591.083 507.933 934.594 479.842 473.506 439.446 427.981 1586.59 1292 584.063 521.835 426.666 1313.48 430.712 485.363 416.421 449.426 382.53 827.066
threshold=3.5000000000000004 14.500000000000002 72.500000000000014 50.071428571428577 0 1.0000000180025095e-35 0.53500000000000003 26.500000000000004 1.0000000180025095e-35 73.500000000000014 0.39000000000000007 56.500000000000007 6.5000000000000009 55.500000000000007 39.500000000000007 21.500000000000004 4.5000000000000009 1.0000000180025095e-35 23.071428571428573 3.5000000000000004 0.21500000000000005 18.446428571428573 1.0000000180025095e-35 6.5000000000000009 39.250000000000007 43.500000000000007 10.500000000000002 14.553571428571431 25.500000000000004 5.5000000000000009
decision_type=2 2 2 2 1 2 2 2 2 2 2 2 2 2 2 2 2 2 2 2 2 2 2 2 2 2 2 2 2 2
left_child=28 2 3 17 -3 9 7 16 -8 10 -6 12 13 14 -10 -14 -7 20 21 -20 26 -19 24 -24 25 -22 27 -2 -1 -30
right_child=1 4 -4 -5 5 6 8 -9 11 -11 -12 -13 15 -15 -16 -17 -18 18 19 -21 22 -23 23 -25 -26 -27 -28 -29 29 -31
leaf_value=-0.00080027427939596645 -0.058648757381976238 -0.013234709553879787 0.27490284904837609 -0.28596991747617723 -0.094775023377899614 0.53087166870633762 -0.17873918806367062 0.057642514311841558 0.029263779470904184 -0.24456834955648943 0.033306672684822368 0.25066917585699183 0.086738401968767379 -0.30392520455643535 0.17658095769584181 0.32726521479365017 0.23682211836179101 0.012073787515034179 0.52374473007825706 0.099574243970986076 0.0054359368034574184 0.17728114854544402 -0.0094159344434722615 -0.19559930048882962 -0.21081242509510206 0.23524074807115225 -0.14927765430495291 0.14088697431280334 0.16712560346657104 -0.11060412918266499
leaf_weight=423451 166 643 20 20 98 24 34 42 589 22 1677 38 76 20 61 28 27 11389 26 58 22736 48 1797 100 23 23 101 34 91 38
leaf_count=423451 166 643 20 20 98 24 34 42 589 22 1677 38 76 20 61 28 27 11389 26 58 22736 48 1797 100 23 23 101 34 91 38
internal_value=4.35594e-07 0.00821827 0.00637201 0.00622495 0.028184 0.0378281 0.0667617 0.231786 0.0486207 0.0229198 0.0262351 0.0581407 0.0486884 0.0327303 0.0430889 0.151496 0.375198 0.00638506 0.0143573 0.230865 0.00270818 0.0127671 0.00355253 -0.0192306 0.00544962 0.00566818 -0.0665202 -0.0247277 -0.000774049 0.0853137
internal_weight=463500 39920 36541 36521 3379 2736 939 93 846 1797 1775 812 774 670 650 104 51 36501 11521 84 24980 11437 24679 1897 22782 22759 301 200 423580 129
internal_count=463500 39920 36541 36521 3379 2736 939 93 846 1797 1775 812 774 670 650 104 51 36501 11521 84 24980 11437 24679 1897 22782 22759 301 200 423580 129
cat_boundaries=0 1
cat_threshold=33
is_linear=0
shrinkage=0.05


Tree=78
num_leaves=31
num_cat=1
split_feature=11 15 10 9 1 9 9 9 13 1 5 10 11 10 0 5 14 11 9 14 13 1 14 16 10 5 13 12 10 17
split_gain=1078.5 903.059 469.136 446.692 529.196 898.677 476.762 404.696 1332.3 387.715 1669.52 407.72 708.238 386.271 369.087 433.504 1037.62 634.452 571.052 432.782 469.512 1241.24 382.146 405.805 368.974 366.566 2358.29 850.625 728.741 578.224
threshold=4.5000000000000009 23.089285714285719 7.5000000000000009 1.0000000180025095e-35 2.5000000000000004 62.500000000000007 51.500000000000007 34.500000000000007 19.357142857142858 6.5000000000000009 1.0000000180025095e-35 43.500000000000007 35.500000000000007 43.500000000000007 0 1.0000000180025095e-35 20.107142857142861 49.500000000000007 24.500000000000004 34.357142857142868 26.500000000000004 1.5000000000000002 11.892857142857144 1.9500000000000002 23.500000000000004 1.0000000180025095e-35 22.214285714285719 21.500000000000004 40.500000000000007 1.6653345369377351e-16
decision_type=2 2 2 2 2 2 2 2 2 2 2 2 2 2 1 2 2 2 2 2 2 2 2 2 2 2 2 2 2 2
left_child=1 13 7 -4 5 6 14 -2 -9 25 11 12 -11 24 22 17 -17 19 -19 20 -16 -22 -5 -24 -1 28 -27 -28 -6 -30
right_child=2 -3 3 4 9 -7 -8 8 -10 10 -12 -13 -14 -15 15 16 -18 18 -20 -21 21 -23 23 -25 -26 26 27 -29 29 -31
leaf_value=-0.00061963314801037096 0.0047388376529352858 0.27369869843125344 -0.026674160892538008 0.02674318164106191 0.0048204860972360722 0.30557415485382083 -0.20830064309993759 0.44172087027913048 -0.12149752236547924 0.047634984485268428 -0.33744376219552141 0.21230298578739168 -0.21161875755146697 0.20886749679392036 0.049425566058016672 0.034676075493916873 -0.28364733848720791 0.0033103447780013086 0.33338723288554895 -0.15505526772141456 -0.010036791786551476 0.43660091544900625 -0.00408361561704373 -0.1636700454434114 -0.076326554975478189 0.0011026846561580897 0.632480762118385 0.17685689374804497 -0.17160334812763792 0.056301575683449449
leaf_weight=434684 19576 30 508 967 3678 31 20 21 21 1083 29 36 27 22 1673 128 32 20 38 25 35 28 138 56 161 250 21 20 104 38
leaf_count=434684 19576 30 508 967 3678 31 20 21 21 1083 29 36 27 22 1673 128 32 20 38 25 35 28 138 56 161 250 21 20 104 38
internal_value=3.99561e-07 -0.00061814 0.00940504 0.018867 0.0215962 0.0376751 0.035047 0.00507147 0.160112 0.0118898 0.0372187 0.0466997 0.0413288 -0.000637064 0.036597 0.0496646 -0.0289886 0.056856 0.219568 0.0514969 0.0544715 0.188469 0.0137759 -0.0501498 -0.000647663 0.0046503 0.0587454 0.410225 0.00052944 -0.110615
internal_weight=463500 434897 28603 8985 8477 3191 3160 19618 42 5286 1175 1146 1110 434867 3140 1979 160 1819 58 1761 1736 63 1161 194 434845 4111 291 41 3820 142
internal_count=463500 434897 28603 8985 8477 3191 3160 19618 42 5286 1175 1146 1110 434867 3140 1979 160 1819 58 1761 1736 63 1161 194 434845 4111 291 41 3820 142
cat_boundaries=0 1
cat_threshold=35
is_linear=0
shrinkage=0.05


Tree=79
num_leaves=31
num_cat=0
split_feature=10 11 13 13 9 14 5 1 14 14 2 9 2 13 1 1 13 16 8 11 9 9 16 10 15 14 13 13 9 11
split_gain=1000.05 502.991 604.65 964.508 539.151 488.506 480.075 1728.15 612.227 545.953 459.293 441.025 425.952 497.833 350.911 661.88 508.567 434.101 1226.81 462.449 431.482 400.58 530.692 472.329 381.219 392.8 425.567 377.783 346.758 437.1
threshold=3.5000000000000004 18.500000000000004 48.142857142857146 38.071428571428577 47.500000000000007 5.2500000000000009 1.0000000180025095e-35 6.5000000000000009 10.107142857142859 21.107142857142861 3.5000000000000004 1.5000000000000002 11.500000000000002 8.6428571428571441 2.5000000000000004 5.5000000000000009 23.071428571428573 0.21500000000000005 1.0000000180025095e-35 1.5000000000000002 6.5000000000000009 15.500000000000002 5.6000000000000005 31.500000000000004 25.660714285714288 10.535714285714286 9.5000000000000018 20.500000000000004 78.500000000000014 63.500000000000007
decision_type=2 2 2 2 2 2 2 2 2 2 2 2 2 2 2 2 2 2 2 2 2 2 2 2 2 2 2 2 2 2
left_child=-1 2 3 4 6 -3 14 9 -9 -8 -5 12 13 -7 16 17 -2 18 -16 -20 -17 23 -23 27 25 -22 -27 -19 29 -13
right_child=1 5 -4 10 -6 11 7 8 -10 -11 -12 28 -14 -15 15 20 -18 21 19 -21 24 22 -24 -25 -26 26 -28 -29 -30 -31
leaf_value=-0.00071260944388578165 0.014116017289975491 0.21614548425589289 -0.25583730773492291 0.39541550615559456 -0.1959170878836603 0.0197355099887188 -0.0084018787085098079 -0.15288002246783838 -0.45871430754661563 0.21767918059119473 0.067795694507658474 0.035870652676095835 0.14353332400321961 -0.20887257386337629 -0.024275930263012505 0.0082761473042909303 0.19977126709512763 -0.0018683600672943362 0.10609652910094997 0.38998918887227774 0.021350045123170472 -0.056217226003243671 0.085508139270382963 0.2152644245624542 -0.14690496510472792 0.28784557949929013 0.059400862638163444 -0.18253909976317967 0.21832150411605836 -0.079336049593985089
leaf_weight=423580 12083 35 22 23 33 42 2431 90 20 27 20 1930 20 55 104 7056 37 12684 26 32 1548 615 74 25 29 21 698 29 25 86
leaf_count=423580 12083 35 22 23 33 42 2431 90 20 27 20 1930 20 55 104 7056 37 12684 26 32 1548 615 74 25 29 21 698 29 25 86
internal_value=3.79596e-07 0.00756571 0.00621255 0.00636545 0.00609524 0.0308446 0.0062724 -0.0145955 -0.208486 -0.00591848 0.243034 0.0278392 -0.0665678 -0.109888 0.00780084 0.00416503 0.0146828 -0.00288048 0.0784782 0.262727 0.0144026 -0.00386209 -0.0409956 -0.00185353 0.03323 0.0355344 0.0660731 -0.00228049 0.0332511 0.0309561
internal_weight=463500 39920 37727 37705 37662 2193 37629 2568 110 2458 43 2158 117 97 35061 22941 12120 13589 162 58 9352 13427 689 12738 2296 2267 719 12713 2041 2016
internal_count=463500 39920 37727 37705 37662 2193 37629 2568 110 2458 43 2158 117 97 35061 22941 12120 13589 162 58 9352 13427 689 12738 2296 2267 719 12713 2041 2016
is_linear=0
shrinkage=0.05


Tree=80
num_leaves=31
num_cat=1
split_feature=9 8 16 11 13 12 12 13 1 2 0 1 9 14 10 16 14 11 10 16 13 2 9 16 13 15 12 2 14 11
split_gain=926.823 678.943 1421.82 735.499 690.786 634.013 502.038 597.056 796.824 671.874 449.975 576.645 1310.73 826.123 863.955 558.798 2190.54 859.598 542.763 493.237 794.516 489.842 436.834 413.671 385.287 381.046 372.162 889.849 855.923 668.535
threshold=3.5000000000000004 1.0000000180025095e-35 0.21500000000000005 38.500000000000007 23.642857142857149 52.500000000000007 1.0000000180025095e-35 16.357142857142858 4.5000000000000009 7.5000000000000009 0 2.5000000000000004 57.500000000000007 40.785714285714299 47.500000000000007 0.90500000000000014 3.3214285714285716 14.500000000000002 35.500000000000007 21.155000000000005 11.642857142857144 3.5000000000000004 10.500000000000002 0.48500000000000004 11.214285714285717 6.7678571428571432 26.500000000000004 10.500000000000002 34.357142857142868 5.5000000000000009
decision_type=2 2 2 2 2 2 2 2 2 2 1 2 2 2 2 2 2 2 2 2 2 2 2 2 2 2 2 2 2 2
left_child=-1 10 4 26 6 -5 -3 8 25 -10 11 12 13 14 15 16 -2 23 -17 20 -12 -19 -23 24 -18 -8 28 29 -4 -28
right_child=1 2 3 5 -6 -7 7 -9 9 -11 19 -13 -14 -15 -16 18 17 21 -20 -21 -22 22 -24 -25 -26 -27 27 -29 -30 -31
leaf_value=-0.0006864433349786387 0.53561759851872925 -0.04554274803825787 0.01297114590598571 0.23458594070018635 0.43347282633185391 -0.031877551859978474 -0.029434992097042225 -0.021141731787112455 0.19352940030041196 0.59349196695146111 -0.0088396889421908705 0.00069049997068942881 0.34325009545972274 -0.24892053343837373 0.26280058523019156 0.01554814937213992 -0.038501644705732668 0.34439117080635495 -0.15875164736476211 0.067335765712554216 -0.16009850262410263 0.24921306173006694 -0.054845495356453791 0.056535224627392994 -0.29006460930990136 0.24437952265143395 0.37802493037147955 -0.14308432611899499 -0.29232274494741278 0.085861487743141285
leaf_weight=423536 25 35 12643 69 20 33 27 31 21 21 6454 13679 31 29 36 5980 45 27 45 208 88 21 27 60 23 24 22 39 23 178
leaf_count=423536 25 35 12643 69 20 33 27 31 21 21 6454 13679 31 29 36 5980 45 27 45 208 88 21 27 60 23 24 22 39 23 178
internal_value=3.60563e-07 0.00727907 0.0165663 0.0146402 0.156524 0.148377 0.121688 0.16889 0.232235 0.393511 0.00270587 0.00646731 0.0189237 0.0173324 0.0185601 0.017154 0.0939899 0.0396023 0.0142463 -0.0084518 -0.0108744 0.174016 0.0781801 -0.0391558 -0.123589 0.0994189 0.0135831 0.0753958 0.0124168 0.117999
internal_weight=463500 39964 13186 13007 179 102 159 124 93 42 26778 20028 6349 6318 6289 6253 228 203 6025 6750 6542 75 48 128 68 51 12905 239 12666 200
internal_count=463500 39964 13186 13007 179 102 159 124 93 42 26778 20028 6349 6318 6289 6253 228 203 6025 6750 6542 75 48 128 68 51 12905 239 12666 200
cat_boundaries=0 1
cat_threshold=101
is_linear=0
shrinkage=0.05


Tree=81
num_leaves=31
num_cat=2
split_feature=12 15 13 13 8 16 13 9 9 13 14 0 14 16 13 1 13 13 10 10 2 16 0 13 13 15 2 14 15 9
split_gain=866.611 1283 958.518 464.306 394.99 547.051 531.618 394.017 708.347 377.583 693.703 366.892 556.234 369.861 438.103 337.583 368.551 1643.53 334.47 451.288 364.63 332.194 679.817 850.214 327.236 585.264 695.728 589.629 451.696 1547.19
threshold=4.5000000000000009 25.660714285714288 44.928571428571438 0.35714285714285715 1.0000000180025095e-35 0.21500000000000005 21.928571428571434 73.500000000000014 62.500000000000007 16.642857142857149 11.464285714285717 0 11.607142857142859 0.24000000000000002 16.071428571428573 2.5000000000000004 23.500000000000004 19.928571428571434 51.500000000000007 44.500000000000007 7.5000000000000009 5.9750000000000005 1 10.642857142857144 14.500000000000002 8.2678571428571441 2.5000000000000004 27.321428571428573 12.589285714285717 14.500000000000002
decision_type=2 2 2 2 2 2 2 2 2 2 2 1 2 2 2 2 2 2 2 2 2 2 1 2 2 2 2 2 2 2
left_child=1 15 -3 -2 7 6 9 8 11 10 -6 13 -13 14 -5 16 17 -1 19 21 -20 -7 23 -23 28 26 -26 -27 -17 -30
right_child=3 2 -4 4 5 18 -8 -9 -10 -11 -12 12 -14 -15 -16 24 -18 -19 20 -21 -22 22 -24 -25 25 27 -28 -29 29 -31
leaf_value=0.0015957712359322936 -0.021685070885050919 0.47003457099199297 0.047562502594343553 -0.014735636500598387 0.050365382513922197 0.013888237447729377 0.33271348184865457 -0.19283947038650515 0.27175989478826523 -0.11685522955588319 0.36885287137258627 -0.0095604252862398539 -0.16915651255154185 0.009168825551232062 -0.16375790792517364 -0.0014423249738974298 -0.18307893794995767 0.44396581195649648 0.015700868737918358 -0.21024960455569355 0.28070092558860782 0.078750625572783853 0.0056780236057703678 0.3354881149079455 -0.070717933086248547 -0.1231032063599993 0.31622105872347239 0.13536091174185277 -0.0074302219950984558 0.49832200735807419
leaf_weight=123471 1221 25 29 215 92 8324 23 25 25 22 21 2176 56 15376 64 311267 27 21 27 22 25 213 353 38 26 188 21 25 62 20
leaf_count=123471 1221 25 29 215 92 8324 23 25 25 22 21 2176 56 15376 64 311267 27 21 27 22 25 213 353 38 26 188 21 25 62 20
internal_value=3.42597e-07 -0.000551167 0.243151 0.00847577 0.00983483 0.0182823 0.110513 0.00552088 0.00579773 0.0726571 0.109553 0.005426 -0.0135041 0.00812839 -0.04892 -0.000581411 0.00163061 0.001671 0.0166635 0.0159289 0.143105 0.0164863 0.0522907 0.113113 -0.00145824 -0.0575285 0.10217 -0.092767 -0.00141141 0.115924
internal_weight=463500 435182 54 28318 27097 9160 158 17937 17912 135 113 17887 2232 15655 279 435128 123519 123492 9002 8950 52 8928 604 251 311609 260 47 213 311349 82
internal_count=463500 435182 54 28318 27097 9160 158 17937 17912 135 113 17887 2232 15655 279 435128 123519 123492 9002 8950 52 8928 604 251 311609 260 47 213 311349 82
cat_boundaries=0 1 2
cat_threshold=45 2
is_linear=0
shrinkage=0.05


Tree=82
num_leaves=31
num_cat=0
split_feature=11 15 1 9 1 5 10 2 14 14 10 9 11 11 2 1 11 13 12 13 13 15 10 10 10 13 5 13 11 9
split_gain=808.093 800.098 395.376 828.349 489.109 1152.22 835.756 744.358 518.897 556.368 576.961 435.154 392.593 385.857 1489.48 1023.12 828.829 480.728 389.555 374.213 532.694 624.196 445.825 360.636 450.702 617.869 467.117 551.079 408.028 520.012
threshold=4.5000000000000009 23.089285714285719 2.5000000000000004 62.500000000000007 6.5000000000000009 1.0000000180025095e-35 43.500000000000007 11.500000000000002 33.178571428571438 10.250000000000002 7.5000000000000009 1.0000000180025095e-35 62.500000000000007 38.500000000000007 3.5000000000000004 4.5000000000000009 34.500000000000007 30.928571428571434 54.500000000000007 44.928571428571438 34.500000000000007 31.571428571428573 43.500000000000007 75.500000000000014 17.500000000000004 18.071428571428573 1.0000000180025095e-35 21.785714285714288 49.500000000000007 42.500000000000007
decision_type=2 2 2 2 2 2 2 2 2 2 2 2 2 2 2 2 2 2 2 2 2 2 2 2 2 2 2 2 2 2
left_child=1 -1 3 11 12 6 8 -7 9 -6 -11 -2 13 16 15 -15 19 -18 -16 20 22 -22 -4 24 25 -13 28 -28 29 -26
right_child=2 -3 4 -5 5 7 -8 -9 -10 10 -12 23 -14 14 18 -17 17 -19 -20 -21 21 -23 -24 -25 26 -27 27 -29 -30 -31
leaf_value=-0.00055289345711397769 -0.0091293581329363847 0.25767078541219235 0.00015105271786950965 0.274155999059158 0.015540417177355548 -0.0011400202858973952 0.25861045686822187 -0.20859950868920848 -0.20881189891758065 0.19818137244296236 0.049675707200618188 0.017751826210010504 -0.15127700688534007 0.51269933255734268 -0.064332435895145562 0.058891716599464419 -0.26994362824492985 0.015249786830761218 0.17823523074388503 -0.16102923121717241 0.30269884958622922 -0.050355539240297821 -0.22016186027423196 -0.18246193318204448 0.062167864617939564 -0.12552796069924768 0.030613684099405371 -0.26386350318789481 0.19760336609626261 -0.1962175664305687
leaf_weight=434867 1544 30 14190 31 3043 85 38 88 24 74 563 7555 43 27 96 23 45 22 20 36 31 21 23 22 738 76 47 24 54 20
leaf_count=434867 1544 30 14190 31 3043 85 38 88 24 74 563 7555 43 27 96 23 45 22 20 36 31 21 23 22 738 76 47 24 54 20
internal_value=3.31513e-07 -0.000535081 0.00814106 0.016091 0.00379421 0.0194852 0.0253175 -0.106669 0.0229241 0.0244354 0.0669275 0.0152973 -0.000419965 2.63572e-05 0.0758204 0.303948 -0.000849325 -0.176298 -0.0225104 -2.73505e-05 0.000378963 0.160119 -0.000205466 0.0197157 0.0202381 0.0163248 0.0540569 -0.0689279 0.0648105 0.0553503
internal_weight=463500 434897 28603 10111 18492 3915 3742 173 3704 3680 637 10080 14577 14534 166 50 14368 67 116 14301 14265 52 14213 8536 8514 7631 883 71 812 758
internal_count=463500 434897 28603 10111 18492 3915 3742 173 3704 3680 637 10080 14577 14534 166 50 14368 67 116 14301 14265 52 14213 8536 8514 7631 883 71 812 758
is_linear=0
shrinkage=0.05


Tree=83
num_leaves=31
num_cat=1
split_feature=10 8 13 11 16 1 12 11 14 14 1 9 12 15 0 14 10 10 13 9 15 15 10 16 12 12 13 12 12 9
split_gain=754.55 422.822 762.602 600.785 592.604 547.558 2041.11 732.525 708.215 863.917 1042.51 508.672 408.21 496.074 393.273 708.783 397.148 979.766 380.99 526.907 542.789 429.559 351.084 713.839 999.053 1966.17 1603.23 546.642 543.713 476.769
threshold=3.5000000000000004 1.0000000180025095e-35 19.785714285714288 33.500000000000007 0.21500000000000005 3.5000000000000004 4.5000000000000009 13.500000000000002 33.178571428571438 42.214285714285722 5.5000000000000009 39.500000000000007 45.500000000000007 21.517857142857146 0 11.607142857142859 73.500000000000014 64.500000000000014 20.357142857142858 27.500000000000004 21.517857142857146 23.089285714285719 11.500000000000002 4.7900000000000009 49.500000000000007 60.500000000000007 51.500000000000007 32.500000000000007 27.500000000000004 23.500000000000004
decision_type=2 2 2 2 2 2 2 2 2 2 2 2 2 2 1 2 2 2 2 2 2 2 2 2 2 2 2 2 2 2
left_child=-1 4 3 12 11 6 -4 -8 18 -10 -11 -2 13 -3 15 -6 17 22 -7 21 -21 -20 -16 27 26 -26 29 28 -24 -25
right_child=1 2 5 -5 14 8 7 -9 9 10 -12 -13 -14 -15 16 -17 -18 -19 19 20 -22 -23 23 24 25 -27 -28 -29 -30 -31
leaf_value=-0.00061900730131698328 -0.045091721075691621 0.01211924190302612 0.61548121973872183 -0.1795330561424901 -0.0080623648061102886 0.24203398975318879 0.29205332124339684 0.039385725817212593 -0.30580705555696647 -0.1953348231586543 0.30344431102275848 -0.29832741149834224 -0.21351604729890827 0.24454901283201963 0.0034377052395945691 -0.15764985521450456 -0.16443839913014979 0.31941628649830822 -0.048964404092546099 0.38233762355077838 0.059028495409909426 0.13204872002420218 0.013798450618912678 0.052587535969085164 0.60278576064109801 -0.053480554194677447 -0.2819205255713314 -0.074669328900601947 0.13450406866613776 0.19405309860666431
leaf_weight=423580 356 12099 20 41 3541 29 35 159 31 22 20 21 20 23 19188 81 34 25 114 21 34 46 3310 225 25 21 32 170 96 81
leaf_count=423580 356 12099 20 41 3541 29 35 159 31 22 20 21 20 23 19188 81 34 25 114 21 34 46 3310 225 25 21 32 170 96 81
internal_value=3.1493e-07 0.00657177 0.0140992 0.0115427 0.00305404 0.0727546 0.134551 0.0849701 0.0310374 -0.105596 0.0421791 -0.0591977 0.0121879 0.0125602 0.0039288 -0.0113762 0.00631969 0.00657296 0.0719153 0.0489691 0.182474 0.00307687 0.00623509 0.0197897 0.0845719 0.303186 0.0548196 0.0128332 0.0172006 0.0900343
internal_weight=463500 39920 12714 12183 27206 531 214 194 317 73 42 377 12142 12122 26829 3622 23207 23173 244 215 55 160 23148 3960 384 46 338 3576 3406 306
internal_count=463500 39920 12714 12183 27206 531 214 194 317 73 42 377 12142 12122 26829 3622 23207 23173 244 215 55 160 23148 3960 384 46 338 3576 3406 306
cat_boundaries=0 1
cat_threshold=18
is_linear=0
shrinkage=0.05


Tree=84
num_leaves=31
num_cat=0
split_feature=9 8 16 11 12 13 14 15 14 14 13 14 9 9 12 12 12 17 13 9 9 16 14 11 14 12 11 13 13 1
split_gain=695.289 558.129 1184.33 592.314 584.861 550.6 505.648 593.643 456.613 440.057 411.898 397.358 756.634 1123.38 653.53 483.971 718.612 559.018 452.099 406.483 779.168 860.359 695.617 674.486 517.553 494.723 898.603 399.709 354.216 342.66
threshold=3.5000000000000004 1.0000000180025095e-35 0.21500000000000005 38.500000000000007 52.500000000000007 23.642857142857149 3.4642857142857149 6.7678571428571432 14.392857142857144 9.2500000000000018 7.7857142857142865 54.464285714285722 73.500000000000014 62.500000000000007 37.500000000000007 56.500000000000007 48.500000000000007 0.039054794520547588 58.500000000000007 40.500000000000007 35.500000000000007 1.3150000000000002 39.250000000000007 23.500000000000004 31.750000000000004 5.5000000000000009 25.500000000000004 31.214285714285719 33.928571428571438 2.5000000000000004
decision_type=2 2 2 2 2 2 2 2 2 2 2 2 2 2 2 2 2 2 2 2 2 2 2 2 2 2 2 2 2 2
left_child=-1 11 5 -4 -5 6 -3 10 9 -9 -8 12 13 15 -13 16 19 -17 -16 20 22 23 24 -22 29 -21 27 -27 -26 -2
right_child=1 2 3 4 -6 -7 7 8 -10 -11 -12 14 -14 -15 18 17 -18 -19 -20 25 21 -23 -24 -25 28 26 -28 -29 -30 -31
leaf_value=-0.00059456418162027243 0.010279702477708728 0.34642435595393184 0.012018615272283033 0.21578208148695421 -0.04014425721922607 0.38971568718552591 0.0623970911372453 0.078797439932823177 0.02469494005975624 0.3836630804785367 -0.21864748780022969 0.36330448735505344 -0.30556685686111451 0.36764018601471826 0.1710231013596058 -0.26788350798189642 0.23183043765671113 0.053760096701708705 -0.14277387320656668 -0.24269654924670855 0.43083366473515827 -0.06875948778220585 0.23476898496737705 0.075212852947879591 -0.24419139780932003 -0.2856852433373851 0.12590198612213135 -0.01697433739900589 0.014201645987729231 -0.0020277316487997128
leaf_weight=423536 8241 20 12905 69 33 20 32 20 36 29 22 20 20 21 24 35 34 22 22 36 30 28 32 24 36 31 50 25 21 18026
leaf_count=423536 8241 20 12905 69 33 20 32 20 36 29 22 20 20 21 24 35 34 22 22 36 30 28 32 24 36 31 50 25 21 18026
internal_value=2.99205e-07 0.00630462 0.0147251 0.0129672 0.132982 0.142461 0.111359 0.0775371 0.159896 0.259228 -0.0521026 0.00215823 0.00185548 0.00208583 0.124691 0.001798 0.0021097 -0.14374 0.0209463 0.00181585 0.002269 0.156157 0.00179022 0.27278 0.00150701 -0.0825534 -0.0281651 -0.165725 -0.148994 0.0018336
internal_weight=463500 39964 13186 13007 102 179 159 139 85 49 54 26778 26712 26692 66 26671 26614 57 46 26580 26438 82 26356 54 26324 142 106 56 57 26267
internal_count=463500 39964 13186 13007 102 179 159 139 85 49 54 26778 26712 26692 66 26671 26614 57 46 26580 26438 82 26356 54 26324 142 106 56 57 26267
is_linear=0
shrinkage=0.05


Tree=85
num_leaves=31
num_cat=0
split_feature=12 15 13 13 6 16 13 17 10 2 11 13 9 10 10 12 11 9 13 14 13 12 15 9 13 9 14 10 14 12
split_gain=652.3 1068.1 870.32 396.436 365.319 575.962 501.385 965.473 413.048 991.483 388.191 417.226 583.782 503.003 529.136 359.805 601.174 846.081 775.304 578.348 554.854 345.508 335.824 965.342 645.971 508.594 639.565 444.194 333.221 327.54
threshold=4.5000000000000009 25.660714285714288 44.928571428571438 0.35714285714285715 1.0000000180025095e-35 0.48500000000000004 18.642857142857149 0.039054794520547588 59.500000000000007 7.5000000000000009 25.500000000000004 55.142857142857146 43.500000000000007 42.500000000000007 50.500000000000007 39.500000000000007 35.500000000000007 32.500000000000007 44.642857142857146 31.750000000000004 39.357142857142868 14.500000000000002 16.732142857142861 24.500000000000004 20.785714285714288 35.500000000000007 10.821428571428575 12.500000000000002 18.035714285714288 60.500000000000007
decision_type=2 2 2 2 2 2 2 2 2 2 2 2 2 2 2 2 2 2 2 2 2 2 2 2 2 2 2 2 2 2
left_child=1 22 -3 -2 8 6 7 21 10 -10 29 12 13 -12 -15 19 17 28 -18 -7 -21 -6 25 24 27 -1 -27 -24 -17 -5
right_child=3 2 -4 4 5 15 -8 -9 9 -11 11 -13 -14 14 -16 16 18 -19 -20 20 -22 -23 23 -25 -26 26 -28 -29 -30 -31
leaf_value=-0.00050011067453089436 -0.020515999761329968 0.43807294857501983 0.035506699157172236 0.0037500981450387335 0.03848032645207064 0.013361058666162842 -0.1102595697108068 0.36905147427761997 -0.28942635147993173 0.088315235963091265 0.020464777369675363 -0.18247551500797274 0.19527493869104695 0.38617337033152582 0.041128940708935267 -0.080715469419956221 -0.26981690958142285 0.43911552565793199 0.11478659163572287 -0.28447225746931509 0.026492893208677953 0.1336776185106105 0.090547016901629307 -0.27390987484954127 0.21891419318746086 -0.033911097333544776 0.34392500892281536 -0.21140151630187859 0.20791103117167953 -0.18929916213012554
leaf_weight=434963 1221 25 29 17224 382 8362 38 27 38 32 538 20 62 20 25 20 20 24 38 32 26 127 21 43 27 21 24 29 20 22
leaf_count=434963 1221 25 29 17224 382 8362 38 27 38 32 538 20 62 20 25 20 20 24 38 32 26 127 21 43 27 21 24 29 20 22
internal_value=2.84281e-07 -0.000478197 0.22188 0.00735343 0.00860924 0.0167629 0.0652458 0.0776883 0.00447552 -0.116744 0.00494927 0.042435 0.049409 0.0338966 0.194482 0.0135049 0.098756 0.204417 -0.0178353 0.0122697 -0.145074 0.0622329 -0.000505792 -0.0841383 0.021838 -0.000482721 0.167601 -0.0845831 0.0635978 0.00350383
internal_weight=463500 435182 54 28318 27097 9116 574 536 17981 70 17911 665 645 583 45 8542 122 64 58 8420 58 509 435128 120 77 435008 45 50 40 17246
internal_count=463500 435182 54 28318 27097 9116 574 536 17981 70 17911 665 645 583 45 8542 122 64 58 8420 58 509 435128 120 77 435008 45 50 40 17246
is_linear=0
shrinkage=0.05


Tree=86
num_leaves=31
num_cat=1
split_feature=11 15 1 9 1 5 10 10 14 14 10 15 9 11 9 10 13 5 13 11 13 14 10 13 14 0 9 10 15 10
split_gain=614.022 701.059 344.002 706.927 442.132 1033.13 692.724 684.711 490.005 661.973 464.759 396.4 371.762 369.885 325.285 380.507 627.48 503.341 585.647 532.391 428.15 388.715 675.616 360.967 323.622 358.094 460.143 412.615 425.706 872.563
threshold=4.5000000000000009 23.089285714285719 2.5000000000000004 62.500000000000007 6.5000000000000009 1.0000000180025095e-35 43.500000000000007 2.5000000000000004 25.250000000000004 10.250000000000002 7.5000000000000009 23.089285714285719 1.0000000180025095e-35 62.500000000000007 51.500000000000007 17.500000000000004 18.071428571428573 1.0000000180025095e-35 24.785714285714288 49.500000000000007 32.500000000000007 34.357142857142868 47.500000000000007 16.071428571428573 1.0000000180025095e-35 0 9.5000000000000018 43.500000000000007 12.803571428571431 1.5000000000000002
decision_type=2 2 2 2 2 2 2 2 2 2 2 2 2 2 2 2 2 2 2 2 2 2 2 2 2 1 2 2 2 2
left_child=1 24 3 12 13 6 8 -7 9 -6 -11 -12 -2 -4 15 16 23 19 -19 21 -21 22 -17 -14 -1 27 -27 28 -26 -30
right_child=2 -3 4 -5 5 7 -8 -9 -10 10 11 -13 14 -15 -16 17 -18 18 -20 20 -22 -23 -24 -25 25 26 -28 -29 29 -31
leaf_value=-0.0035926406223923419 -0.0087987373887628822 0.24123083834846815 -0.00053163797663751506 0.25291379887250159 0.01444836611761525 -0.029013491496938257 0.23587682764781151 -0.23800662050644561 -0.10878435395343203 0.19134733932506709 0.046560903240348249 0.26345592926849021 0.01525243693413344 -0.14739396828551626 -0.17868036478757859 0.048312562406591354 -0.13014658642806917 0.010566217396056878 -0.30697238460183146 0.058018296957015991 0.33818649997313821 -0.14414703398942949 0.34296073824167256 0.14744340334660733 0.0017299130980308307 -0.0013047069298772404 -0.043709625342332782 0.22329892019430797 0.18163439588887353 -0.12195238970475747
leaf_weight=70172 1544 30 14534 31 3043 113 38 60 71 72 496 22 7502 43 21 714 74 53 20 25 30 25 20 52 182453 181398 642 21 28 153
leaf_count=70172 1544 30 14534 31 3043 113 38 60 71 72 496 22 7502 43 21 714 74 53 20 25 30 25 20 52 182453 181398 642 21 28 153
internal_value=2.70054e-07 -0.000466443 0.00709645 0.0145119 0.00304183 0.0179602 0.023483 -0.101497 0.021304 0.0238463 0.0723174 0.0557727 0.0137787 -0.00096486 0.0178626 0.0183473 0.0147431 0.0493431 -0.0764307 0.0606226 0.210837 0.0497374 0.0563411 0.0161624 -0.000483117 0.000115196 -0.00145418 0.00167927 0.00165388 -0.0749887
internal_weight=463500 434897 28603 10111 18492 3915 3742 173 3704 3633 590 518 10080 14577 8536 8515 7628 887 73 814 55 759 734 7554 434867 364695 182040 182655 182634 181
internal_count=463500 434897 28603 10111 18492 3915 3742 173 3704 3633 590 518 10080 14577 8536 8515 7628 887 73 814 55 759 734 7554 434867 364695 182040 182655 182634 181
cat_boundaries=0 1
cat_threshold=39
is_linear=0
shrinkage=0.05


Tree=87
num_leaves=31
num_cat=0
split_feature=10 10 13 10 12 8 16 13 15 5 12 12 10 13 11 15 9 11 12 16 13 10 13 16 2 12 7 12 2 2
split_gain=569.311 352.086 2462.87 1204.31 343.021 335.701 496.605 482.706 619.499 828.706 540.74 486.396 591.193 477.001 459.06 434.387 431.597 360.666 477.62 837.486 448.962 404.036 400.632 385.42 355.407 426.039 1091.39 371.204 799.591 461.936
threshold=3.5000000000000004 73.500000000000014 47.500000000000007 64.500000000000014 36.500000000000007 1.0000000180025095e-35 0.21500000000000005 19.785714285714288 13.267857142857144 1.0000000180025095e-35 47.500000000000007 1.0000000180025095e-35 10.500000000000002 20.357142857142858 33.500000000000007 21.517857142857146 39.500000000000007 76.500000000000014 50.500000000000007 4.9750000000000005 55.142857142857146 45.500000000000007 44.928571428571438 1.3150000000000002 3.5000000000000004 39.500000000000007 1.0000000180025095e-35 15.500000000000002 6.5000000000000009 8.5000000000000018
decision_type=2 2 2 2 2 2 2 2 2 2 2 2 2 2 2 2 2 2 2 2 2 2 2 2 2 2 2 2 2 2
left_child=-1 3 -3 5 -5 6 16 10 -9 11 14 -10 -13 -14 15 -7 -2 18 20 -20 21 22 -8 -23 -15 27 -27 -26 -29 -30
right_child=1 2 -4 4 -6 7 17 8 9 -11 -12 12 13 24 -16 -17 -18 -19 19 -21 -22 23 -24 -25 25 26 -28 28 29 -31
leaf_value=-0.00053770033138898028 -0.042061166135119329 -0.56650415454059844 0.11898042222386913 0.42652245879173284 0.13368257090449334 0.01090851292757202 0.003109825687759376 0.2847352651172671 -0.18766744780975086 0.3328877732778589 -0.24942217811942102 0.28473974640170735 0.21133062317685197 -0.063324776264252494 -0.16273630592775973 0.22840736469496853 -0.28083924748003486 -0.19909226142547348 -0.031685093824946602 0.28415868009735895 -0.213096292813619 0.044806035839021208 -0.21536662386996405 0.29594093730503862 0.10111757125705481 0.46295467853546146 0.014193074564848626 0.19362140074372292 -0.24584768847807459 -0.023761365758102448
leaf_weight=423580 352 20 38 20 20 12098 26547 29 24 24 20 24 33 108 38 23 20 22 43 41 24 50 21 22 70 20 42 28 38 61
leaf_count=423580 352 20 38 20 20 12098 26547 29 24 24 20 24 33 108 38 23 20 22 43 41 24 50 21 22 70 20 42 28 38 61
internal_value=2.56558e-07 0.00570837 -0.117394 0.00588748 0.280103 0.00561204 0.00247426 0.0123286 0.0604279 0.0466463 0.01035 0.0313119 0.043707 0.029245 0.0107772 0.0113212 -0.0548987 0.00327152 0.00343796 0.122477 0.00306295 0.00325769 0.00293714 0.121542 0.0128722 0.0446455 0.158955 0.00866992 -0.0422855 -0.109007
internal_weight=463500 39920 58 39862 40 39822 27142 12680 501 472 12179 448 424 400 12159 12121 372 26770 26748 84 26664 26640 26568 72 367 259 62 197 127 99
internal_count=463500 39920 58 39862 40 39822 27142 12680 501 472 12179 448 424 400 12159 12121 372 26770 26748 84 26664 26640 26568 72 367 259 62 197 127 99
is_linear=0
shrinkage=0.05


Tree=88
num_leaves=31
num_cat=0
split_feature=12 11 6 16 12 13 17 11 9 10 2 14 12 14 12 16 9 13 11 9 14 13 12 13 15 17 2 14 13 12
split_gain=530.631 725.294 393.104 506.898 439.864 693.09 973.266 424.726 416.82 402.686 820.349 418.733 600.784 628.646 532.058 503.744 413.116 856.855 760.545 709.045 556.915 640.544 599.384 542.379 481.225 940.059 417.435 390.705 471.583 367.568
threshold=3.5000000000000004 52.500000000000007 1.0000000180025095e-35 0.48500000000000004 10.500000000000002 18.214285714285719 0.00036986301369879021 1.0000000180025095e-35 8.5000000000000018 59.500000000000007 7.5000000000000009 22.107142857142861 6.5000000000000009 23.892857142857146 17.500000000000004 1.655 25.500000000000004 26.500000000000004 14.500000000000002 30.500000000000004 31.750000000000004 33.071428571428577 29.500000000000004 29.785714285714288 52.375000000000007 0.043849315068493329 9.5000000000000018 21.892857142857146 25.214285714285719 13.500000000000002
decision_type=2 2 2 2 2 2 2 2 2 2 2 2 2 2 2 2 2 2 2 2 2 2 2 2 2 2 2 2 2 2
left_child=1 -1 9 4 8 6 7 -6 -4 11 -11 27 -13 14 15 -14 26 19 -19 -18 23 -22 -23 -20 25 -24 29 28 -2 -15
right_child=2 -3 3 -5 5 -7 -8 -9 -10 10 -12 12 13 16 -16 -17 17 18 20 -21 21 22 24 -25 -26 -27 -28 -29 -30 -31
leaf_value=-0.00053417216017471276 0.0013134790315750512 0.23388172349695005 0.045968241074248732 0.010226151924021716 -0.028398326395646385 -0.10676617622375489 0.46268949221287459 0.14513797623086844 -0.079950724721332148 -0.27483188031535399 0.068766789697110656 0.28276692211627957 0.4210515134036541 -0.17019747111833458 0.056557946717366581 0.097096880401174229 0.012321098353713752 -0.23584267725718433 -0.22762856809422374 0.40510972936948142 0.34159330996600068 -0.17488966225646438 0.43400128556725881 0.086809226936505501 -0.02840545298279943 -0.004095358282327652 -0.22663850961574195 -0.20465267558136713 0.22782002391050693 0.016370463137035118
leaf_weight=423994 25511 33 391 12494 46 33 21 151 79 38 32 25 24 33 100 24 20 29 32 27 22 24 24 24 37 25 29 23 23 132
leaf_count=423994 25511 33 391 12494 46 33 21 151 79 38 32 25 24 33 100 24 20 29 32 27 22 24 24 24 37 25 29 23 23 132
internal_value=2.43723e-07 -0.000515929 0.00554507 0.0125786 0.0533428 0.106784 0.13911 0.104617 0.0248031 0.00200529 -0.117758 0.00232542 0.0425626 0.0326532 0.122239 0.259074 0.00370408 0.0444114 0.00248947 0.237966 0.0392535 0.0953057 0.0460481 -0.0928695 0.107705 0.210483 -0.0516914 0.00133196 0.00151751 -0.0209431
internal_weight=463500 424027 39473 13215 721 251 218 197 470 26258 70 26188 631 606 148 48 458 264 217 47 188 132 110 56 86 49 194 25557 25534 165
internal_count=463500 424027 39473 13215 721 251 218 197 470 26258 70 26188 631 606 148 48 458 264 217 47 188 132 110 56 86 49 194 25557 25534 165
is_linear=0
shrinkage=0.05


Tree=89
num_leaves=31
num_cat=1
split_feature=9 8 16 13 11 12 14 15 2 12 13 0 11 9 10 2 16 13 15 14 11 6 10 16 13 15 16 13 1 9
split_gain=500.054 462.867 1040.16 511.625 487.613 545.204 459.472 519.827 449.751 435.193 369.4 351.276 440.603 855.179 1381.08 908.795 576.644 579.033 556.525 465.879 427.108 403.159 394.42 1670.62 482.035 375.38 365.586 658.24 333.597 452.787
threshold=3.5000000000000004 1.0000000180025095e-35 0.21500000000000005 23.642857142857149 38.500000000000007 52.500000000000007 3.4642857142857149 6.7678571428571432 9.5000000000000018 20.500000000000004 7.7857142857142865 0 1.0000000180025095e-35 25.500000000000004 5.5000000000000009 6.5000000000000009 0.48500000000000004 16.642857142857149 18.446428571428573 15.892857142857144 6.5000000000000009 1.0000000180025095e-35 1.0000000180025095e-35 0.24000000000000002 7.9285714285714297 12.803571428571431 21.155000000000005 10.357142857142859 5.5000000000000009 18.500000000000004
decision_type=2 2 2 2 2 2 2 2 2 2 2 1 2 2 2 2 2 2 2 2 2 2 2 2 2 2 2 2 2 2
left_child=-1 11 3 6 28 -6 -3 10 9 -9 -8 12 13 22 -15 -16 17 19 -19 21 25 -14 23 -2 -25 -18 27 -13 -4 -30
right_child=1 2 4 -5 5 -7 7 8 -10 -11 -12 26 16 14 15 -17 20 18 -20 -21 -22 -23 -24 24 -26 -27 -28 -29 29 -31
leaf_value=-0.00050424742825459984 0.49516494497656877 0.32681843623518947 0.0059866144277128629 0.37106707334518435 0.20020333866494289 -0.046894117918881505 0.057622390915639699 0.3467029458758506 -0.012252377821453686 0.063378326530041912 -0.20852901380170477 -0.0079276953249403127 -0.094332733198806848 0.49300646293163308 0.25122656353882383 -0.21971862673759462 -0.0023707008040932975 -0.063258539811965636 -0.32249855439405184 0.13088598076254129 0.013164042230847318 0.077281832322478303 0.005068892198600297 0.028879575738111299 0.25550871739784875 -0.096084937232512019 0.056959434343941844 -0.11320754202131772 0.020494880220687049 0.10954634936650594
leaf_weight=423536 20 20 9805 20 69 33 32 33 29 23 22 6390 154 25 21 20 10090 47 37 40 6339 44 2010 1049 24 108 208 152 2950 150
leaf_count=423536 20 20 9805 20 69 33 32 33 29 23 22 6390 154 25 21 20 10090 47 37 40 6339 44 2010 1049 24 108 208 152 2950 150
internal_value=2.31551e-07 0.00534667 0.0130149 0.132724 0.0113675 0.12026 0.102744 0.0705026 0.147572 0.230337 -0.0508097 0.00157068 0.00489458 0.0220023 0.200099 0.0214972 0.00168173 -0.064587 -0.177448 -0.0247538 0.00297208 -0.0561962 0.0182142 0.0423881 0.0339486 -0.00336316 -0.00828668 -0.0103738 0.0105068 0.0248038
internal_weight=463500 39964 13186 179 13007 102 159 139 85 56 54 26778 20028 3169 66 41 16859 322 84 238 16537 198 3103 1093 1073 10198 6750 6542 12905 3100
internal_count=463500 39964 13186 179 13007 102 159 139 85 56 54 26778 20028 3169 66 41 16859 322 84 238 16537 198 3103 1093 1073 10198 6750 6542 12905 3100
cat_boundaries=0 1
cat_threshold=101
is_linear=0
shrinkage=0.05


Tree=90
num_leaves=31
num_cat=0
split_feature=11 15 1 9 1 5 2 10 11 14 17 10 13 10 17 12 12 2 6 11 11 9 9 15 12 10 9 14 16 12
split_gain=467.231 620.418 315.643 605.234 391.803 925.58 617.386 588.319 449.795 533.749 490.323 525.777 638.602 372.004 938.369 503.2 1092.05 439.573 496.385 386.495 565.726 427.429 566.894 762.575 680.7 628.5 627.015 464.234 406.894 400.525
threshold=4.5000000000000009 23.089285714285719 2.5000000000000004 62.500000000000007 6.5000000000000009 1.0000000180025095e-35 11.500000000000002 43.500000000000007 30.500000000000004 10.250000000000002 0.019178082191780858 19.500000000000004 19.785714285714288 44.500000000000007 0.043849315068493329 48.500000000000007 57.500000000000007 2.5000000000000004 1.0000000180025095e-35 59.500000000000007 50.500000000000007 57.500000000000007 35.500000000000007 34.839285714285722 6.5000000000000009 38.500000000000007 39.500000000000007 26.750000000000004 1.3150000000000002 29.500000000000004
decision_type=2 2 2 2 2 2 2 2 2 2 2 2 2 2 2 2 2 2 2 2 2 2 2 2 2 2 2 2 2 2
left_child=1 -1 3 -2 13 7 -7 8 9 -6 11 12 -11 15 17 19 -17 -15 -19 20 21 22 23 25 -24 27 -26 29 -28 -4
right_child=2 -3 4 -5 5 6 -8 -9 -10 10 -12 -13 -14 14 -16 16 -18 18 -20 -21 -22 -23 24 -25 26 -27 28 -29 -30 -31
leaf_value=-0.0004225867670674655 0.012615186987899332 0.22696481486161552 -0.0010318837846276538 0.23388274600428921 0.013599556033485619 -0.00061049385544131786 -0.1895490674852309 0.21731239886660325 -0.10163121745983759 0.088404356090958258 -0.076735890158875428 0.0019469032039890041 0.29287899330604911 0.021353370731785185 0.14051724057062528 0.43460125544197148 -0.0087890961843474624 -0.3501381003856659 -0.062508332698295518 -0.22100592046976089 0.21584626654628664 -0.20807023906707764 0.36496370143833617 -0.26754247430298062 0.22021566530068717 -0.24717141435696532 0.045615195623702476 0.12212793761864305 -0.22092751867714383 -0.096815848851745781
leaf_weight=434867 10080 30 13961 31 3036 85 88 38 75 341 55 154 43 21 32 21 41 40 24 20 30 25 21 27 36 26 45 76 21 110
leaf_count=434867 10080 30 13961 31 3036 85 88 38 75 341 55 154 43 21 32 21 41 40 24 20 30 25 21 27 36 26 45 76 21 110
internal_value=2.19953e-07 -0.000406901 0.00619033 0.0132936 0.00230643 0.0163501 -0.096718 0.0215774 0.0195694 0.0220742 0.0654621 0.0799991 0.111301 -0.00146532 -0.0902628 -0.000746837 0.141392 -0.177145 -0.242277 -0.00135891 -0.00105337 -0.00150689 -0.00114634 -0.00207213 0.105733 -0.0015664 0.0523624 -0.00111502 -0.0391938 -0.00178067
internal_weight=463500 434897 28603 10111 18492 3915 173 3742 3704 3629 593 538 384 14577 117 14460 62 85 64 14398 14378 14348 14323 14200 123 14173 102 14147 66 14071
internal_count=463500 434897 28603 10111 18492 3915 173 3742 3704 3629 593 538 384 14577 117 14460 62 85 64 14398 14378 14348 14323 14200 123 14173 102 14147 66 14071
is_linear=0
shrinkage=0.05


Tree=91
num_leaves=31
num_cat=0
split_feature=1 15 14 2 13 13 10 10 13 2 9 6 15 15 14 9 11 12 12 16 9 9 16 13 10 12 11 12 9 12
split_gain=444.047 736.644 766.454 1227.7 702.524 533.055 738.045 931.542 704.672 426.826 670.772 1076.06 720.632 474.063 802.813 719.57 600.431 396.756 803.629 1775.82 538.519 506.483 326.649 389.299 618.648 411.956 413.155 362.579 311.664 314.319
threshold=2.5000000000000004 4.8035714285714297 2.3214285714285716 7.5000000000000009 9.071428571428573 58.500000000000007 73.500000000000014 56.500000000000007 41.642857142857146 2.5000000000000004 24.500000000000004 1.0000000180025095e-35 16.232142857142861 25.660714285714288 24.964285714285719 33.500000000000007 48.500000000000007 62.500000000000007 49.500000000000007 4.9750000000000005 73.500000000000014 42.500000000000007 0.24000000000000002 25.214285714285719 36.500000000000007 46.500000000000007 39.500000000000007 3.5000000000000004 7.5000000000000009 14.500000000000002
decision_type=2 2 2 2 2 2 2 2 2 2 2 2 2 2 2 2 2 2 2 2 2 2 2 2 2 2 2 2 2 2
left_child=1 4 3 -3 -1 6 7 8 9 10 28 12 -12 14 22 16 -15 18 20 -20 -2 -21 27 24 25 26 -24 -11 -4 -30
right_child=17 2 5 -5 -6 -7 -8 -9 -10 13 11 -13 -14 15 -16 -17 -18 -19 19 21 -22 -23 23 -25 -26 -27 -28 -29 29 -31
leaf_value=0.0015605878464329183 -0.00098352654288709788 0.49285771765492181 0.0068848756751171622 -0.019276795960962774 0.25203850719013382 0.26923794306459881 -0.25983178913593291 0.27157585774030951 -0.27982178792357443 -0.19874213594747217 0.26598900323733687 0.42693380520775404 -0.089734936186245506 -0.059242298335690668 -0.279635551571846 0.34592673056400741 0.2668348702043295 -0.14043235216362804 -0.081588465202217686 0.57048607914475724 -0.23783757785956064 0.21464780710637568 0.012813418461525103 0.22718212020893894 -0.22289667968372151 -0.19823328450970029 0.22081442282845579 -0.012261823569817178 0.039038313211643277 0.12861470501010236
leaf_weight=127300 329846 22 532 25 28 21 24 36 20 38 24 29 35 48 24 26 20 51 39 20 24 20 4542 21 28 23 24 83 397 130
leaf_count=127300 329846 22 532 25 28 21 24 36 20 38 24 29 35 48 24 26 20 51 39 20 24 20 4542 21 28 23 24 83 397 130
internal_value=2.08976e-07 0.0024334 0.0193031 0.220446 0.00161567 0.0177596 0.0168944 0.0179868 0.0164763 0.0174601 0.0449041 0.177547 0.0549663 0.0110056 0.00882025 0.122204 0.0366628 -0.000984126 -0.000962572 0.15849 -0.00100076 0.392567 0.010275 0.0123908 0.0114138 0.0128435 0.0139067 -0.0708259 0.0338818 0.061135
internal_weight=463500 133500 6172 47 127328 6125 6104 6080 6044 6024 1147 88 59 4877 4783 94 68 330000 329949 79 329870 40 4759 4638 4617 4589 4566 121 1059 527
internal_count=463500 133500 6172 47 127328 6125 6104 6080 6044 6024 1147 88 59 4877 4783 94 68 330000 329949 79 329870 40 4759 4638 4617 4589 4566 121 1059 527
is_linear=0
shrinkage=0.05


Tree=92
num_leaves=31
num_cat=1
split_feature=9 16 10 10 12 12 7 13 12 11 11 10 14 16 10 9 1 15 15 14 12 9 17 15 14 10 11 7 0 12
split_gain=428.519 542.324 905.992 1000.97 518.397 2233.01 1187.56 1119.36 440.419 1107.01 813.417 556.199 409.806 552.165 382.292 354.43 351.951 658.482 1968.74 530.503 1211.08 668.941 521.916 566.781 471.674 605.442 359.998 338.769 383.195 307.263
threshold=1.0000000180025095e-35 1.7000000000000002 75.500000000000014 66.500000000000014 48.500000000000007 56.500000000000007 1.0000000180025095e-35 50.642857142857146 34.500000000000007 38.500000000000007 33.500000000000007 41.500000000000007 9.4642857142857171 2.9750000000000005 19.500000000000004 42.500000000000007 1.5000000000000002 8.9107142857142865 9.2678571428571441 25.250000000000004 28.500000000000004 30.500000000000004 0.0088493150684931816 5.6250000000000009 22.321428571428573 31.500000000000004 65.000000000000014 1.0000000180025095e-35 0 28.500000000000004
decision_type=2 2 2 2 2 2 2 2 2 2 2 2 2 2 2 2 2 2 2 2 2 2 2 2 2 2 2 2 1 2
left_child=12 2 3 16 8 -6 7 -7 9 10 11 14 -1 -14 27 -11 17 22 -19 21 -21 24 -2 -24 25 -20 -18 -3 -29 -16
right_child=1 4 -4 -5 5 6 -8 -9 -10 15 -12 -13 13 -15 29 -17 26 18 19 20 -22 -23 23 -25 -26 -27 -28 28 -30 -31
leaf_value=-0.001135150096938411 0.0089015592291488109 -0.0012369236599987453 -0.32860882119275631 0.34516911167990078 0.44033640784876688 -0.38739133658153668 0.25221662488579749 0.052180181095997494 -0.11323579569949825 0.31258152459521554 -0.25980409185091652 -0.26307907670736314 -0.10671896235644818 0.1162580096360409 0.057965097019249318 0.051331076323986063 0.0058210934474236331 0.55733920232392842 0.060556578217715096 0.16589089236580409 -0.29039732138767388 0.30661580903189528 0.056759917529832039 0.29359278754242857 0.2930990973673761 -0.16476922747679057 -0.18791185142472389 0.0099265963244506671 0.00053538853560721193 -0.12615062644084293
leaf_weight=287931 3783 95475 20 22 35 28 25 30 85 37 30 20 175 33 406 20 27534 20 436 26 33 28 196 29 20 32 24 17061 29882 24
leaf_count=287931 3783 95475 20 22 35 28 25 30 85 37 30 20 175 33 406 20 27534 20 436 26 33 28 196 29 20 32 24 17061 29882 24
internal_value=1.98496e-07 0.00194899 0.00781162 0.00802068 0.000630204 0.105387 -0.0358571 -0.160027 0.000543786 0.000611438 0.000523562 0.000578227 -0.00118583 -0.0713428 0.000615141 0.220915 0.00779005 0.0205883 0.0696708 0.0527084 -0.0893212 0.0689482 0.0133018 0.087285 0.0553115 0.0451497 0.00565237 0.000473012 0.00395076 0.0476889
internal_weight=463500 175361 32203 32183 143158 118 83 58 143040 142955 142898 142868 288139 208 142848 57 32161 4603 595 575 59 516 4008 225 488 468 27558 142418 46943 430
internal_count=463500 175361 32203 32183 143158 118 83 58 143040 142955 142898 142868 288139 208 142848 57 32161 4603 595 575 59 516 4008 225 488 468 27558 142418 46943 430
cat_boundaries=0 1
cat_threshold=6
is_linear=0
shrinkage=0.05


Tree=93
num_leaves=31
num_cat=0
split_feature=1 15 14 12 13 13 10 10 13 2 9 6 15 15 14 9 11 12 12 16 9 10 11 14 16 12 13 10 1 5
split_gain=393.727 619.604 691.489 1148.88 631.865 468.464 645.358 839.217 629.234 379.431 592.503 960.782 644.607 447.851 726.477 652.423 524.783 350.873 677.476 1525.53 476.433 473.453 301.613 766 492.025 394.203 340.386 499.148 287.973 779.143
threshold=2.5000000000000004 4.8035714285714297 2.3214285714285716 18.500000000000004 9.071428571428573 58.500000000000007 73.500000000000014 56.500000000000007 41.642857142857146 2.5000000000000004 24.500000000000004 1.0000000180025095e-35 16.232142857142861 25.660714285714288 24.964285714285719 33.500000000000007 48.500000000000007 62.500000000000007 49.500000000000007 4.9750000000000005 73.500000000000014 43.500000000000007 38.500000000000007 18.035714285714288 0.24000000000000002 1.5000000000000002 25.214285714285719 36.500000000000007 6.5000000000000009 1.0000000180025095e-35
decision_type=2 2 2 2 2 2 2 2 2 2 2 2 2 2 2 2 2 2 2 2 2 2 2 2 2 2 2 2 2 2
left_child=1 4 3 -3 -1 6 7 8 9 10 -4 12 -12 14 22 16 -15 18 20 -20 28 -21 24 -24 25 -11 27 -26 -2 -30
right_child=17 2 5 -5 -6 -7 -8 -9 -10 13 11 -13 -14 15 -16 -17 -18 -19 19 21 -22 -23 23 -25 26 -27 -28 -29 29 -31
leaf_value=0.0014891833259072285 -0.0016639627615272529 0.42157683023424064 0.031519548720546069 -0.078411209769546991 0.23903691481266703 0.2520474476118883 -0.24328125764926278 0.25720186924768823 -0.26491550415754322 -0.28013549767758533 0.25029568895697596 0.40219292928432604 -0.086141356187207363 -0.053114382748026406 -0.26660563126206399 0.33102700509704075 0.25173024822026496 -0.13206402880924881 -0.077020350089057901 0.53447142317891128 -0.22370779216289521 0.19043176624923946 -0.042362464892749606 0.36922443505376579 0.010756414271958207 -0.047925858982325945 0.21129569091967176 -0.21327200603485108 0.0032154951239724465 -0.022865513310208918
leaf_weight=127300 263876 27 1059 20 28 21 24 36 20 23 24 29 35 48 24 26 20 51 39 20 24 20 26 20 4555 89 21 25 62970 3000
leaf_count=127300 263876 27 1059 20 28 21 24 36 20 23 24 29 35 48 24 26 20 51 39 20 24 20 26 20 4555 89 21 25 62970 3000
internal_value=1.99878e-07 0.00229138 0.017763 0.208816 0.00154142 0.016297 0.0154859 0.0165073 0.0150737 0.0160033 0.0418788 0.166543 0.0507144 0.00991772 0.00779362 0.117998 0.0365458 -0.000926687 -0.000906417 0.145497 -0.000941479 0.362452 0.00917744 0.136588 0.00793388 -0.0956118 0.0104544 0.00953355 -0.00092527 0.00202946
internal_weight=463500 133500 6172 47 127328 6125 6104 6080 6044 6024 1147 88 59 4877 4783 94 68 330000 329949 79 329870 40 4759 46 4713 112 4601 4580 329846 65970
internal_count=463500 133500 6172 47 127328 6125 6104 6080 6044 6024 1147 88 59 4877 4783 94 68 330000 329949 79 329870 40 4759 46 4713 112 4601 4580 329846 65970
is_linear=0
shrinkage=0.05


Tree=94
num_leaves=31
num_cat=0
split_feature=9 16 10 10 12 12 7 13 12 11 11 10 14 16 12 9 10 7 14 9 15 1 15 14 14 12 15 17 9 11
split_gain=379.799 481.463 807.583 886.653 413.371 1978.95 1071.06 1004.34 395.126 1005.55 730.943 502.429 370.534 481.63 350.154 447.227 332.527 313.343 354.227 306.239 899.647 304.943 585.322 1622.02 466.114 1082.04 536.859 426.266 549.47 340.526
threshold=1.0000000180025095e-35 1.7000000000000002 75.500000000000014 66.500000000000014 48.500000000000007 56.500000000000007 1.0000000180025095e-35 50.642857142857146 34.500000000000007 38.500000000000007 33.500000000000007 41.500000000000007 9.4642857142857171 2.9750000000000005 21.500000000000004 10.500000000000002 41.500000000000007 1.0000000180025095e-35 5.1785714285714297 48.500000000000007 25.660714285714288 1.5000000000000002 8.1607142857142865 6.7500000000000009 25.250000000000004 28.500000000000004 22.339285714285719 0.0060273972602739598 11.500000000000002 57.500000000000007
decision_type=2 2 2 2 2 2 2 2 2 2 2 2 2 2 2 2 2 2 2 2 2 2 2 2 2 2 2 2 2 2
left_child=12 2 3 21 8 -6 7 -7 9 10 11 14 -1 -14 17 -16 -11 -3 -19 20 -10 22 27 -24 26 -26 -25 -2 -29 -23
right_child=1 4 -4 -5 5 6 -8 -9 19 16 -12 -13 13 -15 15 -17 -18 18 -20 -21 -22 29 23 24 25 -27 -28 28 -30 -31
leaf_value=-0.0010681932220681343 0.0074201567247883723 -0.0011750124744902002 -0.3102655138075352 0.32486854486844763 0.4094569116298642 -0.37211693376302724 0.2347490008175373 0.044258078609903662 0.01823564926783244 0.10755451773152208 -0.24628199378649396 -0.2500416344404221 -0.10086655817506836 0.10738212159185699 -0.037005877094243161 0.09469976708647751 0.35215564414393158 0.0028065973375317947 0.022557282622048577 0.03184336456987593 -0.37584065347909928 0.0055715230021860926 0.50677915826439868 0.052797221104411519 0.15684481813357429 -0.27445071441206065 0.28983151441812516 0.050493992570775775 0.31021150662140418 -0.13363700945099646
leaf_weight=287931 3666 95582 20 22 35 28 25 30 30 33 30 20 175 33 93 210 24 44571 2392 27 28 27514 20 537 26 33 25 274 22 44
leaf_count=287931 3666 95582 20 22 35 28 25 30 30 33 30 20 175 33 93 210 24 44571 2392 27 28 27514 20 537 26 33 25 274 22 44
internal_value=1.89873e-07 0.00183485 0.00735874 0.00755613 0.000592272 0.0941372 -0.038829 -0.156751 0.000515103 0.000579182 0.00049543 0.000547249 -0.00111638 -0.0678271 0.000582334 0.0542753 0.210544 0.000468202 0.00381257 -0.107255 -0.172008 0.00733907 0.019252 0.0635797 0.0493059 -0.0843883 0.0633415 0.0120803 0.0697973 0.00534926
internal_weight=463500 175361 32203 32183 143158 118 83 58 143040 142955 142898 142868 288139 208 142848 303 57 142545 46963 85 58 32161 4603 641 621 59 562 3962 296 27558
internal_count=463500 175361 32203 32183 143158 118 83 58 143040 142955 142898 142868 288139 208 142848 303 57 142545 46963 85 58 32161 4603 641 621 59 562 3962 296 27558
is_linear=0
shrinkage=0.05


Tree=95
num_leaves=31
num_cat=1
split_feature=1 14 11 0 9 9 9 16 14 6 12 12 12 16 9 9 10 16 5 14 11 14 10 10 16 14 13 9 10 13
split_gain=348.907 515.786 1025.88 397.522 357.062 360.163 345.238 326.475 1775.18 391.659 579.257 307.689 571.858 1309.82 450.416 432.46 306.454 472.365 364.531 563.151 439.729 461.306 509.818 323.919 304.646 288.313 287.408 281.216 270.037 644.783
threshold=2.5000000000000004 15.107142857142859 3.5000000000000004 0 62.500000000000007 51.500000000000007 1.0000000180025095e-35 0.84000000000000019 2.2500000000000004 1.0000000180025095e-35 14.500000000000002 62.500000000000007 49.500000000000007 4.9750000000000005 42.500000000000007 73.500000000000014 8.5000000000000018 0.97500000000000009 1.0000000180025095e-35 20.107142857142861 48.500000000000007 34.357142857142868 47.500000000000007 12.500000000000002 0.48500000000000004 14.535714285714286 8.2142857142857171 24.500000000000004 25.500000000000004 36.642857142857146
decision_type=2 2 2 1 2 2 2 2 2 2 2 2 2 2 2 2 2 2 2 2 2 2 2 2 2 2 2 2 2 2
left_child=1 3 -3 6 5 16 -1 8 -8 24 26 12 15 -14 -15 28 17 -4 20 -20 21 22 23 -18 -10 -5 -11 -22 29 -2
right_child=11 2 4 25 -6 -7 7 -9 9 10 -12 -13 13 14 -16 -17 18 -19 19 -21 27 -23 -24 -25 -26 -27 -28 -29 -30 -31
leaf_value=0.0011246583400220207 -0.00082610948179599004 0.36395312417298559 0.073368660834702587 -8.7197315236312286e-05 0.19841416305111303 -0.18407740771770478 0.46410525783151391 0.0089844503480065382 -0.07651526414259685 -0.012783558460382316 0.31260216832160953 -0.12367487805438977 -0.072532009887389656 0.50246937483549114 0.1669041783362627 -0.21312292019526163 0.18393201361144229 -0.2473845025524497 0.093100651657139821 -0.21276180082384277 0.03186209882482044 -0.16083413005939551 0.277645415585974 0.026397480311923318 0.048964859115000335 -0.18537476098253614 0.19998262467838468 0.25880883977008173 -0.033393271456456493 0.25834531771639985
leaf_weight=22755 329185 24 22 85072 31 20 25 24512 102 65 25 51 39 20 20 24 35 24 27 34 21 28 23 482 92 21 21 39 637 24
leaf_count=22755 329185 24 22 85072 31 20 25 24512 102 65 25 51 39 20 20 24 35 24 27 34 21 28 23 482 92 21 21 39 637 24
internal_value=1.80395e-07 0.00215701 0.0419348 0.00191419 0.0321022 0.0252735 0.00557282 0.00964952 0.0590503 0.0258491 0.100755 -0.000872357 -0.000853375 0.133655 0.334687 -0.000885588 0.0309701 -0.0939808 0.0393123 -0.0773801 0.050647 0.0370488 0.0473094 0.0370623 -0.0170092 -0.000132909 0.039171 0.179377 -0.000870146 -0.000807215
internal_weight=463500 133500 810 132690 786 755 47597 24842 330 305 111 330000 329949 79 40 329870 735 46 689 61 628 568 540 517 194 85093 86 60 329846 329209
internal_count=463500 133500 810 132690 786 755 47597 24842 330 305 111 330000 329949 79 40 329870 735 46 689 61 628 568 540 517 194 85093 86 60 329846 329209
cat_boundaries=0 1
cat_threshold=36
is_linear=0
shrinkage=0.05


Tree=96
num_leaves=31
num_cat=0
split_feature=12 9 9 9 9 13 6 11 10 12 16 12 12 10 12 13 10 14 11 9 9 9 15 11 16 10 13 14 12 2
split_gain=333.542 581.238 767.914 612.461 335.267 313.081 314.052 451.961 858.647 465.199 598.761 689.698 642.308 542.021 456.618 377.761 1081.41 536.583 490.129 466.814 372.703 352.436 350.896 337.21 333.384 324.198 576.952 554.675 933.042 455.62
threshold=2.5000000000000004 54.500000000000007 41.500000000000007 35.500000000000007 76.000000000000014 1.0000000180025095e-35 1.0000000180025095e-35 32.500000000000007 47.500000000000007 12.500000000000002 0.58500000000000008 34.500000000000007 51.500000000000007 3.5000000000000004 21.500000000000004 44.642857142857146 34.500000000000007 17.821428571428573 39.500000000000007 28.500000000000004 17.500000000000004 7.5000000000000009 5.5178571428571432 1.0000000180025095e-35 0.95000000000000007 59.500000000000007 50.642857142857146 22.107142857142861 6.5000000000000009 7.5000000000000009
decision_type=2 2 2 2 2 2 2 2 2 2 2 2 2 2 2 2 2 2 2 2 2 2 2 2 2 2 2 2 2 2
left_child=1 2 3 -1 5 -2 25 8 9 -8 11 13 23 14 -11 16 17 -9 -19 -18 21 22 -15 -12 -25 27 -27 -7 -29 -30
right_child=4 -3 -4 -5 -6 6 7 15 -10 10 12 -13 -14 20 -16 -17 19 18 -20 -21 -22 -23 -24 24 -26 26 -28 28 29 -31
leaf_value=-0.00052168535587708987 -0.015141304455138309 0.19765667045438612 -0.25348476887680593 0.26329943178517912 -0.1608469989030592 0.0010852442670205493 0.0075597970040174219 -0.20354729592800141 0.3377906645089388 -0.010709070953637807 0.13516343203994136 -0.12003560087510519 0.29790938301455405 0.3623749972037647 0.22137287124510735 0.059424295974895361 -0.16551425642860326 -0.054139612313980859 0.2490092338373264 -0.49580580453388401 0.04368212733949934 0.4558014233907064 0.10461766376130043 -0.050709027018548784 0.023820240619105711 -0.23792298194524408 0.073008539140224468 0.33067950159311299 0.068725988618129077 -0.021821574102028868
leaf_weight=405231 2140 37 30 22 31 36603 16931 24 20 67 60 28 21 23 31 40 23 30 24 20 21 21 31 173 1131 37 25 28 377 220
leaf_count=405231 2140 37 30 22 31 36603 16931 24 20 67 60 28 21 23 31 40 23 30 24 20 21 21 31 173 1131 37 25 28 377 220
internal_value=1.71366e-07 -0.000507998 -0.000526089 -0.000507363 0.00354041 0.00362805 0.00434519 0.00962961 0.0103533 0.00999999 0.0357093 0.111941 0.0234902 0.145423 0.0627046 -0.0737831 -0.117819 -0.00683464 0.0805932 -0.319138 0.229864 0.281995 0.214403 0.0192653 0.0139325 0.0016925 -0.112547 0.00188275 0.0485888 0.0353584
internal_weight=463500 405320 405283 405253 58180 58149 56009 18719 18558 18538 1607 222 1385 194 98 161 121 78 54 43 96 75 54 1364 1304 37290 62 37228 625 597
internal_count=463500 405320 405283 405253 58180 58149 56009 18719 18558 18538 1607 222 1385 194 98 161 121 78 54 43 96 75 54 1364 1304 37290 62 37228 625 597
is_linear=0
shrinkage=0.05


Tree=97
num_leaves=31
num_cat=1
split_feature=15 1 0 9 11 14 15 12 13 11 15 16 2 12 12 16 1 5 10 13 13 10 17 2 12 15 12 11 14 5
split_gain=319.43 365.877 478.895 679.512 1365.17 347.984 690.908 878.21 431.543 295.281 417.45 768.175 533.723 687.451 626.259 465.42 292.86 782.648 1223.92 822.894 699.309 511.495 1190.61 573.19 640.044 394.34 451.781 468.29 328.709 812.568
threshold=1.0000000180025095e-35 2.5000000000000004 0 24.500000000000004 1.5000000000000002 33.178571428571438 20.696428571428573 33.500000000000007 20.500000000000004 6.5000000000000009 17.910714285714288 1.3150000000000002 2.5000000000000004 25.500000000000004 17.500000000000004 1.655 6.5000000000000009 1.0000000180025095e-35 2.5000000000000004 6.5000000000000009 10.928571428571431 44.500000000000007 0.039054794520547588 2.5000000000000004 30.500000000000004 39.928571428571438 38.500000000000007 38.500000000000007 26.750000000000004 1.0000000180025095e-35
decision_type=2 2 1 2 2 2 2 2 2 2 2 2 2 2 2 2 2 2 2 2 2 2 2 2 2 2 2 2 2 2
left_child=-1 2 3 5 -5 6 -2 8 -8 -6 11 -11 13 -12 -14 -13 21 19 -19 -18 -20 28 23 -23 -25 26 27 -21 -3 -30
right_child=1 16 -4 4 9 -7 7 -9 -10 10 12 15 14 -15 -16 -17 17 18 20 25 -22 22 -24 24 -26 -27 -28 -29 29 -31
leaf_value=-0.0039858340800107547 0.0061543091496611873 -0.0013023587121469933 0.00036455848297890537 0.42407148812825862 -0.10741313568183355 -0.19714244000968481 0.45586536855182863 -0.016465810009024359 0.15223193977773192 0.404207595081433 -0.31755858439466228 -0.040026692653957169 0.24538949155493786 0.083258556574583059 0.017837488907389343 0.25796184846200049 0.0027680691291343501 -0.015081055271039584 -0.11713967729790682 0.03991951620597789 -0.43226928591728209 0.019005282741525902 0.13869786713574384 -0.44806198292765126 -0.13955100942403079 0.2229022235742637 -0.16918093264102937 -0.1780052101239562 0.027428744484980901 0.33788609426954519
leaf_weight=45345 43564 237684 76493 26 28 21 22 44 25 23 23 38 38 20 148 20 55014 2505 147 1768 20 23 37 29 40 28 27 25 252 23
leaf_count=45345 43564 237684 76493 26 28 21 22 44 25 23 23 38 38 20 148 20 55014 2505 147 1768 20 23 37 29 40 28 27 25 252 23
internal_value=1.62785e-07 0.000432407 0.00275647 0.00690933 0.0749433 0.00634391 0.0064418 0.14407 0.294358 0.0480873 0.0621325 0.159691 0.0276248 -0.131132 0.0643266 0.062728 -0.000508809 0.00262775 -0.0238185 0.00387048 -0.15488 -0.00129311 -0.100829 -0.19716 -0.269215 0.0366888 0.033824 0.036881 -0.00123915 0.0533943
internal_weight=463500 418155 120533 44040 364 43676 43655 91 47 338 310 81 229 43 186 58 297622 59534 2672 56862 167 238088 129 92 69 1848 1820 1793 237959 275
internal_count=463500 418155 120533 44040 364 43676 43655 91 47 338 310 81 229 43 186 58 297622 59534 2672 56862 167 238088 129 92 69 1848 1820 1793 237959 275
cat_boundaries=0 1
cat_threshold=36
is_linear=0
shrinkage=0.05


Tree=98
num_leaves=31
num_cat=2
split_feature=9 16 10 10 14 6 13 12 12 7 13 12 11 11 10 9 1 10 9 15 12 14 7 0 14 9 16 0 9 11
split_gain=294.96 409.006 699.17 799.708 342.56 439.627 742.054 318.588 1707.09 944.718 872.901 345.697 907.847 663.805 460.801 317.451 313.822 305.73 290.367 811.888 290.107 275.405 271.111 333.335 274.422 295.728 610.216 264.679 788.866 673.468
threshold=1.0000000180025095e-35 1.7000000000000002 75.500000000000014 66.500000000000014 9.4642857142857171 1.0000000180025095e-35 19.642857142857149 48.500000000000007 56.500000000000007 1.0000000180025095e-35 50.642857142857146 34.500000000000007 38.500000000000007 33.500000000000007 41.500000000000007 42.500000000000007 5.5000000000000009 19.500000000000004 48.500000000000007 25.660714285714288 28.500000000000004 10.964285714285717 1.0000000180025095e-35 0 14.678571428571429 12.500000000000002 6.285000000000001 1 22.500000000000004 1.0000000180025095e-35
decision_type=2 2 2 2 2 2 2 2 2 2 2 2 2 2 2 2 2 2 2 2 2 2 2 1 2 2 2 1 2 2
left_child=4 2 3 27 -1 6 16 11 -9 10 -10 12 13 14 17 -14 21 22 19 -13 -19 -6 -3 24 25 -24 -27 29 -29 -2
right_child=1 7 -4 -5 5 -7 -8 8 9 -11 -12 18 15 -15 -16 -17 -18 20 -20 -21 -22 -23 23 -25 -26 26 -28 28 -30 -31
leaf_value=-0.00093750173802905137 0.035835139556741474 -0.0011894932291331083 -0.2888284426927567 0.30824510827660562 0.062588186636567109 -0.15897060676645011 0.27133367910981177 0.37545642439808163 -0.35242966605084286 0.21603533911705017 0.035744781916340194 0.017273893604675929 0.28672124765611984 -0.23478677844007811 -0.23954975485801697 0.03947500586509705 0.11410262605973653 0.052549379598578728 0.035045651981124172 -0.35708860180207663 -0.12635228993992012 -0.14813459671061974 0.0085927934730561772 0.00026606324967874055 -0.095970714813278568 0.033105394006006227 0.26327642798423767 0.0036222820691799561 -0.11814103514901293 0.0068294625248419977
leaf_weight=287931 2425 95475 20 22 20 78 20 35 28 25 30 30 37 30 20 20 21 406 27 28 24 69 16740 29882 62 226 33 18151 134 11451
leaf_count=287931 2425 95475 20 22 20 78 20 35 28 25 30 30 37 30 20 20 21 406 27 28 24 69 16740 29882 62 226 33 18151 134 11451
internal_value=1.55075e-07 0.00161697 0.00670827 0.00689193 -0.000983838 -0.0651269 -0.00882073 0.000471701 0.0825947 -0.0409012 -0.15165 0.000403954 0.000463891 0.000384312 0.000433694 0.199968 -0.0597579 0.000467294 -0.1004 -0.163453 0.0425642 -0.100781 0.000340192 0.00345134 0.00902484 0.0094131 0.0624322 0.00668579 0.00272846 0.01189
internal_weight=463500 175361 32203 32183 288139 208 130 143158 118 83 58 143040 142955 142898 142868 57 110 142848 85 58 430 89 142418 46943 17061 16999 259 32161 18285 13876
internal_count=463500 175361 32203 32183 288139 208 130 143158 118 83 58 143040 142955 142898 142868 57 110 142848 85 58 430 89 142418 46943 17061 16999 259 32161 18285 13876
cat_boundaries=0 1 2
cat_threshold=6 5
is_linear=0
shrinkage=0.05


Tree=99
num_leaves=31
num_cat=1
split_feature=1 15 14 2 13 16 9 15 10 12 9 0 13 14 13 14 12 13 11 10 13 11 9 13 12 15 13 11 15 12
split_gain=282.735 434.009 622.816 1057.91 540.902 405.248 501.22 424.451 523.833 405.452 425.832 356.394 439.102 437.406 439.61 1133.07 444.499 446.165 411.759 382.232 549.272 371.873 432.192 341.03 331.138 638.698 592.986 300.898 300.088 287.297
threshold=2.5000000000000004 4.8035714285714297 2.3214285714285716 7.5000000000000009 9.071428571428573 0.24000000000000002 58.500000000000007 39.928571428571438 51.500000000000007 3.5000000000000004 7.5000000000000009 0 19.785714285714288 3.535714285714286 18.642857142857149 17.321428571428573 46.500000000000007 17.928571428571434 12.500000000000002 17.500000000000004 20.500000000000004 47.500000000000007 22.500000000000004 55.142857142857146 13.500000000000002 15.482142857142859 10.500000000000002 33.500000000000007 19.053571428571434 62.500000000000007
decision_type=2 2 2 2 2 2 2 2 2 2 2 1 2 2 2 2 2 2 2 2 2 2 2 2 2 2 2 2 2 2
left_child=1 4 3 -3 -1 9 7 8 11 10 -4 13 -13 -7 16 -16 17 18 -15 -17 28 22 -22 -8 26 -26 -11 -10 -21 -2
right_child=29 2 5 -5 -6 6 23 -9 27 24 -12 12 -14 14 15 19 -18 -19 -20 20 21 -23 -24 -25 25 -27 -28 -29 -30 -31
leaf_value=0.0012657101631540059 -0.00076696061646677272 0.4490827001885257 -0.072985026594548627 -0.026320882976055143 0.22105070714439667 0.19611670898424616 0.32371062853119592 -0.15429264127805428 0.32587290136587055 -0.041134905905434588 -0.34380766749382019 0.0028624731154958797 -0.15829858280458423 0.0093989808054517465 0.44311232417821889 -0.093753180535216085 -0.17762494395519127 -0.14076929934496105 0.051113869404528715 0.08711169869417236 0.11812922901182032 0.20861227656232903 -0.040162183898539587 0.038434934392571452 0.093855041318706103 -0.2308183525547837 0.30389627240598205 0.054887050651013847 0.33912480208608842 -0.119448836293875
leaf_weight=127300 329949 22 47 25 28 37 22 37 21 33 21 2474 43 2041 20 38 29 43 833 21 67 29 121 20 28 33 20 20 27 51
leaf_count=127300 329949 22 47 25 28 37 22 37 21 33 21 2474 43 2041 20 38 29 43 833 21 67 29 121 20 28 33 20 20 27 51
internal_value=1.47592e-07 0.00194171 0.0148905 0.196208 0.00131404 0.0134991 0.0157498 0.0145248 0.0155899 -0.0599937 -0.156621 0.014336 0.000108793 0.0250915 0.0232325 0.0786072 0.0171612 0.0190977 0.0214896 0.0545475 0.0758132 0.0419576 0.0162502 0.187865 -0.00235606 -0.0817879 0.0890655 0.193685 0.228869 -0.000785302
internal_weight=463500 133500 6172 47 127328 6125 5943 5901 5864 182 68 5823 2517 3306 3269 323 2946 2917 2874 303 265 217 188 42 114 61 53 41 48 330000
internal_count=463500 133500 6172 47 127328 6125 5943 5901 5864 182 68 5823 2517 3306 3269 323 2946 2917 2874 303 265 217 188 42 114 61 53 41 48 330000
cat_boundaries=0 1
cat_threshold=76
is_linear=0
shrinkage=0.05


Tree=100
num_leaves=31
num_cat=1
split_feature=15 1 0 9 11 14 15 12 13 13 10 14 14 11 13 16 9 16 13 10 1 11 9 1 5 10 13 13 9 15
split_gain=279.796 300.756 414.708 579.448 1175.62 313.62 601.179 773.083 386.581 286.147 388.79 272.587 1650.4 697.943 659.945 405.441 1224.53 379.064 440.609 345.015 278.804 270.805 503.412 261.414 707.168 1113.97 739.944 419.118 381.031 364.006
threshold=1.0000000180025095e-35 2.5000000000000004 0 24.500000000000004 1.5000000000000002 33.178571428571438 20.696428571428573 33.500000000000007 20.500000000000004 58.500000000000007 71.500000000000014 29.821428571428573 26.214285714285719 5.5000000000000009 33.214285714285722 1.2050000000000003 30.500000000000004 2.4750000000000005 21.785714285714288 42.500000000000007 1.5000000000000002 62.500000000000007 53.500000000000007 6.5000000000000009 1.0000000180025095e-35 4.5000000000000009 6.5000000000000009 9.7857142857142865 76.000000000000014 39.928571428571438
decision_type=2 2 1 2 2 2 2 2 2 2 2 2 2 2 2 2 2 2 2 2 2 2 2 2 2 2 2 2 2 2
left_child=-1 2 3 5 -5 6 -2 8 -8 10 11 12 13 -6 -13 16 -15 18 20 -16 -17 23 -23 28 26 -26 -25 -27 -3 -28
right_child=1 21 -4 4 9 -7 7 -9 -10 -11 -12 14 -14 15 19 17 -18 -19 -20 -21 -22 22 -24 24 25 27 29 -29 -30 -31
leaf_value=-0.0037303825829139896 0.0056789611665650731 -0.0011510170688309373 0.00028595656890369409 0.39318570586351248 -0.20981405943632128 -0.18732380143233709 0.42819613868539985 -0.016293454932218249 0.14081529414653779 0.22302156492202943 -0.17545135617256166 0.37602841518819335 -0.34647701131524866 0.0068142528645694263 0.18645397722721102 0.19479431338035144 0.47384659487009051 0.21120029726464834 -0.18317769393324854 -0.076127325152528708 -0.012612714739732965 -0.23753167658578606 0.082242470085620883 0.0026734260105507235 -0.01675172888224381 -0.13711074303137138 0.032467428776117128 -0.39453423590887166 -0.21414130855174293 0.23707720095461068
leaf_weight=45345 43564 238024 76493 26 20 21 22 44 25 21 21 20 27 32 22 26 25 28 24 29 43 32 20 55014 2587 64 1817 21 21 22
leaf_count=45345 43564 238024 76493 26 20 21 22 44 25 21 21 20 27 32 22 26 25 28 24 29 43 32 20 55014 2587 64 1817 21 21 22
internal_value=1.40216e-07 0.000404681 0.00251179 0.00637634 0.0692016 0.0058542 0.00594713 0.134327 0.275334 0.0442797 0.0324388 0.0471877 0.0202343 0.0702403 0.132604 0.101707 0.211653 0.0499145 0.00135528 0.037143 0.0655407 -0.000448673 -0.114542 -0.000428735 0.00253487 -0.0226037 0.00371634 -0.200709 -0.00116981 0.0349152
internal_weight=463500 418155 120533 44040 364 43676 43655 91 47 338 317 296 225 198 71 178 57 121 93 51 69 297622 52 297570 59525 2672 56853 85 238045 1839
internal_count=463500 418155 120533 44040 364 43676 43655 91 47 338 317 296 225 198 71 178 57 121 93 51 69 297622 52 297570 59525 2672 56853 85 238045 1839
cat_boundaries=0 1
cat_threshold=36
is_linear=0
shrinkage=0.05


Tree=101
num_leaves=31
num_cat=1
split_feature=6 13 10 15 13 13 14 15 9 10 10 11 11 10 2 13 12 12 16 1 0 13 11 13 10 9 10 9 13 13
split_gain=266.443 730.469 1033.2 584.244 1036.12 306.35 580.707 597.02 507.626 429.166 427.407 449.23 360.597 398.547 406.468 301.534 499.776 664.11 480.492 390.713 272.206 448.796 264.288 598.046 486.127 555.788 336.824 319.679 404.631 369.507
threshold=1.0000000180025095e-35 61.500000000000007 73.500000000000014 1.4464285714285716 4.2142857142857153 59.785714285714292 50.892857142857146 34.839285714285722 51.500000000000007 50.500000000000007 37.500000000000007 22.500000000000004 20.500000000000004 23.500000000000004 10.500000000000002 26.785714285714288 28.500000000000004 26.500000000000004 0.53500000000000003 2.5000000000000004 0 10.071428571428573 48.500000000000007 51.500000000000007 17.500000000000004 18.500000000000004 56.500000000000007 49.500000000000007 41.642857142857146 31.500000000000004
decision_type=2 2 2 2 2 2 2 2 2 2 2 2 2 2 2 2 2 2 2 2 1 2 2 2 2 2 2 2 2 2
left_child=1 2 22 4 -2 6 7 8 9 10 12 -12 13 20 -15 16 17 18 -14 -18 21 -5 23 26 -24 -26 27 28 -1 -29
right_child=3 -3 -4 5 -6 -7 -8 -9 -10 -11 11 -13 15 14 -16 -17 19 -19 -20 -21 -22 -23 24 -25 25 -27 -28 29 -30 -31
leaf_value=-0.00084154105218912619 0.00011933305891984221 0.26418329110512367 -0.31013817489147188 0.01817361971006231 0.360030355155468 -0.17441013947777129 0.23573641194296735 -0.1581754334477915 0.20131517885362402 0.23954415630549192 0.028844285433968678 -0.24905455466924292 0.21595402674095052 -0.096735929213701555 0.11328394412994386 0.19365706920623782 0.031311178484133312 0.32467064825089081 0.024354736101007347 -0.21041714341845363 0.0059254196462918129 0.18056007458200291 -0.083841853187634402 -0.21054388064178911 0.31365001632698947 0.053517269662448345 0.16669616202513379 0.024357572660363955 0.20032079243659973 -0.21263127546561394
leaf_weight=313147 120172 26 27 4057 20 23 28 54 34 20 26 33 37 157 27 35 35 23 283 32 24861 43 39 34 28 77 30 29 25 38
leaf_count=313147 120172 26 27 4057 20 23 28 54 34 20 26 33 37 157 27 35 35 23 283 32 24861 43 39 34 28 77 30 29 25 38
internal_value=1.33514e-07 -0.000829094 -0.000851075 0.00173322 0.000179222 0.00799926 0.00814011 0.00792595 0.00822793 0.00800665 0.00785047 -0.126591 0.00811853 0.0074365 -0.0659178 0.052788 0.0407626 0.0651607 0.0465084 -0.0841412 0.00790254 0.0198283 -0.000824433 -0.000855559 0.0668972 0.122886 -0.000832801 -0.000848846 -0.000825483 -0.110054
internal_weight=463500 313500 313474 150000 120192 29808 29785 29757 29703 29669 29649 59 29590 29145 184 445 410 343 320 67 28961 4100 313447 313303 144 105 313269 313239 313172 67
internal_count=463500 313500 313474 150000 120192 29808 29785 29757 29703 29669 29649 59 29590 29145 184 445 410 343 320 67 28961 4100 313447 313303 144 105 313269 313239 313172 67
cat_boundaries=0 1
cat_threshold=2
is_linear=0
shrinkage=0.05


Tree=102
num_leaves=31
num_cat=1
split_feature=14 6 13 10 0 9 11 17 9 10 11 12 13 8 16 13 1 10 10 16 5 14 11 11 1 13 13 1 9 12
split_gain=251.927 286.434 657.437 934.664 465.892 483.47 892.93 1394.12 1209.32 1525.39 621.194 558.324 546.173 464.261 1204.39 1149.54 653.662 659.312 724.298 763.361 496.046 1016.72 479.028 437.452 474.792 389.815 293.644 341.254 282.475 271.915
threshold=1.0000000180025095e-35 1.0000000180025095e-35 61.500000000000007 73.500000000000014 0 12.500000000000002 1.0000000180025095e-35 -1.0000000180025095e-35 24.500000000000004 3.5000000000000004 38.500000000000007 18.500000000000004 14.928571428571431 1.0000000180025095e-35 0.72000000000000008 14.642857142857144 6.5000000000000009 60.500000000000007 44.500000000000007 3.9750000000000005 1.0000000180025095e-35 16.964285714285719 36.500000000000007 20.500000000000004 3.5000000000000004 15.928571428571431 17.785714285714288 5.5000000000000009 18.500000000000004 39.500000000000007
decision_type=2 2 2 2 1 2 2 2 2 2 2 2 2 2 2 2 2 2 2 2 2 2 2 2 2 2 2 2 2 2
left_child=-1 2 3 -2 5 10 7 -7 9 -9 11 25 -13 20 15 -15 17 18 19 29 22 -22 23 26 -25 -3 -8 -28 -18 -16
right_child=1 4 -4 -5 -6 6 13 8 -10 -11 -12 12 -14 14 16 -17 28 -19 -20 -21 21 -23 -24 24 -26 -27 27 -29 -30 -31
leaf_value=-0.0027595999624260305 -0.00043444972193879298 0.0062087063863394132 0.25097411865225205 -0.29463126637317516 0.00056864007425791062 -0.060856418944895269 -0.008037469476843492 0.43262790618119418 0.63776828765869142 -0.12148612290620804 -0.22506104096256455 0.047990031226626817 0.2515356648985933 0.5281868827342987 -0.012068616550536525 0.026386310940697079 0.086773277074098598 0.29062011078709649 -0.2694064292246881 0.22979450078728872 -0.027416520878672603 0.36310526108741764 -0.20403829791989084 0.28495198429926583 -0.039950108155608177 -0.10361010399934503 -0.20119846382169237 0.0033017115667462352 0.32446004498004916 0.14399155457814536
leaf_weight=70175 266182 33793 26 27 91819 40 195 27 20 23 29 168 41 25 401 21 25 21 23 39 50 25 39 23 22 81 51 34 25 30
leaf_count=70175 266182 33793 26 27 91819 40 195 27 20 23 29 168 41 25 401 21 25 21 23 39 50 25 39 23 22 81 51 34 25 30
internal_value=1.33222e-07 0.00049251 -0.000439733 -0.000464288 0.00244543 0.00732891 0.0390893 0.174617 0.309173 0.177735 0.00625196 0.00644878 0.08792 0.0248776 0.0530959 0.299104 0.0330314 0.016243 0.00455552 0.0179622 -0.0143323 0.102757 -0.0384579 -0.0185882 0.126111 0.00594611 -0.0418435 -0.119398 0.205617 -0.00120596
internal_weight=463500 393325 266235 266209 127090 35271 1159 110 70 50 34112 34083 209 1049 610 46 564 514 493 470 439 75 364 325 45 33874 280 85 50 431
internal_count=463500 393325 266235 266209 127090 35271 1159 110 70 50 34112 34083 209 1049 610 46 564 514 493 470 439 75 364 325 45 33874 280 85 50 431
cat_boundaries=0 1
cat_threshold=6
is_linear=0
shrinkage=0.05


Tree=103
num_leaves=31
num_cat=1
split_feature=0 16 10 10 9 9 13 16 10 10 10 17 12 9 14 14 13 10 17 13 15 16 13 2 9 12 12 7 13 11
split_gain=233.19 429.261 636.648 1033.13 399.351 744.445 780.223 897.76 1226.04 741.7 682.99 911.543 464.848 450.532 433.28 634.38 1074.51 944.03 419.764 393.944 697.929 395.404 497.769 333.558 365.653 317.479 1461.72 914.398 747.437 337.868
threshold=0 1.0400000000000003 73.500000000000014 66.500000000000014 35.500000000000007 39.500000000000007 14.928571428571431 0.72000000000000008 15.500000000000002 21.500000000000004 21.500000000000004 0.043849315068493329 42.500000000000007 10.500000000000002 39.250000000000007 25.250000000000004 23.928571428571434 33.500000000000007 0.043849315068493329 15.071428571428573 18.446428571428573 0.72000000000000008 21.785714285714288 8.5000000000000018 25.500000000000004 48.500000000000007 56.500000000000007 1.0000000180025095e-35 50.642857142857146 39.500000000000007
decision_type=1 2 2 2 2 2 2 2 2 2 2 2 2 2 2 2 2 2 2 2 2 2 2 2 2 2 2 2 2 2
left_child=-1 2 3 4 10 9 -7 -8 -9 -6 11 12 -2 -14 15 16 19 -18 23 20 -12 -21 -23 24 -17 29 -27 28 -28 -3
right_child=1 25 -4 -5 5 6 7 8 -10 -11 14 -13 13 -15 -16 18 17 -19 -20 21 -22 22 -24 -25 -26 26 27 -29 -30 -31
leaf_value=-0.0019738590110393215 0.0066393624589205381 1.4969483165618798e-05 -0.25685619271319843 0.36554822925478225 0.036916401361425717 0.31016511185094719 -0.25416705680615975 0.36938481058763423 -0.030513620920803237 0.35164140191597815 -0.039331426426575361 0.25138168040859071 -0.032747711514940069 -0.29716556717952097 0.14858901213322367 -0.1740766609256918 0.0093159022741019729 0.42927336498447088 -0.022205788235772739 -0.23501180600612723 0.23769627356529238 -0.11332988866550081 0.16390905946493151 -0.059196461879593487 -0.40469730877876287 0.33442360437833352 -0.30858589895069599 0.19576599456369878 0.03880422070622444 0.086488112255897934
leaf_weight=113094 31394 317668 23 20 36 20 33 23 115 39 251 38 49 24 28 55 32 23 55 47 25 85 20 34 25 39 32 30 30 113
leaf_count=113094 31394 317668 23 20 36 20 33 23 115 39 251 38 49 24 28 55 32 23 55 47 25 85 20 34 25 39 32 30 30 113
internal_value=1.27175e-07 0.000637272 0.00611119 0.00629745 0.00607604 0.0670886 0.0146732 -0.0198873 0.0361361 0.200573 0.00557179 0.00664187 0.00634632 -0.11968 -0.0440058 -0.0522768 -0.0231031 0.184934 -0.135655 -0.0498369 -0.0142383 -0.114476 -0.0605225 -0.190389 -0.246146 7.77994e-05 0.0778998 -0.0308439 -0.140494 4.57185e-05
internal_weight=463500 350406 32494 32471 32451 266 191 171 138 75 32185 31505 31467 73 680 652 483 55 169 428 276 152 105 114 80 317912 131 92 62 317781
internal_count=463500 350406 32494 32471 32451 266 191 171 138 75 32185 31505 31467 73 680 652 483 55 169 428 276 152 105 114 80 317912 131 92 62 317781
cat_boundaries=0 1
cat_threshold=80
is_linear=0
shrinkage=0.05


Tree=104
num_leaves=31
num_cat=1
split_feature=1 13 14 13 13 15 14 9 9 0 13 15 9 16 14 10 9 9 13 10 13 15 14 9 1 12 12 16 10 12
split_gain=230.394 389.203 886.548 681.72 472.212 326.869 875.063 364.936 370.812 292.377 306.638 380.367 297.975 305.818 1570.34 656.501 526.53 424.215 841.151 585.311 405.598 1088.66 332.8 284.801 282.649 264.359 448.426 437.945 264.212 617.949
threshold=2.5000000000000004 45.785714285714292 40.785714285714299 37.214285714285722 55.642857142857146 22.339285714285719 20.107142857142861 8.5000000000000018 18.500000000000004 0 19.071428571428573 17.125000000000004 1.0000000180025095e-35 0.84000000000000019 2.2500000000000004 36.500000000000007 30.500000000000004 16.500000000000004 12.642857142857144 16.500000000000004 20.071428571428573 17.910714285714288 20.892857142857146 9.5000000000000018 1.5000000000000002 62.500000000000007 54.500000000000007 4.9750000000000005 29.500000000000004 28.500000000000004
decision_type=2 2 2 2 2 2 2 2 2 1 2 2 2 2 2 2 2 2 2 2 2 2 2 2 2 2 2 2 2 2
left_child=1 2 3 5 -3 9 -7 -8 -9 12 -11 -12 -1 14 -14 20 17 18 24 -19 -15 -22 -23 -20 -16 26 -2 -28 29 -10
right_child=25 4 -4 -5 -6 6 7 8 28 10 11 -13 13 15 16 -17 -18 19 23 -21 21 22 -24 -25 -26 -27 27 -29 -30 -31
leaf_value=0.00058239224932129911 -0.00071236101759801572 0.32130785385767618 -0.30870007380195291 0.27394165710100665 0.018010228849721678 0.37862394787371162 -0.17110614418983461 0.20515137043866247 -0.2716300543059002 -6.6092888672678675e-05 -0.25200746327086732 -0.010321298277959592 0.43530798321962361 0.0076860442665517351 -0.055283345824988318 -0.26524652960625561 0.23515799016292607 0.031739189296960832 0.11052194264802068 -0.32632654366039099 0.42865627741529827 0.13535946376621724 -0.146453033387661 0.36794884062948685 0.04748491435814247 -0.11453678935181862 -0.010353381037712099 0.30956208615199382 0.074454274558159242 0.072606328316032892
leaf_weight=22756 329906 21 23 23 33 20 20 33 22 85161 27 41 25 24710 129 22 28 25 22 21 21 20 22 21 139 51 20 23 83 32
leaf_count=22756 329906 21 23 23 33 20 20 33 22 85161 27 41 25 24710 129 22 28 25 22 21 21 20 22 21 139 51 20 23 83 32
internal_value=1.18691e-07 0.00175278 0.00169847 0.00175198 0.135959 0.00170505 0.0640362 0.0309217 0.0546897 0.00160677 -0.000150822 -0.106285 0.00472914 0.00847486 0.0513049 0.00776664 0.0263696 0.00999407 0.0309558 -0.131726 0.00800909 0.134714 -0.0122566 0.236242 -0.0019819 -0.000708911 -0.000691317 0.160764 0.0184471 -0.0676381
internal_weight=463500 133500 133446 133423 54 133400 210 190 170 133190 85229 68 47961 25205 410 24795 385 357 311 46 24773 63 42 43 268 330000 329949 43 137 54
internal_count=463500 133500 133446 133423 54 133400 210 190 170 133190 85229 68 47961 25205 410 24795 385 357 311 46 24773 63 42 43 268 330000 329949 43 137 54
cat_boundaries=0 1
cat_threshold=36
is_linear=0
shrinkage=0.05


Tree=105
num_leaves=31
num_cat=0
split_feature=5 2 13 1 15 7 14 1 13 1 15 10 1 1 10 12 10 9 17 2 10 12 2 12 9 13 10 12 13 11
split_gain=227.97 396.639 1148.37 703.659 533.741 1189.18 1243 668.674 313.706 313.177 422.065 299.655 293.135 461.363 836.744 899.159 761.006 675.844 525.503 579.768 372.419 556.532 368.691 1027.41 336.116 905.08 805.538 333.905 328.082 332.312
threshold=1.0000000180025095e-35 10.500000000000002 3.785714285714286 6.5000000000000009 19.053571428571434 1.0000000180025095e-35 24.178571428571434 2.5000000000000004 10.928571428571431 5.5000000000000009 1.5535714285714288 3.5000000000000004 6.5000000000000009 2.5000000000000004 56.500000000000007 51.500000000000007 40.500000000000007 52.500000000000007 1.6653345369377351e-16 2.5000000000000004 39.500000000000007 38.500000000000007 11.500000000000002 19.500000000000004 39.500000000000007 27.785714285714288 52.500000000000007 22.500000000000004 5.2142857142857153 30.500000000000004
decision_type=2 2 2 2 2 2 2 2 2 2 2 2 2 2 2 2 2 2 2 2 2 2 2 2 2 2 2 2 2 2
left_child=11 4 9 -4 -2 6 -6 -8 -5 -3 -11 -1 13 14 17 -16 22 -13 19 -18 21 28 -15 -24 25 -21 -26 -25 -14 -30
right_child=1 2 3 8 5 -7 7 -9 -10 10 -12 12 20 16 15 -17 18 -19 -20 24 -22 -23 23 27 26 -27 -28 -29 29 -31
leaf_value=-9.8580724191943739e-05 -0.0018473850480024596 0.0019741402223020219 -0.059956049196169536 -0.16936746773781716 0.24458239563973622 0.40483163532156213 -0.36828842106319609 0.035677321702241901 -0.39162524044513702 -0.014408801261150529 -0.07353505749352883 0.0095916615918607596 0.0048855053119390623 -0.0037100291399418794 0.37219684918721518 0.00581903971512528 0.064034622130186666 -0.26777400117028843 0.041173604459956638 -0.088382473339637127 0.15863404095172884 -0.22604293034722411 0.013370182179296164 0.40354582667350769 0.085450308211147796 -0.5182513641417027 -0.31625327599736364 0.13605568201414175 0.03332471903370255 -0.09007026836542148
leaf_weight=393299 26901 2802 295 77 32 26 21 20 20 2462 344 12875 3124 16690 33 34 23 22 43 24 45 24 1960 20 24 25 26 28 2125 56
leaf_count=393299 26901 2802 295 77 32 26 21 20 20 2462 344 12875 3124 16690 33 34 23 22 43 24 45 24 1960 20 24 25 26 28 2125 56
internal_value=1.12749e-07 -0.00400499 -0.0156333 -0.0983695 -0.00142092 0.114462 0.0110428 -0.171232 -0.215194 -0.00985003 -0.0216574 0.000307124 0.00459634 0.00277254 0.0100341 0.186274 -0.00221812 0.00911852 -0.109127 -0.162102 0.0153976 0.0141881 -0.0012747 0.0189671 -0.214639 -0.307703 -0.123436 0.24751 0.0152749 0.0301564
internal_weight=463500 33000 6000 392 27000 99 73 41 97 5608 2806 430500 37201 31827 12964 67 18863 12897 165 122 5374 5329 18698 2008 99 49 50 48 5305 2181
internal_count=463500 33000 6000 392 27000 99 73 41 97 5608 2806 430500 37201 31827 12964 67 18863 12897 165 122 5374 5329 18698 2008 99 49 50 48 5305 2181
is_linear=0
shrinkage=0.05


Tree=106
num_leaves=31
num_cat=0
split_feature=15 6 13 10 15 13 14 15 9 10 10 11 9 14 10 9 9 9 11 7 15 10 9 12 16 10 15 14 11 9
split_gain=222.149 241.322 572.322 843.844 415.221 287.715 481.74 596.128 379.298 327.764 389.548 395.836 294.11 502.265 337.858 267.989 342.786 434.82 715.017 365.095 329.498 355.087 232.325 231.325 850.653 365.944 626.859 342.61 612.431 805.479
threshold=1.0000000180025095e-35 1.0000000180025095e-35 61.500000000000007 73.500000000000014 2.8750000000000004 60.428571428571438 50.892857142857146 34.839285714285722 51.500000000000007 50.500000000000007 37.500000000000007 22.500000000000004 40.500000000000007 26.750000000000004 24.500000000000004 36.500000000000007 28.500000000000004 25.500000000000004 5.5000000000000009 1.0000000180025095e-35 20.696428571428573 15.500000000000002 22.500000000000004 12.500000000000002 0.69000000000000006 6.5000000000000009 15.482142857142859 18.607142857142861 23.500000000000004 9.5000000000000018
decision_type=2 2 2 2 2 2 2 2 2 2 2 2 2 2 2 2 2 2 2 2 2 2 2 2 2 2 2 2 2 2
left_child=-1 2 3 -2 -3 6 7 8 9 10 12 -12 13 15 -15 16 17 22 -19 -20 21 -18 23 27 25 -25 -27 28 -6 -30
right_child=1 4 -4 -5 5 -7 -8 -9 -10 -11 11 -13 -14 14 -16 -17 20 18 19 -21 -22 -23 -24 24 -26 26 -28 -29 29 -31
leaf_value=-0.0033239735884753987 -0.00046390537748108613 0.001172728665127433 0.2341069526397265 -0.28000133611537792 0.0082545219120155472 -0.17027882295237348 0.21786520784454688 -0.15553990667340933 0.177711404224529 0.21275968421250582 0.027908705604764134 -0.23295265521967048 -0.13001040864635158 0.28945388506959985 0.025491447137160735 0.19345287643373013 -0.11131568943028865 0.38338414810597898 -0.091907731417951916 0.13559329084224173 -0.23995621204376222 0.1227930532693863 -0.057909651525739229 0.075844274552013632 0.014642577294828702 0.31730987826476298 -0.014864724576473238 -0.11481122067198157 0.042712765107197424 0.40689345781098718
leaf_weight=45345 283055 121468 26 27 11451 22 28 54 34 20 26 33 37 27 22 20 46 20 29 45 25 25 124 117 1178 49 20 56 49 22
leaf_count=45345 283055 121468 26 27 11451 22 28 54 34 20 26 33 37 27 22 20 46 20 29 45 25 25 124 117 1178 49 20 56 49 22
internal_value=1.07111e-07 0.000360573 -0.000469022 -0.000490567 0.00209971 0.0103918 0.010685 0.0102562 0.0109206 0.0104987 0.0101973 -0.117997 0.0107633 0.0111542 0.17094 0.0105645 0.0102885 0.0109753 0.118128 0.0464375 -0.08385 -0.028883 0.0102044 0.010857 0.0303326 0.129703 0.221027 0.00856259 0.00916222 0.155557
internal_weight=463500 418155 283108 283082 135047 13579 13557 13529 13475 13441 13421 59 13362 13325 49 13276 13256 13160 94 74 96 71 13066 12942 1364 186 69 11578 11522 71
internal_count=463500 418155 283108 283082 135047 13579 13557 13529 13475 13441 13421 59 13362 13325 49 13276 13256 13160 94 74 96 71 13066 12942 1364 186 69 11578 11522 71
is_linear=0
shrinkage=0.05


Tree=107
num_leaves=31
num_cat=1
split_feature=8 16 13 10 7 15 14 0 9 16 11 12 16 12 10 10 16 12 1 7 11 13 11 16 1 9 13 9 13 13
split_gain=210.23 586.362 993.465 903.989 459.202 465.103 435.727 432.585 612.084 940.7 441.448 1067.08 816.279 466.692 674.658 459.179 923.904 405.814 399.911 381.374 361.949 327.153 383.699 369.241 319.715 444.596 371.446 322.996 337.642 365.534
threshold=1.0000000180025095e-35 0.21500000000000005 24.071428571428573 21.500000000000004 1.0000000180025095e-35 3.2678571428571432 11.607142857142859 0 12.500000000000002 6.9750000000000005 37.500000000000007 19.500000000000004 4.9750000000000005 1.0000000180025095e-35 1.0000000180025095e-35 3.5000000000000004 1.4000000000000001 1.0000000180025095e-35 3.5000000000000004 1.0000000180025095e-35 33.500000000000007 8.6428571428571441 17.500000000000004 0.93500000000000016 6.5000000000000009 22.500000000000004 36.642857142857146 16.500000000000004 28.928571428571434 19.071428571428573
decision_type=2 2 2 2 2 2 2 1 2 2 2 2 2 2 2 2 2 2 2 2 2 2 2 2 2 2 2 2 2 2
left_child=-1 2 3 4 6 -6 -2 8 20 10 12 -12 13 14 -10 16 -15 -7 -16 -13 -3 22 -9 -23 26 -26 27 -17 29 -29
right_child=1 7 -4 -5 5 17 -8 21 9 -11 11 19 -14 15 18 24 -18 -19 -20 -21 -22 23 -24 -25 25 -27 -28 28 -30 -31
leaf_value=-0.00073647676837320145 -0.083912991743002624 0.0049115880691123909 0.39285158081488181 -0.2716085428283328 0.26343851437792182 -0.08641117084771395 0.180714119784534 -0.00011589183614193898 0.3905997924861454 0.2873803089323797 0.46143315672874458 0.22431903953918 -0.20020644243520042 -0.28043882168001599 0.19450023568445637 0.057062212241021551 0.054643165452095369 0.11346994194739718 -0.053806122063713914 -0.024022029225642866 -0.15594918825796675 -0.13745345415174962 0.09086920258364288 -0.021068623649136191 0.060650180627221932 0.3170643368905241 0.21059597253799442 -0.041914430490621324 -0.16906383647160098 0.068062256618092454
leaf_weight=313500 70 39865 22 21 40 32 20 107763 21 38 20 22 39 36 31 254 48 123 34 52 35 75 116 746 73 22 25 204 33 120
leaf_count=313500 70 39865 22 21 40 32 20 107763 21 38 20 22 39 36 31 254 48 123 34 52 35 75 116 746 73 22 25 204 33 120
internal_value=1.01756e-07 0.00153955 0.0683186 0.0449862 0.0683142 0.111432 -0.025107 0.00139321 0.00577079 0.0430561 0.034077 0.137389 0.0237459 0.0334397 0.144217 0.0217503 -0.0889634 0.0722042 0.0646169 0.0498091 0.00477048 -0.000257329 -1.80575e-05 -0.0317006 0.0344725 0.12003 0.0216926 0.0139634 -0.0167008 -0.00118232
internal_weight=463500 150000 328 306 285 195 90 149672 40972 1072 1034 94 940 901 86 815 84 155 65 74 39900 108700 107879 821 731 95 636 611 357 324
internal_count=463500 150000 328 306 285 195 90 149672 40972 1072 1034 94 940 901 86 815 84 155 65 74 39900 108700 107879 821 731 95 636 611 357 324
cat_boundaries=0 1
cat_threshold=6
is_linear=0
shrinkage=0.05


Tree=108
num_leaves=31
num_cat=0
split_feature=5 14 2 13 9 1 13 1 15 10 1 1 10 12 10 9 17 2 15 13 2 11 12 6 16 11 2 17 9 11
split_gain=204.004 357.227 348.575 1034.8 832.669 635.387 283.12 280.053 381.367 259.856 241.682 441.274 780.269 793.702 704.099 606.605 468.9 536.396 438.216 326.597 472.328 566.619 312.326 372.715 285.316 341.304 324.988 278.519 480.539 380.138
threshold=1.0000000180025095e-35 34.357142857142868 10.500000000000002 3.785714285714286 37.500000000000007 6.5000000000000009 10.928571428571431 5.5000000000000009 1.517857142857143 1.5000000000000002 6.5000000000000009 2.5000000000000004 56.500000000000007 51.500000000000007 40.500000000000007 52.500000000000007 1.6653345369377351e-16 2.5000000000000004 5.6250000000000009 20.214285714285719 1.5000000000000002 47.500000000000007 8.5000000000000018 1.0000000180025095e-35 0.72000000000000008 37.500000000000007 2.5000000000000004 -0.006733944224163845 19.500000000000004 16.500000000000004
decision_type=2 2 2 2 2 2 2 2 2 2 2 2 2 2 2 2 2 2 2 2 2 2 2 2 2 2 2 2 2 2
left_child=9 2 4 7 -2 -5 -7 -4 -9 -1 11 12 15 -14 -13 19 17 -16 -12 -11 -21 24 -19 -24 -22 26 -26 28 29 -20
right_child=1 -3 3 5 -6 6 -8 8 -10 10 18 14 13 -15 16 -17 -18 22 27 20 21 -23 23 -25 25 -27 -28 -29 -30 -31
leaf_value=-0.00033724911051852437 -0.001743930196977132 0.19762364002791319 0.0018480345932326396 -0.05685939779412396 0.31322357285590402 -0.1608390766691852 -0.37198395907878878 -0.0134384412037587 -0.068623455878720735 0.0056580613338584329 0.0049870144312634162 -0.0010585937432788426 0.35150634845097861 0.0072833940605906882 0.062943646246972296 -0.25644940464672716 0.037446386479707654 -0.38160755155608062 -0.01509388440068332 0.22765951951344809 -0.14792320613677687 0.23248125445097687 -0.25003174613130857 -0.028799764311406763 0.20192002000347264 -0.12029127594873762 0.023983116292913491 0.037281877592666039 -0.22984001878648996 0.1935710867556433
leaf_weight=341353 26957 22 2802 295 21 77 20 2447 359 29144 11055 46299 33 34 23 22 43 20 241 36 26 32 47 32 31 33 149 1799 24 24
leaf_count=341353 26957 22 2802 295 21 77 20 2447 359 29144 11055 46299 33 34 23 22 43 20 241 36 26 32 47 32 31 33 149 1799 24 24
internal_value=9.66823e-08 -0.00378864 -0.003923 -0.0148232 -0.00149876 -0.0933618 -0.204374 -0.00933336 -0.0204988 0.000290522 0.00269432 0.00161172 0.00638986 0.176826 -0.00142603 0.00600242 -0.104529 -0.15457 0.00895484 0.00619847 0.0575001 0.0348959 -0.205103 -0.160419 0.00844096 0.0275277 0.0546278 0.0299627 -0.0155989 0.00380408
internal_weight=463500 33000 32978 6000 26978 392 97 5608 2806 430500 89147 76004 29540 67 46464 29473 165 122 13143 29451 307 271 99 79 239 213 180 2088 289 265
internal_count=463500 33000 32978 6000 26978 392 97 5608 2806 430500 89147 76004 29540 67 46464 29473 165 122 13143 29451 307 271 99 79 239 213 180 2088 289 265
is_linear=0
shrinkage=0.05


Tree=109
num_leaves=31
num_cat=0
split_feature=10 13 10 9 13 9 2 10 10 11 9 14 11 11 16 13 15 5 2 13 1 9 12 1 15 1 1 14 13 15
split_gain=209.818 1340.83 988.891 621.147 340.135 1557.69 532.393 387.734 317.14 259.033 255.257 237.651 215.206 261.296 1108.11 499.003 196.192 227.009 346.05 904.19 575.174 385.976 328.319 283.753 320.93 264.392 344.791 468.885 756.459 466.369
threshold=71.500000000000014 46.071428571428577 64.500000000000014 58.500000000000007 47.500000000000007 37.500000000000007 5.0000000000000009 56.500000000000007 45.500000000000007 50.500000000000007 72.000000000000014 42.214285714285722 67.500000000000014 48.500000000000007 4.9750000000000005 28.928571428571434 1.0000000180025095e-35 1.0000000180025095e-35 10.500000000000002 3.785714285714286 6.5000000000000009 29.500000000000004 17.500000000000004 5.5000000000000009 1.5535714285714288 2.5000000000000004 6.5000000000000009 37.821428571428577 36.642857142857146 5.8392857142857144
decision_type=2 2 2 2 2 2 2 2 2 2 2 2 2 2 2 2 2 2 2 2 2 2 2 2 2 2 2 2 2 2
left_child=2 -2 4 -3 7 -6 -7 10 -8 -10 11 12 13 16 15 -15 -1 25 21 23 -21 -19 -23 -20 -25 -18 27 28 -27 -28
right_child=1 3 -4 -5 5 6 8 -9 9 -11 -12 -13 -14 14 -16 -17 17 18 19 20 -22 22 -24 24 -26 26 29 -29 -30 -31
leaf_value=-0.0031318256915829875 -0.37063603080235996 0.27871320626387991 0.29197864594130685 -0.1014590808613734 -0.41057997569441795 -0.20399106826101032 0.22574141636490822 0.16186865918539667 0.13562778532505035 -0.10801498939593633 -0.17861828297376633 0.12672422061095368 -0.1411560868775403 -0.10636037145646252 0.38536238800734285 0.15823962978486505 0.0027160498534801744 -0.0016521317783421863 0.0023336909598782453 -0.053745238335334324 -0.19415539831844802 0.016465190629805289 0.25495462028516663 -0.01436085168482939 -0.066367112751102603 -0.0010743488999887722 0.0024224664448402097 -0.21338817196396681 0.27397933807969094 0.026673242614900269
leaf_weight=45345 26 21 29 22 28 21 25 37 20 24 20 37 27 49 23 28 110939 24256 2488 294 97 31 27 2155 344 220224 54755 26 25 2057
leaf_count=45345 26 21 29 22 28 21 25 37 20 24 20 37 27 49 23 28 110939 24256 2488 294 97 31 27 2155 344 220224 54755 26 25 2057
internal_value=9.18366e-08 -0.0871835 1.30726e-05 0.0842065 -5.19885e-06 -0.0848841 0.0164435 1.64201e-05 0.0835323 0.00273173 3.49279e-06 1.12049e-05 1.08291e-06 9.31164e-06 0.0808239 -0.0101422 -8.14053e-06 0.000330948 -0.00388272 -0.01536 -0.0885784 -0.00134408 0.127486 -0.00961935 -0.0215198 0.000653381 -0.000172462 -0.00106819 -0.00104313 0.00330052
internal_weight=463500 69 463431 43 463402 118 90 463284 69 44 463247 463227 463190 463163 100 77 463063 417718 29692 5378 391 24314 58 4987 2499 388026 277087 220275 220249 56812
internal_count=463500 69 463431 43 463402 118 90 463284 69 44 463247 463227 463190 463163 100 77 463063 417718 29692 5378 391 24314 58 4987 2499 388026 277087 220275 220249 56812
is_linear=0
shrinkage=0.05


Tree=110
num_leaves=31
num_cat=1
split_feature=7 9 9 0 13 1 13 14 9 13 10 14 13 12 14 16 15 9 2 11 11 14 12 13 11 5 1 14 10 14
split_gain=191.964 649.406 516.798 406.661 405.637 574.553 869.471 844.369 571.963 849.369 418.291 402.282 519.399 531.772 356.74 351.284 338.219 337.47 336.965 324.326 504.801 366.961 1091.78 321.534 309.835 290.497 524.756 991.022 274.419 262.244
threshold=1.0000000180025095e-35 73.500000000000014 62.500000000000007 0 2.5000000000000004 3.5000000000000004 46.071428571428577 20.892857142857146 47.500000000000007 30.928571428571434 11.500000000000002 28.035714285714288 22.928571428571434 19.500000000000004 48.571428571428577 5.9750000000000005 1.2321428571428574 8.5000000000000018 2.5000000000000004 63.500000000000007 58.500000000000007 45.107142857142868 35.500000000000007 34.214285714285722 73.500000000000014 1.0000000180025095e-35 6.5000000000000009 3.8928571428571432 60.500000000000007 0.96428571428571441
decision_type=2 2 2 1 2 2 2 2 2 2 2 2 2 2 2 2 2 2 2 2 2 2 2 2 2 2 2 2 2 2
left_child=1 2 19 4 -2 6 8 16 9 11 -9 12 15 -14 18 -6 -7 -17 -12 20 21 25 -23 -20 -21 28 -27 29 -1 -28
right_child=3 -3 -4 -5 5 7 -8 10 -10 -11 14 -13 13 -15 -16 17 -18 -19 23 24 -22 22 -24 -25 -26 26 27 -29 -30 -31
leaf_value=-0.00027852576528053003 0.0031625893732841071 -0.20738934121633831 0.21038393193277818 -0.0001338316485479903 0.023310579891177664 0.13290414745333021 0.30796740443578791 -0.31333272811491047 -0.20540148727595808 0.2994592306428942 -0.19298020066693425 -0.19584754288196565 0.38143422546840849 0.040137674450874329 -0.2398629325407523 0.051574444492018368 0.0070469454697539282 0.20807008968324078 -0.055037900540563803 -0.23055632295707862 0.23355827211685806 0.423143634274602 -0.039951533861458305 0.12741793109612032 -0.0033137888709704084 -0.0041491168293818145 -0.01233833344131012 -0.1956236012114419 -0.16935751910010977 -0.062746536565177577
leaf_weight=290785 32745 38 29 108700 3335 54 28 20 26 29 30 20 21 25 27 116 4652 49 90 30 23 20 35 33 30 20986 1070 90 24 340
leaf_count=290785 32745 38 29 108700 3335 54 28 20 26 29 30 20 21 25 27 116 4652 49 90 30 23 20 35 33 30 20986 1070 90 24 340
internal_value=8.72415e-08 -0.000703765 -0.000678709 0.00147114 0.00569401 0.0153899 0.0304145 0.00421489 0.0282683 0.0299582 -0.0964049 0.0277665 0.0290278 0.195947 -0.0723018 0.026834 0.00849112 0.0980489 -0.0427322 -0.000698238 -0.000675982 -0.000693175 0.128447 -0.00608634 -0.116935 -0.000715846 -0.0061912 -0.0347613 -0.00029248 -0.0244935
internal_weight=463500 313500 313462 150000 41300 8555 3649 4906 3621 3595 200 3566 3546 46 180 3500 4706 165 153 313433 313373 313350 55 123 60 313295 22486 1500 290809 1410
internal_count=463500 313500 313462 150000 41300 8555 3649 4906 3621 3595 200 3566 3546 46 180 3500 4706 165 153 313433 313373 313350 55 123 60 313295 22486 1500 290809 1410
cat_boundaries=0 1
cat_threshold=6
is_linear=0
shrinkage=0.05


Tree=111
num_leaves=31
num_cat=1
split_feature=10 13 10 9 13 9 2 10 10 11 9 14 9 10 14 13 10 2 10 9 0 16 12 12 13 16 9 10 15 14
split_gain=193.315 1156.32 905.92 547.046 295.519 1407 490.837 360.067 276.794 229.432 214.661 198.744 860.049 729.905 326.195 363.908 215.96 407.573 356.118 347.796 180.138 357.716 607.142 530.412 651.375 1106.5 613.134 525.995 507.486 465.142
threshold=71.500000000000014 46.071428571428577 64.500000000000014 58.500000000000007 47.500000000000007 37.500000000000007 5.0000000000000009 56.500000000000007 45.500000000000007 50.500000000000007 72.000000000000014 39.250000000000007 38.500000000000007 37.500000000000007 37.821428571428577 38.071428571428577 44.500000000000007 7.5000000000000009 42.500000000000007 57.500000000000007 0 0.9850000000000001 37.500000000000007 40.500000000000007 15.071428571428573 4.9750000000000005 18.500000000000004 25.500000000000004 20.214285714285719 33.178571428571438
decision_type=2 2 2 2 2 2 2 2 2 2 2 2 2 2 2 2 2 2 2 2 1 2 2 2 2 2 2 2 2 2
left_child=2 -2 4 -3 7 -6 -7 10 -8 -10 11 14 13 -13 15 16 18 -18 19 20 -1 22 -22 29 -25 26 -26 -28 -24 -23
right_child=1 3 -4 -5 5 6 8 -9 9 -11 -12 12 -14 -15 -16 -17 17 -19 -20 -21 21 23 28 24 25 -27 27 -29 -30 -31
leaf_value=-0.0017465169377127649 -0.34691252857446675 0.25801278295971097 0.27946141588276835 -0.098762676441534011 -0.38866192687835016 -0.19447663845050903 0.21445318273734301 0.15598604918734449 0.13118353575468064 -0.098115714266896248 -0.16380031779408455 0.029514646405975026 -0.13506561177117485 0.43315449357032776 -0.1806070275902748 0.16357909952673844 0.024778651339667185 -0.22637229825059577 0.19260463733226063 0.20347322991916111 0.0066238448782298459 7.1407237680270853e-05 -0.035862008635311908 -0.072955734906969855 0.31351858198642735 0.50399964265525343 -0.20366743171498891 0.12998149637822751 -0.26525634502371154 -0.18221413152558463
leaf_weight=113094 26 21 29 22 28 21 25 37 20 24 20 24 28 21 25 34 35 30 24 21 26363 323259 73 37 20 20 21 27 36 35
leaf_count=113094 26 21 29 22 28 21 25 37 20 24 20 24 28 21 25 34 35 30 24 21 26363 323259 73 37 20 20 21 27 36 35
internal_value=8.27348e-08 -0.0836846 1.25425e-05 0.0754765 -4.94559e-06 -0.0791214 0.0171802 1.52056e-05 0.0815974 0.00611122 2.74808e-06 9.82034e-06 0.0825035 0.21788 -3.18191e-06 6.5672e-06 -5.44214e-06 -0.0911372 7.3509e-06 -2.63241e-06 -1.18616e-05 0.000548859 0.00613695 9.14882e-05 0.103068 0.177078 0.0809244 -0.0159899 -0.111625 5.16729e-05
internal_weight=463500 69 463431 43 463402 118 90 463284 69 44 463247 463227 73 45 463154 463129 463095 65 463030 463006 462985 349891 26472 323419 125 88 68 48 109 323294
internal_count=463500 69 463431 43 463402 118 90 463284 69 44 463247 463227 73 45 463154 463129 463095 65 463030 463006 462985 349891 26472 323419 125 88 68 48 109 323294
cat_boundaries=0 1
cat_threshold=80
is_linear=0
shrinkage=0.05


Tree=112
num_leaves=31
num_cat=1
split_feature=15 6 13 10 0 9 11 17 9 10 11 8 16 13 16 1 10 10 12 13 11 11 1 12 13 1 16 15 9 9
split_gain=175.133 198.348 496.638 737.673 345.12 402.497 730.898 1125.7 1182.36 1146.78 499.747 472.319 1049.01 1049.82 430.66 420.212 445.832 577.265 412.628 641.919 385.715 1053.1 898.188 413.534 335.435 319.35 446.623 453.193 435.511 278.023
threshold=1.0000000180025095e-35 1.0000000180025095e-35 61.500000000000007 73.500000000000014 0 12.500000000000002 1.0000000180025095e-35 -1.6653345369377346e-16 24.500000000000004 3.5000000000000004 38.500000000000007 1.0000000180025095e-35 0.72000000000000008 14.642857142857144 5.9300000000000006 6.5000000000000009 60.500000000000007 44.500000000000007 19.500000000000004 14.928571428571431 36.500000000000007 20.500000000000004 4.5000000000000009 43.500000000000007 15.928571428571431 1.5000000000000002 2.4850000000000008 10.339285714285717 42.500000000000007 17.500000000000004
decision_type=2 2 2 2 1 2 2 2 2 2 2 2 2 2 2 2 2 2 2 2 2 2 2 2 2 2 2 2 2 2
left_child=-1 2 3 -2 5 10 7 29 9 -9 18 20 13 -13 15 16 17 25 24 -20 21 -8 -23 -22 -3 26 27 -14 -27 -7
right_child=1 4 -4 -5 -6 6 11 8 -10 -11 -12 12 14 -15 -16 -17 -18 -19 19 -21 23 22 -24 -25 -26 28 -28 -29 -30 -31
leaf_value=-0.0029513539621631732 -0.00042712120728156044 0.0040571570146097002 0.21808415674246273 -0.26178803708818227 -0.00041186656700749027 0.070811079584416889 -0.031784984570191202 0.36109558613069598 0.59083217859268189 -0.072547703546782347 -0.2034492029712118 0.49624416890740397 0.22654077499780967 0.016702115677651907 0.25879475001245739 0.1552657722072168 0.23686422812087193 -0.24309189241865409 0.033087062116475462 0.26004045016475413 -0.28638564634781621 0.3388673334039356 -0.075094925947487359 0.016029091328382494 -0.095339860057129577 0.0050495171749009868 0.29122269715775145 -0.034501519929617641 -0.2283797174692154 -0.18353399078954349
leaf_weight=45345 283055 59758 26 27 73631 21 402 31 20 30 29 25 23 21 20 55 21 23 173 38 26 38 20 20 85 412 22 60 21 22
leaf_count=45345 283055 59758 26 27 73631 21 402 31 20 30 29 25 23 21 20 55 21 23 173 38 26 38 20 20 85 412 22 60 21 22
internal_value=7.67216e-08 0.000320132 -0.00043198 -0.000452049 0.00189683 0.00466402 0.0318399 0.147447 0.257212 0.147828 0.00406187 0.0199827 0.0464965 0.277323 0.0303352 0.0231622 0.0106782 0.00221134 0.00416208 0.0739602 -0.0168537 -0.00304892 0.196122 -0.154901 0.00391598 0.0126983 0.0909262 0.0378355 -0.00627153 -0.059319
internal_weight=463500 418155 283108 283082 135047 61416 1333 124 81 61 60083 1209 703 46 657 637 582 561 60054 211 506 460 58 46 59843 538 105 83 433 43
internal_count=463500 418155 283108 283082 135047 61416 1333 124 81 61 60083 1209 703 46 657 637 582 561 60054 211 506 460 58 46 59843 538 105 83 433 43
cat_boundaries=0 1
cat_threshold=38
is_linear=0
shrinkage=0.05


Tree=113
num_leaves=31
num_cat=1
split_feature=10 13 10 9 14 9 14 10 14 10 13 7 0 9 2 16 13 1 13 14 8 14 13 13 12 10 16 2 2 2
split_gain=166.679 1007.21 797.354 499.582 264.018 931.734 394.497 380.907 358.656 315.78 229.259 161.894 346.03 353.824 653.955 836.378 550.091 642.181 549.208 611.26 541.89 443.364 420.138 397.986 504.168 348.884 343.219 368.824 905.639 304.048
threshold=71.500000000000014 46.071428571428577 64.500000000000014 58.500000000000007 48.571428571428577 38.500000000000007 54.464285714285722 48.500000000000007 45.107142857142868 56.500000000000007 48.142857142857146 1.0000000180025095e-35 0 12.500000000000002 2.5000000000000004 3.7600000000000002 25.642857142857149 1.5000000000000002 12.214285714285717 11.607142857142859 1.0000000180025095e-35 21.392857142857146 35.642857142857146 28.357142857142858 1.5000000000000002 7.5000000000000009 0.9850000000000001 9.5000000000000018 8.5000000000000018 9.5000000000000018
decision_type=2 2 2 2 2 2 2 2 2 2 2 2 1 2 2 2 2 2 2 2 2 2 2 2 2 2 2 2 2 2
left_child=2 -2 4 -3 8 -6 -7 -8 9 10 11 -1 13 21 15 16 17 -15 19 -16 26 -13 23 24 -22 -26 -20 28 -28 -21
right_child=1 3 -4 -5 5 6 7 -9 -10 -11 -12 12 -14 14 18 -17 -18 -19 20 29 22 -23 -24 -25 25 -27 27 -29 -30 -31
leaf_value=-0.00064894121178792519 -0.32337583240408163 0.2452767999399276 0.26218167563964584 -0.095669932917437778 -0.35285223871469501 -0.18711130801588297 0.22813804927079576 -0.035321160230566473 0.17288874924182893 0.15018169953354768 -0.16929103452712299 0.00464587340450288 -0.00013029884101247181 0.3459249982299904 0.038180175694886957 0.38782071915144722 -0.15455331899549651 0.068220634259147109 -0.24436701113177883 0.37048657021739267 0.26334903314709662 -0.16622346519051415 0.2172522977925837 -0.14167253132476362 -0.13759504360587974 0.024035854506391018 -0.090121775321089309 -0.18370843565091491 0.29463424146175388 0.10761440386149018
leaf_weight=313312 26 21 29 22 24 20 23 34 30 35 20 40068 108698 24 272 24 23 157 31 22 20 38 24 43 38 275 65 40 20 22
leaf_count=313312 26 21 29 22 24 20 23 34 30 35 20 40068 108698 24 272 24 23 157 31 22 20 38 24 43 38 275 65 40 20 22
internal_value=7.24411e-08 -0.0777058 1.1642e-05 0.0708389 -4.76475e-06 -0.0808359 0.00394844 0.0709869 1.28565e-05 1.66159e-06 -9.68533e-06 -2.37637e-06 0.001349 0.00525002 0.0332277 0.108622 0.0757751 0.105043 0.0135145 0.0661495 -0.0164003 0.00448398 0.0144259 0.00147955 0.0199647 0.00441293 -0.095442 -0.0585085 0.000409052 0.23905
internal_weight=463500 69 463431 43 463402 101 77 57 463301 463271 463236 463216 149904 41206 1100 228 204 181 872 316 556 40106 400 376 333 313 156 125 85 44
internal_count=463500 69 463431 43 463402 101 77 57 463301 463271 463236 463216 149904 41206 1100 228 204 181 872 316 556 40106 400 376 333 313 156 125 85 44
cat_boundaries=0 1
cat_threshold=6
is_linear=0
shrinkage=0.05


Tree=114
num_leaves=31
num_cat=1
split_feature=13 15 16 0 11 9 9 15 12 6 13 10 9 11 15 17 9 11 10 13 13 14 13 13 11 11 11 13 9 12
split_gain=160.48 519.06 231.923 214.753 477.245 529.365 342.371 601.556 351.532 331.505 436.789 736.79 325.378 569.506 815.012 551.223 809.029 478.066 309.986 293.003 637.445 725.727 281.629 542.172 435.157 381.593 449.015 350.379 593.977 908.976
threshold=1.0000000180025095e-35 0.91071428571428592 0.21500000000000005 0 16.500000000000004 20.500000000000004 2.5000000000000004 3.3392857142857149 2.5000000000000004 1.0000000180025095e-35 61.500000000000007 73.500000000000014 12.500000000000002 1.0000000180025095e-35 10.910714285714286 -1.6653345369377346e-16 20.500000000000004 38.500000000000007 3.5000000000000004 60.428571428571438 45.785714285714292 37.821428571428577 35.642857142857146 31.642857142857149 39.500000000000007 34.500000000000007 28.500000000000004 11.928571428571431 18.500000000000004 18.500000000000004
decision_type=2 2 2 1 2 2 2 2 2 2 2 2 2 2 2 2 2 2 2 2 2 2 2 2 2 2 2 2 2 2
left_child=1 2 -1 9 5 -5 7 -6 -9 10 11 -2 17 14 15 -14 18 -11 -17 20 21 22 23 24 25 26 27 28 -15 -30
right_child=3 -3 -4 4 6 -7 -8 8 -10 12 -12 -13 13 19 -16 16 -18 -19 -20 -21 -22 -23 -24 -25 -26 -27 -28 -29 29 -31
leaf_value=0.13134167720422601 0.00021477049028626331 -0.026219541755568627 -0.0012303773279131935 -0.00090451122540708339 -0.056651599998726987 -0.088163960491703164 0.025050001744055701 0.06581603572703898 0.27722880482381468 0.0041196115470929235 0.20511901905903451 -0.26597908230928274 0.011007814532196201 0.017438827483170986 -0.17274575650691987 0.25054633732764953 0.48101234970986839 -0.21457199630886317 0.021033326563026228 -0.16344703967598351 0.21231051516674815 -0.25236713588237764 0.19694447497075254 -0.22957303537563845 0.20581806793568599 -0.19515544722477596 0.19378593903448849 -0.010398252179702888 0.078411707737819955 0.44226096364713857
leaf_weight=33 132209 2112 107413 157791 33 174 357 32 51 61644 26 26 37 447 20 31 25 25 28 22 42 25 22 22 31 21 36 650 94 21
leaf_count=33 132209 2112 107413 157791 33 174 357 32 51 61644 26 26 37 447 20 31 25 25 28 22 42 25 22 22 31 21 36 650 94 21
internal_value=6.86783e-08 -0.00167217 -0.00118966 0.000517689 -0.000850412 -0.00100063 0.0492984 0.123925 0.19572 0.00162637 0.000202722 0.000162432 0.00460392 0.0270525 0.122933 0.171806 0.242633 0.00403096 0.141625 0.0176183 0.0204415 0.014555 0.0195201 0.0165675 0.020733 0.0162116 0.0197682 0.0145994 0.0435113 0.144854
internal_weight=463500 109558 107446 353942 158438 157965 473 116 83 195504 132261 132235 63243 1574 141 121 84 61669 59 1433 1411 1369 1344 1322 1300 1269 1248 1212 562 115
internal_count=463500 109558 107446 353942 158438 157965 473 116 83 195504 132261 132235 63243 1574 141 121 84 61669 59 1433 1411 1369 1344 1322 1300 1269 1248 1212 562 115
cat_boundaries=0 1
cat_threshold=39
is_linear=0
shrinkage=0.05


Tree=115
num_leaves=31
num_cat=1
split_feature=1 11 9 9 10 15 15 11 15 9 2 11 10 11 2 10 10 13 11 12 10 10 11 13 9 14 15 14 0 13
split_gain=158.983 274.081 309.528 258.808 727.008 368.869 340.715 1194.08 513.94 425.162 386.706 549.581 255.018 238.983 923.037 1041.81 1053.41 894.4 465.765 416.731 556.445 404.235 350.846 272.926 550.648 277.41 259.192 229.149 221.308 364.689
threshold=2.5000000000000004 62.500000000000007 53.500000000000007 58.500000000000007 56.500000000000007 39.928571428571438 22.339285714285719 16.500000000000004 23.089285714285719 10.500000000000002 2.5000000000000004 47.500000000000007 27.500000000000004 37.500000000000007 5.0000000000000009 37.500000000000007 24.500000000000004 50.071428571428577 34.500000000000007 38.500000000000007 15.500000000000002 40.500000000000007 43.500000000000007 41.214285714285722 57.500000000000007 36.035714285714292 23.089285714285719 25.250000000000004 0 19.071428571428573
decision_type=2 2 2 2 2 2 2 2 2 2 2 2 2 2 2 2 2 2 2 2 2 2 2 2 2 2 2 2 1 2
left_child=3 13 -3 5 -5 6 28 -8 -9 -10 -11 12 -12 17 15 16 -15 18 23 20 -16 -21 -22 24 25 -2 -20 -14 -1 -30
right_child=1 2 -4 4 -6 -7 7 8 9 10 11 -13 27 14 19 -17 -18 -19 26 21 22 -23 -24 -25 -26 -27 -28 -29 29 -31
leaf_value=0.004071436560476125 -0.00056348213278614744 -0.21181111452169718 0.038933527693152427 -0.09994020029902459 0.30823371640096109 -0.15643413058809333 0.41261753981763666 0.20608263101541635 -0.21457500147887251 -0.12255954129828349 -0.13115987343570362 0.24523994485216757 0.19439501523971559 0.24008377271039147 0.10502748092015585 0.46237080252418922 -0.20144711922515524 -0.23702347137033941 -0.052043602338859019 0.23402739172646159 -0.35078935742378237 -0.028083755409246999 -0.093212450735079944 0.13170974069298844 -0.24520785834478295 0.16276489426023688 -0.26283481061458586 -0.013770013245252464 -8.243990091418703e-05 -0.11678080902393184
leaf_weight=47963 329534 32 20 20 24 37 22 33 22 36 26 31 20 35 24 24 22 40 35 24 20 38 39 39 23 26 25 39 85160 67
leaf_count=47963 329534 32 20 20 24 37 22 33 22 36 26 31 20 35 24 24 22 40 35 24 20 38 39 39 23 26 25 39 85160 67
internal_value=6.52513e-08 -0.000588919 -0.115371 0.00145598 0.1227 0.00141601 0.00145978 0.0623959 0.0251743 -0.00913587 0.0205987 0.0650272 -0.000697493 -0.000570829 0.0508277 0.186025 0.0696683 -0.000606059 -0.000577375 -0.0246961 -0.0979568 0.0733786 -0.180527 -0.000552019 -0.00056767 -0.000550597 -0.139873 0.0567944 0.00135501 -0.00017416
internal_weight=463500 330000 52 133500 44 133456 133419 229 207 174 152 116 85 329948 226 81 57 329722 329682 145 83 62 59 329622 329583 329560 60 59 133190 85227
internal_count=463500 330000 52 133500 44 133456 133419 229 207 174 152 116 85 329948 226 81 57 329722 329682 145 83 62 59 329622 329583 329560 60 59 133190 85227
cat_boundaries=0 1
cat_threshold=36
is_linear=0
shrinkage=0.05


Tree=116
num_leaves=31
num_cat=1
split_feature=15 1 12 12 16 9 14 11 14 10 10 11 13 16 17 2 12 9 14 10 13 17 0 9 11 14 15 12 16 10
split_gain=151.016 175.139 255.639 363.072 963.907 519.855 334.593 715.295 423.639 414.269 256.248 402.168 392.553 385.203 283.15 332.75 271.286 282.551 325.675 381.824 315.032 265.428 244.076 329.055 899.727 269.413 642.26 462.135 310.676 256.248
threshold=1.0000000180025095e-35 2.5000000000000004 62.500000000000007 49.500000000000007 4.9750000000000005 42.500000000000007 48.571428571428577 43.500000000000007 40.785714285714299 41.500000000000007 25.500000000000004 32.500000000000007 35.642857142857146 1.3150000000000002 0.039054794520547588 11.500000000000002 36.500000000000007 35.500000000000007 26.214285714285719 29.500000000000004 24.785714285714288 0.039054794520547588 0 24.500000000000004 1.5000000000000002 30.750000000000004 20.696428571428573 33.500000000000007 0.9850000000000001 9.5000000000000018
decision_type=2 2 2 2 2 2 2 2 2 2 2 2 2 2 2 2 2 2 2 2 2 2 1 2 2 2 2 2 2 2
left_child=-1 22 3 6 -5 -6 8 -8 10 -10 12 14 -3 21 15 16 17 18 19 -12 -21 -13 23 25 -25 26 -2 28 -28 -26
right_child=1 2 -4 4 5 -7 7 -9 9 -11 11 13 -14 -15 -16 -17 -18 -19 -20 20 -22 -23 -24 24 29 -27 27 -29 -30 -31
leaf_value=-0.0027406267450902845 0.0043196447360808682 -0.00031530393310798304 -0.1122877041571865 -0.070036388284120815 0.45954827696084977 0.09904351234436036 -0.31056543754206767 0.026020281918739022 0.027677932083606721 0.32145698174834253 -0.082087868423462884 -0.28315344428693928 0.21089927239174192 0.035687064521014687 0.11709606301140141 0.096840485247472921 -0.21332133554599506 0.1093311544507742 -0.18600901943203565 -0.0042810274138695226 0.18993934524747044 -0.079111135325261539 0.00019762978179815277 0.33564395319957002 0.1585053426878793 -0.14287154530325244 0.10922030650079251 0.015006184497395079 0.37604726155598961 0.015614903310049486
leaf_weight=45345 43564 296804 51 39 20 20 27 38 30 20 153 37 22 25 37 48 22 32 37 106 26 28 76493 26 35 31 20 37 24 303
leaf_count=45345 43564 296804 51 39 20 20 27 38 30 20 153 37 22 25 37 48 22 32 37 106 26 28 76493 26 35 31 20 37 24 303
internal_value=6.63673e-08 0.000297269 -0.00035393 -0.000334746 0.106841 0.279296 -0.000363207 -0.113792 -0.000338418 0.14519 -0.000362886 -0.0344289 -0.000299649 -0.131107 -0.0155547 -0.0271304 -0.0429564 -0.0323688 -0.0464508 -0.0283327 0.0339745 -0.195258 0.00190522 0.00486998 0.0522136 0.00447653 0.00458118 0.145244 0.254762 0.0304113
internal_weight=463500 418155 297622 297571 79 40 297492 65 297427 50 297377 551 296826 90 461 424 376 354 322 285 132 65 120533 44040 364 43676 43645 81 44 338
internal_count=463500 418155 297622 297571 79 40 297492 65 297427 50 297377 551 296826 90 461 424 376 354 322 285 132 65 120533 44040 364 43676 43645 81 44 338
cat_boundaries=0 1
cat_threshold=36
is_linear=0
shrinkage=0.05


Tree=117
num_leaves=31
num_cat=1
split_feature=8 16 13 10 15 12 14 14 6 7 15 0 13 16 15 16 15 15 13 14 15 15 13 11 15 13 5 2 14 15
split_gain=148.863 483.984 899.272 757.244 396.805 486.543 503.121 774.353 330.348 301.15 299.984 425.844 1101.22 265.774 244.385 211.122 670.237 1053.89 434.741 379.409 439.76 360.611 303.223 260.584 387.492 210.204 193.958 528.102 1003.41 376.753
threshold=1.0000000180025095e-35 0.21500000000000005 24.071428571428573 21.500000000000004 3.2678571428571432 1.0000000180025095e-35 11.035714285714286 14.392857142857144 1.0000000180025095e-35 1.0000000180025095e-35 1.2321428571428574 0 10.642857142857144 5.3550000000000013 3.3750000000000004 0.21500000000000005 9.9821428571428594 8.8035714285714306 17.214285714285719 10.250000000000002 3.5535714285714293 20.214285714285719 3.6428571428571437 1.5000000000000002 18.446428571428573 0.2142857142857143 1.0000000180025095e-35 10.500000000000002 2.035714285714286 16.732142857142861
decision_type=2 2 2 2 2 2 2 2 2 2 2 1 2 2 2 2 2 2 2 2 2 2 2 2 2 2 2 2 2 2
left_child=15 2 3 4 8 -6 9 -8 -2 -7 -3 12 13 -12 -15 16 17 19 21 20 22 -18 -1 -20 -25 -13 -17 29 -29 -28
right_child=1 10 -4 -5 5 6 7 -9 -10 -11 11 25 -14 14 -16 26 18 -19 23 -21 -22 -23 -24 24 -26 -27 27 28 -30 -31
leaf_value=0.022200361661612988 0.3263042056690092 -6.48690861952344e-05 0.37073027742179959 -0.2499944317908514 -0.095921084989926644 -0.10553871524684572 0.43910598840032311 0.03088815838026886 0.077877598267514267 0.068354477770926972 0.01119026455646281 -0.02974233041844658 0.24809293116514503 0.027485376755956616 0.092133941845627051 -0.0001877069021831969 -0.069987837317055226 0.36414471391588449 -0.33719179987907411 0.20527242958545686 -0.052661826687541172 0.15639937005937099 0.22010509322086969 -0.027758000548928977 -0.25556559196540291 0.0035802337619088662 -0.0025609602539190587 -0.013281387272306317 -0.09937639431716698 0.091485785034911671
leaf_weight=100 23 115074 22 21 56 34 21 26 32 93 3824 481 52 623 191 287352 146 20 20 20 279 20 24 40 35 29427 22345 2603 389 107
leaf_count=100 23 115074 22 21 56 34 21 26 32 93 3824 481 52 623 191 287352 146 20 20 20 279 20 24 40 35 29427 22345 2603 389 107
internal_value=6.32633e-08 0.00129549 0.0619654 0.0397666 0.0611174 0.0322669 0.0735228 0.213283 0.181765 0.0218004 0.00116253 0.00524489 0.0192369 0.0167125 0.0426548 -0.000619756 -0.0279701 0.00947687 -0.0915295 -0.0072923 -0.0178414 -0.0427123 0.0605045 -0.176831 -0.134068 0.0030433 -0.000558199 -0.00474236 -0.0244749 -0.00211276
internal_weight=463500 150000 328 306 285 230 174 47 55 127 149672 34598 4690 4638 814 313500 704 443 261 423 403 166 124 95 75 29908 312796 25444 2992 22452
internal_count=463500 150000 328 306 285 230 174 47 55 127 149672 34598 4690 4638 814 313500 704 443 261 423 403 166 124 95 75 29908 312796 25444 2992 22452
cat_boundaries=0 1
cat_threshold=2
is_linear=0
shrinkage=0.05


Tree=118
num_leaves=31
num_cat=0
split_feature=10 13 10 9 13 9 2 10 11 9 14 9 13 11 12 16 10 10 10 15 10 14 13 1 14 14 12 12 10 1
split_gain=148.088 865.738 681.893 480.831 243.429 1195.84 417.659 268.943 250.11 180.886 189.786 178.714 688.743 166.155 168.683 1229.07 573.876 186.35 551.405 495.196 470.739 229.782 601.064 468.708 212.068 411.061 369.946 678.369 472.265 371.189
threshold=71.500000000000014 46.071428571428577 64.500000000000014 58.500000000000007 47.500000000000007 37.500000000000007 5.0000000000000009 56.500000000000007 59.500000000000007 72.000000000000014 42.214285714285722 54.500000000000007 29.214285714285719 67.500000000000014 54.500000000000007 2.9750000000000005 26.500000000000004 44.500000000000007 47.500000000000007 23.089285714285719 41.500000000000007 33.178571428571438 33.785714285714292 4.5000000000000009 22.107142857142861 21.892857142857146 2.5000000000000004 5.5000000000000009 6.5000000000000009 5.5000000000000009
decision_type=2 2 2 2 2 2 2 2 2 2 2 2 2 2 2 2 2 2 2 2 2 2 2 2 2 2 2 2 2 2
left_child=2 -2 4 -3 7 -6 -7 9 -8 10 11 13 -13 14 17 16 -16 20 -19 -20 21 24 -23 -24 25 -1 -26 -28 -29 -30
right_child=1 3 -4 -5 5 6 8 -9 -10 -11 -12 12 -14 -15 15 -17 -18 18 19 -21 -22 22 23 -25 26 -27 27 28 29 -31
leaf_value=-2.6547482895692463e-05 -0.30100864853996501 0.23560712280727569 0.24245730186330863 -0.098880017498000114 -0.35717974560601373 -0.17827095389366152 0.14370577654436878 0.13481171307330195 -0.058232008309467981 -0.15036213830113412 0.11324564597091161 0.32286312736570838 -0.051170169841498137 -0.12640423101301376 -0.16607831547389162 0.40211276355243869 0.14044377810250108 -0.27683601770550015 0.19445376491004773 -0.10998626644997037 0.17833493545248702 -0.26660880693073929 0.1998775016693842 -0.10605988324649873 -0.11136065596757934 -0.16448236890137197 0.31962407756419409 0.26221616977737067 0.049896628698524167 -0.041369650959968571
leaf_weight=462199 26 21 29 22 28 21 46 37 23 20 37 20 32 26 37 21 26 24 22 34 37 29 21 31 43 38 21 21 343 165
leaf_count=462199 26 21 29 22 28 21 46 37 23 20 37 20 32 26 37 21 26 24 22 34 37 29 21 31 43 38 21 21 343 165
internal_value=6.01074e-08 -0.073244 1.09654e-05 0.0644742 -4.20707e-06 -0.0718101 0.0169715 1.40821e-05 0.0763932 3.31571e-06 9.8078e-06 7.62425e-07 0.0926888 -9.64436e-06 -2.54832e-06 0.0708453 -0.0395771 -1.54012e-05 -0.0763202 0.00961517 -2.21527e-06 -1.64696e-05 -0.0842233 0.0174918 -1.73252e-06 -4.00672e-05 0.0298797 0.0409222 0.0298584 0.0202531
internal_weight=463500 69 463431 43 463402 118 90 463284 69 463247 463227 463190 52 463138 463112 84 63 463028 80 56 462948 462911 81 52 462830 462237 593 550 529 508
internal_count=463500 69 463431 43 463402 118 90 463284 69 463247 463227 463190 52 463138 463112 84 63 463028 80 56 462948 462911 81 52 462830 462237 593 550 529 508
is_linear=0
shrinkage=0.05


Tree=119
num_leaves=31
num_cat=0
split_feature=11 13 13 9 15 2 13 13 14 9 1 14 2 14 14 9 1 9 10 9 10 12 13 13 14 15 1 10 2 9
split_gain=142.354 627.92 804.132 1165.55 405.428 397.759 387.836 363.151 597.431 822.206 373.794 553.986 330.142 381.856 346.996 308.133 479.493 392.358 657.147 452.629 435.579 1095.18 345.735 737.31 687.121 470.135 515.422 376.653 356.792 379.421
threshold=20.500000000000004 50.071428571428577 39.071428571428577 55.500000000000007 8.1607142857142865 9.5000000000000018 2.9285714285714293 14.500000000000002 18.964285714285719 13.500000000000002 2.5000000000000004 28.035714285714288 9.5000000000000018 5.2500000000000009 6.6785714285714297 2.5000000000000004 5.5000000000000009 28.500000000000004 8.5000000000000018 30.500000000000004 41.500000000000007 17.500000000000004 49.571428571428577 54.357142857142868 42.214285714285722 31.571428571428573 4.5000000000000009 33.500000000000007 2.5000000000000004 34.500000000000007
decision_type=2 2 2 2 2 2 2 2 2 2 2 2 2 2 2 2 2 2 2 2 2 2 2 2 2 2 2 2 2 2
left_child=1 2 3 -1 6 15 -2 -7 -9 -10 -11 -12 13 -8 -15 16 -6 20 -19 -20 -17 -22 24 -24 25 28 27 -27 -21 -30
right_child=4 -3 -4 -5 5 7 12 8 9 10 11 -13 -14 14 -16 17 -18 18 19 22 21 -23 23 -25 -26 26 -28 -29 29 -31
leaf_value=-4.6467488142972225e-05 -0.026972267383348143 -0.27346055294786181 0.2241282569244504 -0.34145692527294158 -0.12938403234130691 -0.090415059558733413 0.21556190750428611 0.14575464581804617 -0.26640409610488197 0.11684899778606801 0.047579622346286973 -0.2292071505867202 0.23670672568536941 -0.11807545264561972 0.089067397344737287 0.034248610056245458 0.10916066318750382 0.22798929248864833 -0.1866728186607361 0.050011283862921932 0.47559438124299053 0.018485034610095777 0.30488710964564236 -0.0073853929150389163 -0.27996287026575634 0.32901496844632283 -0.092592819659940664 0.062564048419396084 0.023587822437286379 -0.21004288442302169
leaf_weight=461390 67 21 40 25 77 184 35 56 33 52 48 29 42 30 62 807 29 26 42 36 20 38 24 89 28 21 31 36 25 57
leaf_count=461390 67 21 40 25 77 184 35 56 33 52 48 29 42 30 62 807 29 26 42 36 20 38 24 89 28 21 31 36 25 57
internal_value=5.7108e-08 -5.7974e-05 -4.55319e-05 -6.49655e-05 0.0132313 0.0051012 0.0748268 -0.0386878 0.00497196 -0.0436937 0.0132788 -0.0566647 0.115185 0.0749967 0.0215208 0.0178019 -0.0641218 0.0245862 -0.0153798 -0.0316461 0.0437606 0.176109 -0.012882 0.058938 -0.0475644 -0.0159762 0.0714914 0.16073 -0.0812063 -0.138814
internal_weight=463500 461476 461455 461415 2024 1788 236 402 218 162 129 77 169 127 92 1386 106 1280 415 389 865 58 347 113 234 206 88 57 118 82
internal_count=463500 461476 461455 461415 2024 1788 236 402 218 162 129 77 169 127 92 1386 106 1280 415 389 865 58 347 113 234 206 88 57 118 82
is_linear=0
shrinkage=0.05


Tree=120
num_leaves=31
num_cat=1
split_feature=16 10 10 9 9 10 13 16 14 10 12 14 1 13 13 9 14 14 9 17 2 9 8 11 0 11 1 13 13 15
split_gain=139.668 477.012 744.883 340.868 588.167 657.003 591.989 728.739 1063.03 521.062 355.145 373.484 453.929 409.316 469.436 363.563 315.379 506.084 878.516 309.948 318.264 324.745 292.028 516.72 282.265 250.304 402.864 260.182 237.409 500.021
threshold=1.1000000000000003 73.500000000000014 66.500000000000014 35.500000000000007 39.500000000000007 21.500000000000004 14.928571428571431 0.72000000000000008 24.178571428571434 21.500000000000004 42.500000000000007 22.107142857142861 4.5000000000000009 25.642857142857149 21.928571428571434 10.500000000000002 39.250000000000007 25.250000000000004 25.500000000000004 0.043849315068493329 8.5000000000000018 25.500000000000004 1.0000000180025095e-35 35.500000000000007 0 37.500000000000007 3.5000000000000004 20.928571428571434 15.071428571428573 18.446428571428573
decision_type=2 2 2 2 2 2 2 2 2 2 2 2 2 2 2 2 2 2 2 2 2 2 2 2 1 2 2 2 2 2
left_child=1 2 3 9 5 -5 -6 -8 -9 10 11 13 -13 14 24 -12 17 18 28 20 21 -19 23 -10 -1 27 -27 -26 29 -11
right_child=-2 -3 -4 4 6 -7 7 8 22 16 15 12 -14 -15 -16 -17 -18 19 -20 -21 -22 -23 -24 -25 25 26 -28 -29 -30 -31
leaf_value=-0.0021650408836172098 -0.00031327625951799274 -0.22525075933207639 0.30758523225784301 0.025455622294464627 0.26932050406932834 0.31957758197035546 -0.22925141607270097 0.32733425804972649 -0.21488747275792638 -0.033999746401241281 -0.024157408898582266 0.26362067116745591 0.035525284815494988 -0.22352386988699435 0.19123794942191152 -0.25265774991777212 0.12319338007697039 -0.15632809880104934 0.20214730076491835 -0.025263988402756777 -0.041633046725217032 -0.37366578245162962 0.092177351191639903 0.039337686594666507 0.0053765814422459569 -0.0014555314183235168 0.28408262247130989 -0.17067439104208637 -0.088757511929810406 0.20937871660875237
leaf_weight=19501 410060 23 20 37 20 39 33 25 39 256 49 29 88 20 33 27 28 55 40 55 34 25 33 41 32624 30 21 21 171 23
leaf_count=19501 410060 23 20 37 20 39 33 25 39 256 49 29 88 20 33 27 28 55 40 55 34 25 33 41 32624 30 21 21 171 23
internal_value=5.4246e-08 0.00240433 0.00250235 0.00238808 0.0587413 0.176387 0.0119296 -0.0181746 0.0323003 0.00210488 0.00267162 0.00282836 0.0920617 0.00262855 0.00271515 -0.105335 -0.0411575 -0.0481405 -0.0224079 -0.12275 -0.169783 -0.224246 -0.0329727 -0.0845971 0.00259596 0.00543458 0.116119 0.00526333 -0.0423684 -0.0139363
internal_weight=463500 53440 53417 53397 267 76 191 171 138 53130 52443 52367 117 52250 52230 76 687 659 490 169 114 80 113 80 52197 32696 51 32645 450 279
internal_count=463500 53440 53417 53397 267 76 191 171 138 53130 52443 52367 117 52250 52230 76 687 659 490 169 114 80 113 80 52197 32696 51 32645 450 279
cat_boundaries=0 1
cat_threshold=80
is_linear=0
shrinkage=0.05


Tree=121
num_leaves=31
num_cat=1
split_feature=7 9 9 11 11 14 12 0 9 13 12 10 11 11 11 2 13 16 8 9 1 13 2 10 15 11 9 9 12 11
split_gain=135.193 502.186 421.755 290.623 431.04 318.471 921.843 284.269 332.539 452.551 593.126 395.339 566.967 436.595 383.75 378.298 352.657 380.083 327.33 338.124 298.873 547.756 1093.34 337.8 301.561 276.752 460.416 396.826 444.58 278.944
threshold=1.0000000180025095e-35 73.500000000000014 62.500000000000007 63.500000000000007 58.500000000000007 45.107142857142868 35.500000000000007 0 64.500000000000014 44.928571428571438 41.500000000000007 41.500000000000007 29.500000000000004 34.500000000000007 39.500000000000007 6.5000000000000009 2.5000000000000004 6.285000000000001 1.0000000180025095e-35 11.500000000000002 3.5000000000000004 22.214285714285719 6.5000000000000009 24.500000000000004 1.2321428571428574 42.500000000000007 5.5000000000000009 14.500000000000002 21.500000000000004 38.500000000000007
decision_type=2 2 2 2 2 2 2 1 2 2 2 2 2 2 2 2 2 2 2 2 2 2 2 2 2 2 2 2 2 2
left_child=1 2 3 4 5 25 -7 8 9 11 -11 13 -13 16 -15 -16 -2 20 -19 -20 21 -18 -23 24 -22 29 -27 -28 -29 -1
right_child=7 -3 -4 -5 -6 6 -8 -9 -10 10 -12 12 -14 14 15 -17 17 18 19 -21 23 22 -24 -25 -26 26 27 28 -30 -31
leaf_value=-0.00059611484355260431 0.0025734910129360249 -0.18234478423469946 0.19010078722033008 -0.11061791031310955 0.21588046207376152 0.39051654711365702 -0.035013951999800549 -0.00010732459956758029 0.17701863515623181 -0.28384930847152584 0.039977894035669481 -0.00051056191857372011 0.34317257205645246 -0.24154480515104351 -0.16765791209042072 0.097750717295526438 0.020638321958597917 -0.01613372635224667 0.071129069425579575 0.22885138517202336 0.12323372143286247 0.38700908417503044 -0.03641033018788984 -0.090481056182855568 0.0043707284385331663 0.10810593366622925 -0.33072502925992014 -0.18457546696851129 0.083746653508681518 0.10220599868687603
leaf_weight=313120 32736 38 29 60 23 20 35 108700 28 31 26 28 21 33 25 29 3344 78 162 43 54 30 31 93 4508 25 20 38 26 66
leaf_count=313120 32736 38 29 60 23 20 35 108700 28 31 26 28 21 33 25 29 3344 78 162 43 54 30 31 93 4508 25 20 38 26 66
internal_value=4.91912e-08 -0.000590626 -0.000568593 -0.000586234 -0.000565167 -0.000581054 0.119724 0.00123456 0.00476522 0.00464952 -0.136139 0.00484423 0.146782 0.00467528 -0.107214 -0.0251236 0.00491225 0.014089 0.0710427 0.104212 0.0120892 0.0233469 0.171829 0.00385459 0.0057777 -0.000602174 -0.0802597 -0.136321 -0.0755696 -0.000574451
internal_weight=463500 313500 313462 313433 313373 313350 55 150000 41300 41272 57 41215 49 41166 87 54 41079 8343 283 205 8060 3405 61 4655 4562 313295 109 84 64 313186
internal_count=463500 313500 313462 313433 313373 313350 55 150000 41300 41272 57 41215 49 41166 87 54 41079 8343 283 205 8060 3405 61 4655 4562 313295 109 84 64 313186
cat_boundaries=0 1
cat_threshold=6
is_linear=0
shrinkage=0.05


Tree=122
num_leaves=31
num_cat=0
split_feature=5 14 2 13 9 1 13 16 1 14 1 13 1 10 12 10 13 17 2 14 14 10 2 14 12 6 15 12 11 15
split_gain=132.463 299.974 234.413 766.232 648.356 427.058 251.479 226.12 190.366 286.246 179.105 471.055 302.188 595.7 631.026 581.405 485.699 341.585 452.056 300.999 426.64 422.808 335.416 294.87 250.26 381.122 234.183 361.936 380.25 284.819
threshold=1.0000000180025095e-35 34.357142857142868 10.500000000000002 3.785714285714286 37.500000000000007 6.5000000000000009 10.928571428571431 0.93500000000000016 5.5000000000000009 1.1071428571428574 6.5000000000000009 6.5000000000000009 2.5000000000000004 56.500000000000007 51.500000000000007 40.500000000000007 41.642857142857146 1.6653345369377351e-16 2.5000000000000004 28.892857142857146 26.214285714285719 42.500000000000007 3.5000000000000004 24.178571428571434 13.500000000000002 1.0000000180025095e-35 39.928571428571438 38.500000000000007 38.500000000000007 13.589285714285717
decision_type=2 2 2 2 2 2 2 2 2 2 2 2 2 2 2 2 2 2 2 2 2 2 2 2 2 2 2 2 2 2
left_child=10 2 4 8 -2 7 -7 -5 -4 -10 12 -12 13 16 -15 -14 19 18 -17 20 21 23 -21 -1 -20 -26 27 28 29 -13
right_child=1 -3 3 5 -6 6 -8 -9 9 -11 11 26 15 14 -16 17 -18 -19 24 22 -22 -23 -24 -25 25 -27 -28 -29 -30 -31
leaf_value=0.0017071319310070238 -0.0014043776557370008 0.18151469867337833 0.0018279344784961728 -0.14121525125070053 0.27652617920012701 -0.1296786041422324 -0.32867549151182174 -0.028815920026972891 -0.0085244515062358247 -0.048191239083905081 0.0019456584713736695 0.020263706313007421 -0.0011417614508220284 0.30663578690904564 -0.00029079265454236199 0.06194160787955575 -0.23868811499504816 0.026147127983181979 -0.30469409782439472 -0.0061601970585123192 -0.16577331097551476 0.21163141156236331 0.22460824891459197 0.14897431051906418 -0.22308884183334754 0.019407916670808427 0.17106844208070213 -0.15634112215290469 -0.16553917574882507 0.068933775002854733
leaf_weight=122753 26957 22 2802 55 21 77 20 240 2235 571 61152 1384 244335 33 34 23 21 43 30 31 38 24 32 34 43 26 28 27 25 384
leaf_count=122753 26957 22 2802 55 21 77 20 240 2235 571 61152 1384 244335 33 34 23 21 43 30 31 38 24 32 34 43 26 28 27 25 384
internal_value=4.66132e-08 -0.00305292 -0.00317605 -0.0121148 -0.00118803 -0.0796975 -0.170709 -0.0497717 -0.00739078 -0.0165963 0.000234072 0.00269725 -0.000188187 0.00183328 0.150882 -0.00120512 0.00175205 -0.0950306 -0.137741 0.00179313 0.0017371 0.00178893 0.111056 0.00174791 -0.184132 -0.131713 0.0275681 0.0253604 0.0280965 0.0308346
internal_weight=463500 33000 32978 6000 26978 392 97 295 5608 2806 430500 63000 367500 123000 67 244500 122933 165 122 122912 122849 122811 63 122787 99 69 1848 1820 1793 1768
internal_count=463500 33000 32978 6000 26978 392 97 295 5608 2806 430500 63000 367500 123000 67 244500 122933 165 122 122912 122849 122811 63 122787 99 69 1848 1820 1793 1768
is_linear=0
shrinkage=0.05


Tree=123
num_leaves=31
num_cat=0
split_feature=15 6 13 10 15 12 12 16 16 13 14 9 9 14 13 14 15 9 10 10 14 9 14 10 9 9 9 11 7 15
split_gain=132.101 144.382 389.668 574.813 257.593 254.427 659.389 2569.57 412.9 269.955 270.404 876.726 919.272 250.012 223.388 372.599 489.438 382.343 231.284 312.335 312.963 291.701 483.99 267.264 225.021 358.331 356.147 585.445 321.247 294.102
threshold=1.0000000180025095e-35 1.0000000180025095e-35 61.500000000000007 73.500000000000014 2.160714285714286 60.500000000000007 49.500000000000007 4.9750000000000005 1.3150000000000002 52.642857142857146 36.035714285714292 36.500000000000007 23.500000000000004 33.178571428571438 60.428571428571438 50.892857142857146 34.839285714285722 51.500000000000007 50.500000000000007 37.500000000000007 22.607142857142861 40.500000000000007 26.750000000000004 24.500000000000004 36.500000000000007 28.500000000000004 25.500000000000004 5.5000000000000009 1.0000000180025095e-35 20.214285714285719
decision_type=2 2 2 2 2 2 2 2 2 2 2 2 2 2 2 2 2 2 2 2 2 2 2 2 2 2 2 2 2 2
left_child=-1 2 3 5 -3 6 9 -8 -7 10 13 12 -12 -2 15 16 17 18 19 21 -21 22 24 -24 25 26 -6 -28 -29 -27
right_child=1 4 -4 -5 14 8 7 -9 -10 -11 11 -13 -14 -15 -16 -17 -18 -19 -20 20 -22 -23 23 -25 -26 29 27 28 -30 -31
leaf_value=-0.0025632731277036723 -0.00036869359136223112 0.00072977723713003482 0.19319420204712795 -0.23107255884894617 0.0068808046157062463 0.013834889026151764 -0.097896921560168271 0.53338819013701544 -0.23967739806093019 -0.14125417839078344 0.022148868055255327 -0.070315424276857968 0.44291599953174593 -0.12697296839876054 -0.15227577659216796 0.18940419065100808 -0.14344168475104704 0.17482138622333021 0.17694511592388154 0.036032358718955 -0.20008457147826753 -0.13307537629797653 0.26979833925487817 0.035026901689442717 0.17467243671417237 -0.035076697758385837 0.34446868598461156 -0.090195330617756683 0.12320755455229018 -0.22895127761143225
leaf_weight=45345 282749 115682 26 27 18850 36 40 27 29 34 27 49 25 39 22 28 54 34 20 23 36 37 27 22 20 71 20 29 45 27
leaf_count=45345 282749 115682 26 27 18850 36 40 27 29 34 27 49 25 39 22 28 54 34 20 23 36 37 27 22 20 71 20 29 45 27
internal_value=4.42914e-08 0.000278012 -0.000363677 -0.000381454 0.00162323 -0.000359449 -0.00033673 0.156502 -0.0992706 -0.000373872 -0.000356939 0.0814402 0.224441 -0.000386154 0.00696049 0.0071416 0.00687738 0.00729881 0.00700257 0.00682562 -0.108039 0.00717954 0.00745108 0.164391 0.00704766 0.0068716 0.00736493 0.104447 0.0395767 -0.0884911
internal_weight=463500 418155 283108 283082 135047 283055 282990 67 65 282923 282889 101 52 282788 19365 19343 19315 19261 19227 19207 59 19148 19111 49 19062 19042 18944 94 74 98
internal_count=463500 418155 283108 283082 135047 283055 282990 67 65 282923 282889 101 52 282788 19365 19343 19315 19261 19227 19207 59 19148 19111 49 19062 19042 18944 94 74 98
is_linear=0
shrinkage=0.05


Tree=124
num_leaves=31
num_cat=0
split_feature=16 13 15 12 12 10 13 13 13 12 9 14 13 14 15 13 10 12 10 14 10 1 9 12 10 11 15 14 1 15
split_gain=125.709 646.726 490.634 351.481 273.999 582.821 672.58 629.7 589.267 464.98 580.874 576.43 464.954 539.777 368.371 365.71 423.695 650.74 420.944 447.251 283.496 322.27 283.415 624.255 282.478 573.435 300.913 1198.32 426.307 522.62
threshold=0.96500000000000008 28.928571428571434 22.339285714285719 37.500000000000007 39.500000000000007 44.500000000000007 19.071428571428573 23.500000000000004 9.6428571428571441 35.500000000000007 29.500000000000004 54.464285714285722 39.071428571428577 60.035714285714292 31.571428571428573 51.500000000000007 41.500000000000007 7.5000000000000009 49.500000000000007 34.357142857142868 56.500000000000007 2.5000000000000004 30.500000000000004 52.500000000000007 35.500000000000007 32.500000000000007 21.517857142857146 19.607142857142861 5.5000000000000009 25.660714285714288
decision_type=2 2 2 2 2 2 2 2 2 2 2 2 2 2 2 2 2 2 2 2 2 2 2 2 2 2 2 2 2 2
left_child=1 3 -3 -1 9 6 8 -8 -6 11 -11 15 -7 20 -9 16 24 -18 -19 -20 -14 -22 -16 -24 26 -26 -2 -28 -29 -30
right_child=4 2 -4 -5 5 12 7 14 -10 10 -12 -13 13 -15 22 -17 17 18 19 -21 21 -23 23 -25 25 -27 27 28 29 -31
leaf_value=0.003952309275020131 -0.00027091101777793682 -0.013452072102480976 -0.26268189535476266 -0.087697118847143096 0.11975532682346446 -0.23942438159137966 0.3935750214949898 0.25522719816653988 -0.19668521313898024 -0.019193997198054868 -0.27635867025922328 0.24481282879908883 -0.060182538032531742 -0.20336363289464751 -0.074438270088285213 -0.20408673652193765 0.31689905805083424 0.1447988046705723 0.077976395970299137 -0.25240298986434934 0.27570787506798905 0.010771135443990882 0.30561457528517799 -0.010677719078002832 0.0018863746027151743 -0.26294919203125661 0.36431122242852498 0.055188889048134973 0.032500962719786912 -0.17562614229490173
leaf_weight=28321 433911 39 40 105 28 24 23 32 31 62 34 24 25 23 28 22 26 40 21 20 24 22 26 39 60 31 27 269 70 53
leaf_count=28321 433911 39 40 105 28 24 23 32 31 62 34 24 25 23 28 22 26 40 21 20 24 22 26 39 60 31 27 269 70 53
internal_value=4.20725e-08 0.00321674 -0.139644 0.00361377 -0.000210747 0.0456816 0.0962352 0.15314 -0.04651 -0.00024506 -0.110273 -0.000220754 -0.0430013 0.00714922 0.1089 -0.000234287 -0.000223966 0.0992596 0.0294 -0.0831843 0.0753435 0.148999 0.0585514 0.115839 -0.00024847 -0.0883323 -0.000230014 0.0421219 0.0199303 -0.0571798
internal_weight=463500 28505 79 28426 434995 325 207 148 59 434670 96 434574 118 94 125 434550 434528 107 81 41 71 46 93 65 434421 91 434330 419 392 123
internal_count=463500 28505 79 28426 434995 325 207 148 59 434670 96 434574 118 94 125 434550 434528 107 81 41 71 46 93 65 434421 91 434330 419 392 123
is_linear=0
shrinkage=0.05


Tree=125
num_leaves=31
num_cat=0
split_feature=10 13 10 9 11 11 14 9 12 9 14 13 11 13 11 9 10 10 2 16 13 15 11 10 12 15 2 13 17 13
split_gain=124.57 755.652 538.016 474.433 198.722 241.087 414.453 759.223 430.946 368.044 218.01 205.753 623.339 228.299 286.776 255.412 369.76 183.403 179.299 134.361 605.419 418.605 284.885 698.849 448.802 548.517 383.094 563.314 426.905 294.318
threshold=71.500000000000014 47.500000000000007 66.500000000000014 58.500000000000007 63.500000000000007 48.500000000000007 28.035714285714288 17.500000000000004 53.500000000000007 37.500000000000007 20.107142857142861 51.500000000000007 35.500000000000007 45.785714285714292 46.500000000000007 69.500000000000014 54.500000000000007 49.500000000000007 6.5000000000000009 0.96500000000000008 28.928571428571434 22.339285714285719 26.500000000000004 30.500000000000004 37.500000000000007 17.910714285714288 3.5000000000000004 15.642857142857144 -1.6653345369377346e-16 24.071428571428573
decision_type=2 2 2 2 2 2 2 2 2 2 2 2 2 2 2 2 2 2 2 2 2 2 2 2 2 2 2 2 2 2
left_child=2 -2 4 -3 5 11 10 -8 9 -9 -7 13 -13 14 15 16 19 18 -6 20 22 -22 24 26 29 -26 27 -24 -28 -1
right_child=1 3 -4 -5 17 6 7 8 -10 -11 -12 12 -14 -15 -16 -17 -18 -19 -20 -21 21 -23 23 -25 25 -27 28 -29 -30 -31
leaf_value=0.0032309488719953609 -0.273547967247389 0.24174053311347962 0.24183042515879094 -0.09473684938116507 -0.13759285104239272 0.058480211496353157 0.38221463154662744 -0.039155307270231698 -0.15064321294426919 0.23194554217400087 -0.16723661293154179 -0.292709363154743 0.06150928134167636 0.12956089074997343 -0.18933631792664529 -0.17436902986928113 0.16737104578677453 -0.19973667788764704 0.057206824035556228 -0.00022095665470339682 -0.01878517900818381 -0.2830673692447524 0.28373714099007269 0.32049409669378531 -0.031821099682798927 -0.32881411639126867 -0.11154615953264219 -0.042848744494435584 0.05820239685151888 0.089594148972419782
leaf_weight=27954 27 20 23 22 21 20 22 21 20 31 23 23 27 34 20 21 33 23 27 434623 29 31 31 23 53 22 62 23 92 99
leaf_count=27954 27 20 23 22 21 20 22 21 20 31 23 23 27 34 20 21 33 23 27 434623 29 31 31 23 53 22 62 23 92 99
internal_value=3.99711e-08 -0.0671767 1.00419e-05 0.0654905 -1.96021e-06 1.0857e-05 0.066329 0.125148 0.0465998 0.122463 -0.062252 -8.75786e-06 -0.101431 2.19135e-06 -7.32029e-06 8.56371e-07 8.76388e-06 -0.0836452 -0.028018 -3.16367e-06 0.00332763 -0.155331 0.00366331 0.058963 0.00320916 -0.118939 0.0300437 0.144636 -0.0101379 0.00353573
internal_weight=463500 69 463431 42 463408 463337 137 94 72 52 43 463200 50 463150 463116 463096 463075 71 48 463042 28419 60 28359 231 28128 75 208 54 154 28053
internal_count=463500 69 463431 42 463408 463337 137 94 72 52 43 463200 50 463150 463116 463096 463075 71 48 463042 28419 60 28359 231 28128 75 208 54 154 28053
is_linear=0
shrinkage=0.05


Tree=126
num_leaves=31
num_cat=1
split_feature=14 16 5 14 2 15 9 15 1 1 10 12 13 10 1 10 15 11 0 15 10 11 11 12 14 14 14 13 9 13
split_gain=120.638 161.591 157.622 273.97 262.025 660.947 578.837 387.491 399.188 199.673 514.78 551.402 438.637 357.435 317.859 521.126 331.228 354.044 316.416 336.716 565.023 644.144 326.086 309.436 474.925 283.946 368.242 369.191 312.394 283.801
threshold=1.0000000180025095e-35 0.21500000000000005 1.0000000180025095e-35 34.357142857142868 10.500000000000002 13.017857142857144 37.500000000000007 2.0178571428571432 5.5000000000000009 2.5000000000000004 56.500000000000007 51.500000000000007 41.642857142857146 52.500000000000007 6.5000000000000009 43.500000000000007 5.8392857142857144 30.500000000000004 0 13.589285714285717 10.500000000000002 18.500000000000004 11.500000000000002 17.500000000000004 18.178571428571434 28.892857142857146 26.214285714285719 28.071428571428573 24.500000000000004 12.214285714285717
decision_type=2 2 2 2 2 2 2 2 2 2 2 2 2 2 2 2 2 2 1 2 2 2 2 2 2 2 2 2 2 2
left_child=1 -1 9 4 6 7 -4 -6 -9 10 12 -12 25 14 -11 16 -16 18 23 -20 21 -21 -22 24 29 26 27 -2 -27 -18
right_child=2 -3 3 -5 5 -7 -8 8 -10 13 11 -13 -14 -15 15 -17 17 -19 19 20 22 -23 -24 -25 -26 28 -28 -29 -30 -31
leaf_value=0.10399525550504525 0.002371047533556379 -0.0019640519912267345 -0.0013806614781223217 0.17309761548584157 -0.0064420458332325823 -0.2438794829672383 0.26124546442713059 -0.0090012741936860898 -0.08152305130234927 -0.00097233707826356391 0.28660967115199931 -0.00029988745775292908 -0.22611539335477923 -0.09463374748826027 0.0024656912515820853 0.25237833062807719 0.084218385600846046 -0.086793137855932748 0.0031525820403142031 0.085598974510849954 0.13696791892431956 0.43035959243774419 -0.0035342718290294556 -0.031808586141749008 0.31686212822794912 -0.038291849066381868 -0.15326262026240953 0.20721834532239219 0.1929666453972459 -0.037182669168604271
leaf_weight=36 104274 70139 22848 22 4268 31 21 380 379 207323 33 34 21 100 51388 21 343 71 1193 42 53 20 187 74 20 23 38 22 40 56
leaf_count=36 104274 70139 22848 22 4268 31 21 380 379 207323 33 34 21 100 51388 21 343 71 1193 42 53 20 187 74 20 23 38 22 40 56
internal_value=3.79722e-08 -0.00190969 0.000340763 -0.00327825 -0.00341719 -0.0137154 -0.0011395 -0.0122961 -0.0452144 0.000617594 0.00246457 0.141014 0.00237567 -0.000122108 -8.58673e-05 0.00335143 0.00325359 0.0229177 0.0268359 0.0149912 0.0622541 0.196812 0.0274933 0.0612089 0.0790977 0.00242163 0.00235756 0.00241426 0.108539 0.0671796
internal_weight=463500 70175 393325 27949 27927 5058 22869 5027 759 365376 104485 67 104418 260891 260791 53468 53447 2059 1988 1495 302 62 240 493 419 104397 104334 104296 63 399
internal_count=463500 70175 393325 27949 27927 5058 22869 5027 759 365376 104485 67 104418 260891 260791 53468 53447 2059 1988 1495 302 62 240 493 419 104397 104334 104296 63 399
cat_boundaries=0 1
cat_threshold=9
is_linear=0
shrinkage=0.05


Tree=127
num_leaves=31
num_cat=1
split_feature=0 16 10 10 9 9 13 10 17 13 10 10 12 9 15 10 2 2 14 14 9 14 2 14 13 11 1 9 14 12
split_gain=118.454 251.141 419.272 583.175 277.063 541.152 589.222 530.23 761.789 507.71 689.945 828.392 277.898 358.138 273.59 364.394 503.685 271.211 253.127 392.457 771.452 276.594 251.247 233.476 394.427 313.571 399.941 226.135 335.555 322.13
threshold=0 1.0400000000000003 73.500000000000014 66.500000000000014 35.500000000000007 39.500000000000007 30.142857142857146 21.500000000000004 0.043849315068493329 14.928571428571431 7.5000000000000009 16.500000000000004 42.500000000000007 10.500000000000002 17.553571428571434 35.500000000000007 6.5000000000000009 3.5000000000000004 39.250000000000007 25.250000000000004 25.500000000000004 27.321428571428573 6.5000000000000009 22.107142857142861 25.642857142857149 33.500000000000007 5.5000000000000009 12.500000000000002 31.750000000000004 43.500000000000007
decision_type=1 2 2 2 2 2 2 2 2 2 2 2 2 2 2 2 2 2 2 2 2 2 2 2 2 2 2 2 2 2
left_child=-1 2 3 4 7 6 17 8 12 -7 -11 -12 23 -14 -13 22 -17 -6 19 20 -9 -21 -16 24 -2 26 -25 -23 -29 -30
right_child=1 -3 -4 -5 5 9 -8 18 -10 10 11 14 13 -15 15 16 -18 -19 -20 21 -22 27 -24 25 -26 -27 -28 28 29 -31
leaf_value=-0.0014068663735503041 0.0050082450592724755 2.6207906011704176e-05 -0.20876179156096086 0.27470329277217392 0.16022108972072602 0.24912225931882859 0.011148694202755438 -0.041840493937840784 0.22888347566323844 -0.28554297557898928 0.32002642624080185 0.14447828084230424 -0.015056613209296247 -0.25080721129973732 -0.2736526742577553 0.19170064215476698 -0.09883129332746779 0.41462393423373051 0.10773052431509965 -0.23432711097929212 0.18743956424295904 -0.21704224615047374 -0.047166090488433843 0.26392525732517241 -0.21710631638765335 -0.069325658202171334 0.025995817314833403 0.05711505202783479 -0.19669740369374103 0.045313261523842817
leaf_weight=113094 31278 317912 23 20 20 20 33 443 38 21 20 20 49 24 24 26 35 22 28 36 40 24 25 33 20 25 38 45 44 20
leaf_count=113094 31278 317912 23 20 20 20 33 443 38 21 20 20 49 24 24 26 35 22 28 36 40 24 25 33 20 25 38 45 44 20
internal_value=3.60761e-08 0.000454143 0.00464108 0.00479223 0.00462588 0.0554455 0.169254 0.00420587 0.00514872 0.0107562 -0.0171228 0.020456 0.00487853 -0.0925637 -0.0256318 -0.0565609 0.025002 0.29348 -0.039477 -0.0457988 -0.0228525 -0.111379 -0.158098 0.00510512 0.00486631 0.0829608 0.136583 -0.0780997 -0.0475068 -0.121069
internal_weight=463500 350406 32494 32471 32451 266 75 32185 31505 191 171 150 31467 73 130 110 61 42 680 652 483 169 49 31394 31298 96 71 133 109 64
internal_count=463500 350406 32494 32471 32451 266 75 32185 31505 191 171 150 31467 73 130 110 61 42 680 652 483 169 49 31394 31298 96 71 133 109 64
cat_boundaries=0 1
cat_threshold=80
is_linear=0
shrinkage=0.05


Tree=128
num_leaves=31
num_cat=1
split_feature=8 16 13 10 7 15 14 12 0 9 16 11 13 16 13 12 17 10 16 13 16 14 10 17 1 9 13 9 17 13
split_gain=118.207 416.107 775.538 654.065 371.307 387.4 370.39 327.765 259.165 363.752 619.95 354.187 861.635 745.801 543.539 371.309 592.797 405.185 775.566 339.272 316.031 311.678 398.19 271.552 313.706 535.033 357.457 274.481 256.063 255.089
threshold=1.0000000180025095e-35 0.21500000000000005 24.071428571428573 21.500000000000004 1.0000000180025095e-35 3.2678571428571432 11.607142857142859 1.0000000180025095e-35 0 12.500000000000002 6.9750000000000005 37.500000000000007 31.928571428571434 4.9750000000000005 48.142857142857146 1.0000000180025095e-35 0.037849315068492879 3.5000000000000004 1.4000000000000001 8.6428571428571441 0.93500000000000016 8.5357142857142865 9.5000000000000018 -0.013068493150684811 6.5000000000000009 18.500000000000004 14.071428571428573 16.500000000000004 0.0088493150684931816 36.642857142857146
decision_type=2 2 2 2 2 2 2 2 1 2 2 2 2 2 2 2 2 2 2 2 2 2 2 2 2 2 2 2 2 2
left_child=-1 2 3 4 6 -6 -2 -7 9 -3 11 13 -13 15 -14 16 -11 18 -17 21 -21 -10 -23 27 29 26 -26 -19 -22 -25
right_child=1 8 -4 -5 5 7 -8 -9 19 10 -12 12 14 -15 -16 17 -18 23 -20 20 28 22 -24 24 25 -27 -28 -29 -30 -31
leaf_value=-0.00055229064473377579 -0.081586872949930181 0.0036483066662429588 0.34414640123193918 -0.2325033942858378 0.23413858540588992 -0.082940676971338695 0.16239445421844723 0.096693886495460346 -9.3568180120204297e-05 0.043022309838523787 0.23150677226091687 0.35082582299198428 -0.13736926345154643 -0.19744661774199745 0.15079840814901724 -0.26397437605127277 0.33568717166781425 0.044271683105482511 0.043031790091966587 -0.13010357045133911 -0.015366346902537643 0.1385524748109801 -0.057610853771502914 0.01633764297810791 0.12932021661565221 0.26905982872924289 -0.14544753869995475 -0.1744433121290058 -0.14390282747222158 0.17956641095876694
leaf_weight=313500 70 39900 22 21 40 32 20 123 107756 62 38 28 30 39 36 36 24 26 48 75 705 86 37 562 29 37 20 32 41 25
leaf_count=313500 70 39900 22 21 40 32 20 123 107756 62 38 28 30 39 36 36 24 26 48 75 705 86 37 562 29 37 20 32 41 25
internal_value=3.27502e-08 0.00115439 0.0574093 0.0367942 0.0566372 0.0954092 -0.0273688 0.059608 0.00103111 0.00441945 0.0331626 0.0258733 0.118413 0.0166194 0.0198131 0.0258853 0.124696 0.0154586 -0.0885423 -0.000246433 -0.0322668 -2.76812e-06 0.079544 0.0274095 0.0363558 0.125541 0.0171701 -0.0763987 -0.0224307 0.0232895
internal_weight=463500 150000 328 306 285 195 90 155 149672 40972 1072 1034 94 940 66 901 86 815 84 108700 821 107879 123 731 673 86 49 58 746 587
internal_count=463500 150000 328 306 285 195 90 155 149672 40972 1072 1034 94 940 66 901 86 815 84 108700 821 107879 123 731 673 86 49 58 746 587
cat_boundaries=0 1
cat_threshold=6
is_linear=0
shrinkage=0.05


Tree=129
num_leaves=31
num_cat=0
split_feature=10 13 10 9 10 14 2 17 12 11 10 8 10 2 9 12 9 11 14 14 13 11 14 14 15 1 2 9 13 2
split_gain=113.41 681.986 451.192 392.506 204.103 644.203 684.892 640.67 523.603 488.415 473.641 597.816 318.126 209.193 161.852 964.2 247.829 190.319 219.127 150.96 251.494 168.668 468.002 311.137 438.648 479.868 420.756 286.409 476.407 263.622
threshold=71.500000000000014 46.071428571428577 64.500000000000014 58.500000000000007 44.500000000000007 26.214285714285719 6.5000000000000009 0.043849315068493329 9.5000000000000018 42.500000000000007 41.500000000000007 1.0000000180025095e-35 52.500000000000007 6.5000000000000009 64.500000000000014 21.500000000000004 57.500000000000007 67.500000000000014 42.214285714285722 39.250000000000007 38.071428571428577 52.500000000000007 28.892857142857146 30.750000000000004 31.571428571428573 3.5000000000000004 2.5000000000000004 40.500000000000007 16.214285714285719 5.0000000000000009
decision_type=2 2 2 2 2 2 2 2 2 2 2 2 2 2 2 2 2 2 2 2 2 2 2 2 2 2 2 2 2 2
left_child=2 -2 4 -3 10 6 -6 8 -7 13 14 -12 -11 -10 16 -16 17 18 19 20 21 23 -23 24 27 -26 -25 -1 -29 -30
right_child=1 3 -4 -5 5 7 -8 -9 9 12 11 -13 -14 -15 15 -17 -18 -19 -20 -21 -22 22 -24 26 25 -27 -28 28 29 -31
leaf_value=7.7797567599691556e-06 -0.26625035072748482 0.2127532768817175 0.19722367997827203 -0.089455107938159598 0.32616654407410395 -0.37087298797612844 -0.073036877269094636 0.089933690408037781 -0.31882274913787845 0.1413999488891062 0.01605703548805134 0.34066895706498107 -0.10238785081892275 -0.10987876757331516 -0.14912010777741672 0.33596823272250953 -0.16782024387608876 -0.1303521984123758 0.12007092814892531 -0.13097413321110338 0.15858580243587495 -0.062142203612761064 0.26785257089705694 0.09945873203484909 -0.000218305674691995 0.32307207665660165 -0.14425280728413689 0.11305022686719896 -0.27594434988719446 -0.074738196501644649
leaf_weight=462683 26 21 29 22 21 22 22 36 25 23 37 23 32 23 20 21 22 28 38 22 25 22 21 23 24 22 77 22 27 41
leaf_count=462683 26 21 29 22 21 22 22 36 25 23 37 23 32 23 20 21 22 28 38 22 25 22 21 23 24 22 77 22 27 41
internal_value=3.11181e-08 -0.0640971 9.57451e-06 0.058135 -2.76728e-06 -0.0500044 0.121923 -0.0959229 -0.14945 -0.102155 1.92543e-05 0.140492 -0.000440225 -0.218704 1.05593e-06 0.0993398 -7.73896e-06 2.33563e-07 8.11585e-06 -1.73793e-06 4.48556e-06 -4.07785e-06 0.099018 -1.32759e-05 5.77817e-06 0.154399 -0.0881992 -9.56862e-06 -0.0891962 -0.154629
internal_weight=463500 69 463431 43 463402 204 43 161 125 103 463198 60 55 48 463138 41 463097 463075 463047 463009 462987 462962 43 462919 462819 46 100 462773 90 68
internal_count=463500 69 463431 43 463402 204 43 161 125 103 463198 60 55 48 463138 41 463097 463075 463047 463009 462987 462962 43 462919 462819 46 100 462773 90 68
is_linear=0
shrinkage=0.05


Tree=130
num_leaves=31
num_cat=0
split_feature=12 11 13 13 9 15 13 2 13 14 9 1 14 2 14 14 10 9 1 9 10 12 12 2 9 15 14 14 14 10
split_gain=111.79 112.674 547.792 731.804 894.51 348.421 350.933 318.599 347.754 511.059 694.152 304.346 428.818 299.056 344.332 313.387 287.659 266.227 409.35 349.72 490.949 411.301 737.455 1031.11 651.702 599.172 471.355 353.149 326.732 589.555
threshold=94.500000000000014 20.500000000000004 50.071428571428577 39.071428571428577 55.500000000000007 8.1607142857142865 2.9285714285714293 9.5000000000000018 14.500000000000002 18.964285714285719 13.500000000000002 2.5000000000000004 28.035714285714288 9.5000000000000018 5.2500000000000009 6.6785714285714297 22.500000000000004 2.5000000000000004 5.5000000000000009 28.500000000000004 8.5000000000000018 29.500000000000004 51.500000000000007 7.5000000000000009 64.500000000000014 34.839285714285722 31.750000000000004 39.250000000000007 28.892857142857146 40.500000000000007
decision_type=2 2 2 2 2 2 2 2 2 2 2 2 2 2 2 2 2 2 2 2 2 2 2 2 2 2 2 2 2 2
left_child=1 2 3 4 -1 6 -3 17 16 -10 -11 -12 -13 14 -8 -16 -9 18 -7 27 -21 24 28 -24 25 26 -22 -19 -23 -30
right_child=-2 5 -4 -5 -6 7 13 8 9 10 11 12 -14 -15 15 -17 -18 19 -20 20 21 22 23 -25 -26 -27 -28 -29 29 -31
leaf_value=-3.723464475831901e-05 -0.11535908239228386 -0.027942301167536585 -0.2554093626283464 0.21381997166201475 -0.30529605032643303 -0.12181908928446079 0.20251333994524823 -0.063109414633706312 0.13799756168653923 -0.24183275807987559 0.1085618337759605 0.042290362498412531 -0.20392411952572212 0.22294195574663936 -0.11441089138388634 0.082444866350100898 -0.25972325588975637 0.034200468583633736 0.098984636995812947 0.19813251787424088 -0.12547017239596484 -0.07885291606187822 -0.28130606922664142 0.092112474112461012 0.16807613165482232 -0.32249147840614978 0.086154650534902302 0.21791915899073638 0.30165051445364954 0.041382711909034038
leaf_weight=461384 21 67 21 40 24 76 35 163 56 33 52 48 28 42 30 62 21 838 29 25 106 20 38 36 23 29 35 27 36 55
leaf_count=461384 21 67 21 40 24 76 35 163 56 33 52 48 28 42 30 62 21 838 29 25 106 20 38 36 23 29 35 27 36 55
internal_value=2.95593e-08 5.25642e-06 -4.61946e-05 -3.45733e-05 -5.31126e-05 0.0118177 0.0688926 0.0042249 -0.0349834 0.00789244 -0.0373615 0.0153537 -0.0484202 0.107283 0.0690332 0.0182528 -0.085549 0.0156761 -0.0608352 0.0220118 -0.0164585 -0.0306511 0.0226207 -0.099643 -0.0817146 -0.11551 -0.0729392 0.039935 0.10413 0.144346
internal_weight=463500 463479 461469 461448 461408 2010 236 1774 401 217 161 128 76 169 127 92 184 1373 105 1268 403 378 185 74 193 170 141 865 111 91
internal_count=463500 463479 461469 461448 461408 2010 236 1774 401 217 161 128 76 169 127 92 184 1373 105 1268 403 378 185 74 193 170 141 865 111 91
is_linear=0
shrinkage=0.05


Tree=131
num_leaves=31
num_cat=1
split_feature=15 5 14 2 13 9 1 13 16 1 15 1 10 12 13 9 1 15 9 0 13 14 12 16 14 14 11 8 15 2
split_gain=107.954 128.198 250.523 210.717 623.932 496.051 370.979 218.138 206.988 189.43 219.119 172.779 459.311 481.136 413.894 343.057 266.244 556.738 471.503 438.454 406.605 327.315 321.249 304.656 559.347 1261.77 550.426 462.757 315.484 305.714
threshold=1.0000000180025095e-35 1.0000000180025095e-35 34.357142857142868 10.500000000000002 3.785714285714286 37.500000000000007 6.5000000000000009 10.928571428571431 0.93500000000000016 5.5000000000000009 0.80357142857142871 2.5000000000000004 56.500000000000007 51.500000000000007 41.642857142857146 81.500000000000014 5.5000000000000009 5.9107142857142874 5.5000000000000009 0 12.214285714285717 0.60714285714285732 13.500000000000002 4.9750000000000005 36.035714285714292 25.607142857142861 2.5000000000000004 1.0000000180025095e-35 23.089285714285719 1.5000000000000002
decision_type=2 2 2 2 2 2 2 2 2 2 2 2 2 2 2 2 2 2 2 1 2 2 2 2 2 2 2 2 2 2
left_child=-1 11 3 5 9 -3 8 -8 -6 -5 -11 12 14 -14 -2 16 17 20 -18 22 -13 -21 -20 29 25 26 -25 -26 -28 -19
right_child=1 2 -4 4 6 -7 7 -9 -10 10 -12 15 13 -15 -16 -17 18 23 19 21 -22 -23 -24 24 27 -27 28 -29 -30 -31
leaf_value=-0.0023171940725912896 0.0021227863998012301 -0.0012678376619756323 0.16575008955868809 0.002546860359192596 -0.13233012236654759 0.24184669341359821 -0.11934413849920422 -0.30468067139387134 -0.024790870874809724 -0.0064453962151294663 -0.037824718555272335 -0.00088307319856130407 0.26903733087308485 0.001031199557816281 -0.21987362333706451 -0.2072462797164917 0.0010477742953701932 -0.060062194258847602 0.070751514490731429 0.20775622892237844 0.21408542919565332 0.0098662163439941618 -0.019751567537544156 0.24919772258400918 -0.00632588887536848 0.41088137762113058 0.019887657052060765 -0.2847915190756321 -0.15454884937831337 -0.016220179888674403
leaf_weight=45345 110994 24302 22 2488 55 21 77 20 240 1663 836 161672 33 34 21 20 104677 431 557 21 22 4209 119 25 37 22 349 25 28 5135
leaf_count=45345 110994 24302 22 2488 55 21 77 20 240 1663 836 161672 33 34 21 20 104677 431 557 21 22 4209 119 25 37 22 349 25 28 5135
internal_value=2.80852e-08 0.000251309 -0.00291348 -0.00303841 -0.0119938 -0.00105794 -0.0727323 -0.157558 -0.0448406 -0.00721948 -0.0169428 0.000493489 0.00215978 0.133034 0.00208079 -0.000173882 -0.000158949 -0.0014111 0.00175781 0.0169074 -0.000853825 0.0108231 0.0540206 -0.0163002 0.0216644 0.0421763 0.0219984 -0.11861 0.00693216 -0.0196151
internal_weight=463500 418155 29724 29702 5379 24323 392 97 295 4987 2499 388431 111082 67 111015 277349 277329 167746 109583 4906 161694 4230 676 6052 486 424 402 62 377 5566
internal_count=463500 418155 29724 29702 5379 24323 392 97 295 4987 2499 388431 111082 67 111015 277349 277329 167746 109583 4906 161694 4230 676 6052 486 424 402 62 377 5566
cat_boundaries=0 1
cat_threshold=1
is_linear=0
shrinkage=0.05


Tree=132
num_leaves=31
num_cat=0
split_feature=10 13 10 9 14 9 11 9 14 10 13 12 15 9 1 10 10 13 9 10 13 15 14 9 11 14 11 1 9 11
split_gain=107.361 624.991 403.078 389.543 185.495 730.607 283.192 511.359 264.623 179.46 139.684 158.063 459.945 666.799 250.216 175.868 368.579 272.259 730.474 201.71 149.083 537.166 404.591 369.107 183.949 540.215 489.998 397.028 245.811 222.449
threshold=71.500000000000014 47.500000000000007 64.500000000000014 58.500000000000007 48.571428571428577 38.500000000000007 62.500000000000007 54.500000000000007 45.107142857142868 56.500000000000007 48.142857142857146 54.500000000000007 18.446428571428573 10.500000000000002 3.5000000000000004 44.500000000000007 41.500000000000007 26.214285714285719 29.500000000000004 49.500000000000007 36.642857142857146 31.571428571428573 33.178571428571438 24.500000000000004 39.500000000000007 28.035714285714288 41.500000000000007 1.5000000000000002 55.500000000000007 34.500000000000007
decision_type=2 2 2 2 2 2 2 2 2 2 2 2 2 2 2 2 2 2 2 2 2 2 2 2 2 2 2 2 2 2
left_child=2 -2 4 -3 8 -6 7 -7 9 10 11 15 -13 -14 -15 16 20 -17 -19 -20 22 -22 24 -24 28 26 -26 -28 29 -1
right_child=1 3 -4 -5 5 6 -8 -9 -10 -11 -12 12 13 14 -16 17 -18 18 19 -21 21 -23 23 -25 25 -27 27 -29 -30 -31
leaf_value=1.8869665440574164e-06 -0.25004746047434984 0.21799434676766394 0.18641192399222276 -0.086897597936066717 -0.30862979105052851 0.22376582688755461 -0.13960320721987798 -0.083961655530664661 0.14850646776457629 0.1132175555399486 -0.13214088536798954 -0.13512168993120607 0.36054295677514303 0.11476786972747909 -0.096356603503227237 -0.20626094157879171 0.15571313218066568 0.23660580918192864 -0.23009434329426806 -0.018324308207427916 0.23642016890059625 -0.073293513059616094 -0.27129495991035724 -0.024063412741654452 0.1975776791228343 0.27225397160897652 0.15563837012106724 -0.082391653539136411 -0.14558975333026772 -0.070472031926120893
leaf_weight=462564 27 20 29 22 24 27 23 27 30 35 20 23 21 36 23 26 38 20 23 22 28 28 26 36 29 24 22 86 29 112
leaf_count=462564 27 20 29 22 24 27 23 27 30 35 20 23 21 36 23 26 38 20 23 22 28 28 26 36 29 24 22 86 29 112
internal_value=2.66804e-08 -0.0623644 9.31208e-06 0.058289 -2.35311e-06 -0.0677552 0.00732258 0.0699021 1.24171e-05 2.80105e-06 -5.75294e-06 -4.78231e-08 0.0619325 0.118586 0.0324651 -1.38221e-05 -1.62463e-07 -0.0695162 -0.0148183 -0.126562 -1.29428e-05 0.0815633 -2.2811e-05 -0.127741 -5.70342e-06 0.0534299 0.0150957 -0.0339041 -2.42965e-05 -1.51727e-05
internal_weight=463500 69 463431 42 463402 101 77 54 463301 463271 463236 463216 103 80 59 463113 463022 91 65 45 462984 56 462928 62 462866 161 137 108 462705 462676
internal_count=463500 69 463431 42 463402 101 77 54 463301 463271 463236 463216 103 80 59 463113 463022 91 65 45 462984 56 462928 62 462866 161 137 108 462705 462676
is_linear=0
shrinkage=0.05


Tree=133
num_leaves=31
num_cat=0
split_feature=6 13 10 14 12 12 16 16 13 9 9 14 9 9 14 15 12 9 10 14 13 14 13 9 16 14 10 9 9 15
split_gain=105.678 308.16 490.124 254.355 208.057 606.705 2280.81 410.97 227.844 213.179 415.211 332.225 624.576 837.007 205.678 257.732 344.98 183.772 600.386 323.801 339.86 677.889 286.01 217.088 507.914 339.484 568.164 231.357 259.68 517.002
threshold=1.0000000180025095e-35 61.500000000000007 73.500000000000014 1.1071428571428574 60.500000000000007 49.500000000000007 4.9750000000000005 1.3150000000000002 52.642857142857146 64.500000000000014 50.500000000000007 36.035714285714292 36.500000000000007 23.500000000000004 33.178571428571438 31.571428571428573 31.500000000000004 51.500000000000007 33.500000000000007 48.571428571428577 41.642857142857146 31.750000000000004 56.928571428571438 40.500000000000007 0.9850000000000001 26.750000000000004 25.500000000000004 36.500000000000007 28.500000000000004 20.214285714285719
decision_type=2 2 2 2 2 2 2 2 2 2 2 2 2 2 2 2 2 2 2 2 2 2 2 2 2 2 2 2 2 2
left_child=1 2 4 -2 5 8 -7 -6 9 10 11 14 13 -13 15 -1 -17 19 -19 20 21 23 -20 25 -25 27 -27 28 -5 -30
right_child=3 -3 -4 17 7 6 -8 -9 -10 -11 -12 12 -14 -15 -16 16 -18 18 22 -21 -22 -23 -24 24 -26 26 -28 -29 29 -31
leaf_value=-0.00053993720615818426 -0.0001218816552509356 0.17160663375487695 -0.21355743520651704 0.0047306505304943736 0.022876946089996231 -0.089734094422310604 0.50502380083004639 -0.23004200211886705 -0.1299588797723546 0.16271715968847278 -0.15963326289159496 0.010860444329403064 -0.089016415604523252 0.41235931456089026 -0.12931717413087046 0.20696064707110909 -0.043766365435136401 0.27006318146983782 -0.16898916125297547 -0.17544693727046254 0.2056467565042632 -0.19631840668263889 0.092262551188468933 -0.29065571472048762 0.061417015961238323 0.30557979957386849 -0.0084157758995014095 0.17051798403263094 -0.0030772894718929344 -0.24535877329687916
leaf_weight=313052 111334 26 27 38281 36 40 27 29 34 20 41 27 28 25 31 34 23 27 20 25 21 42 22 20 21 25 34 21 76 31
leaf_count=313052 111334 26 27 38281 36 40 27 29 34 20 41 27 28 25 31 34 23 27 20 25 21 42 22 20 21 25 34 21 76 31
internal_value=2.53387e-08 -0.000522208 -0.000536485 0.00109149 -0.000518136 -0.000499583 0.149944 -0.0899638 -0.000531755 -0.000517708 -0.00052813 -0.000507303 0.101372 0.203889 -0.000533331 -0.00052058 0.10579 0.00458526 0.0861116 0.00443951 0.00455611 0.00444657 -0.032143 0.00466553 -0.110326 0.00478809 0.124633 0.004604 0.00451323 -0.073271
internal_weight=463500 313500 313474 150000 313447 313382 67 65 313315 313281 313261 313220 80 52 313140 313109 57 38666 69 38597 38572 38551 42 38509 41 38468 59 38409 38388 107
internal_count=463500 313500 313474 150000 313447 313382 67 65 313315 313281 313261 313220 80 52 313140 313109 57 38666 69 38597 38572 38551 42 38509 41 38468 59 38409 38388 107
is_linear=0
shrinkage=0.05


Tree=134
num_leaves=31
num_cat=2
split_feature=0 16 10 17 12 13 7 2 14 15 16 8 13 12 14 13 15 12 11 15 15 2 11 1 9 16 0 9 16 9
split_gain=101.373 222.144 355.529 499.07 1539.46 756.153 670.928 461.181 422.045 513.982 865.234 507.51 693.854 476.507 354.765 286.8 480.655 410.725 313.606 369.73 318.029 297.847 285.396 476.107 390.248 278.586 266.413 582.536 788.585 783.728
threshold=0 1.0400000000000003 73.500000000000014 0.043849315068493329 5.5000000000000009 33.071428571428577 1.0000000180025095e-35 7.5000000000000009 24.535714285714288 24.375000000000004 0.9850000000000001 1.0000000180025095e-35 34.214285714285722 36.500000000000007 26.750000000000004 4.9285714285714297 1.7321428571428574 46.500000000000007 15.500000000000002 5.8392857142857144 3.3035714285714293 9.5000000000000018 19.500000000000004 2.5000000000000004 35.500000000000007 0.72000000000000008 1 30.500000000000004 0.24000000000000002 42.500000000000007
decision_type=1 2 2 2 2 2 2 2 2 2 2 2 2 2 2 2 2 2 2 2 2 2 2 2 2 2 1 2 2 2
left_child=-1 2 3 8 -5 6 -6 -7 9 15 -11 13 14 22 -13 18 -17 26 -2 20 -20 -22 24 -24 -10 -21 27 -18 29 -29
right_child=1 -3 -4 4 5 7 -8 -9 11 10 -12 12 -14 -15 -16 16 17 -19 19 25 21 -23 23 -25 -26 -27 -28 28 -30 -31
leaf_value=-0.0013014956606025353 0.0063214786871779493 1.764313653040829e-05 -0.19215440516886506 0.37452628749447903 0.32029756300391687 -0.17594083561562002 -0.036120927317634874 0.034409092967970331 -0.079444930581923798 -0.049591140138606236 0.31881484739920674 -0.15967392407262446 0.26162866369749488 -0.26342756498294573 0.068835423333304266 0.23487850349573863 -0.00052059866368320165 -0.20699053528904915 -0.0071013231508499173 0.056961435519280984 0.18013660016183097 0.035398867422783815 0.049309873055009279 -0.1728352458721184 0.18722507607232294 -0.098217282107269224 -0.018013907305602907 0.11459023458883166 0.20332324152559411 -0.2730807234617797
leaf_weight=113094 23725 317912 23 37 31 48 23 57 34 30 34 33 26 36 35 21 5315 25 57 61 104 54 34 83 23 55 2355 32 81 22
leaf_count=113094 23725 317912 23 37 31 48 23 57 34 30 34 33 26 36 35 21 5315 25 57 61 104 54 34 83 23 55 2355 32 81 22
internal_value=2.40796e-08 0.000420116 0.00435793 0.00449712 0.0840412 0.016444 0.16849 -0.0617509 0.00401407 0.00457161 0.146125 -0.054621 0.0419398 -0.0978435 -0.0420588 0.00428768 -0.00401018 -0.00465087 0.00699579 0.0553283 0.094144 0.130669 -0.0635847 -0.10828 0.0281588 -0.0166147 -0.00400276 0.00208083 0.104654 -0.0433498
internal_weight=463500 350406 32494 32471 196 159 54 105 32275 31971 64 304 94 210 68 31907 7851 7830 24056 331 215 158 174 117 57 116 7805 5450 135 54
internal_count=463500 350406 32494 32471 196 159 54 105 32275 31971 64 304 94 210 68 31907 7851 7830 24056 331 215 158 174 117 57 116 7805 5450 135 54
cat_boundaries=0 1 2
cat_threshold=80 37
is_linear=0
shrinkage=0.05


Tree=135
num_leaves=31
num_cat=1
split_feature=7 9 9 12 12 15 12 16 0 9 14 1 13 13 14 9 13 10 12 14 16 15 11 15 2 13 9 9 12 10
split_gain=101.083 399.098 346.54 244.101 622.743 426.213 309.564 401.732 226.926 247.017 377.453 237.491 671.252 517.047 438.231 423.13 602.685 322.737 347.641 1389.83 313.763 892.269 513.451 326.464 302.294 301.519 291.273 407.985 402.076 243.479
threshold=1.0000000180025095e-35 73.500000000000014 62.500000000000007 56.500000000000007 49.500000000000007 31.571428571428573 73.500000000000014 4.9750000000000005 0 1.0000000180025095e-35 9.8214285714285747 3.5000000000000004 46.071428571428577 22.214285714285719 19.892857142857146 47.500000000000007 30.928571428571434 6.5000000000000009 1.0000000180025095e-35 10.107142857142859 0.72000000000000008 4.1250000000000009 4.5000000000000009 21.517857142857146 8.5000000000000018 33.500000000000007 48.500000000000007 29.500000000000004 21.500000000000004 37.500000000000007
decision_type=2 2 2 2 2 2 2 2 1 2 2 2 2 2 2 2 2 2 2 2 2 2 2 2 2 2 2 2 2 2
left_child=1 2 3 4 -1 -6 7 -5 9 10 -2 12 15 20 -15 16 17 -11 19 -19 21 -13 -23 -22 26 -26 27 28 -16 -20
right_child=8 -3 -4 6 5 -7 -8 -9 -10 11 -12 13 -14 14 24 -17 -18 18 29 -21 23 22 -24 -25 25 -27 -28 -29 -30 -31
leaf_value=-0.00050999923704445104 0.00067321400632428755 -0.16253931334144192 0.1723422081306063 -0.01756310041152662 0.031990355261686171 0.34322423785924916 0.058006313643245794 -0.27211266160011294 -0.0001314449932520228 0.0094538861942774985 -0.12000866902562289 0.32594732807884957 0.25836742765137127 0.143386350274086 -0.20398408003589688 -0.18823700862435194 0.24133398204014223 0.026972444646526129 0.031555627259420557 0.42640546421919556 0.0032920387878221827 -0.094036572423170928 0.12104614359725799 0.19185976810429409 -0.10351188617448014 0.14351366110855626 0.022354582094010852 -0.29875733221686168 0.06669699368269548 -0.129491297279795
leaf_weight=313300 20216 38 29 31 22 22 27 31 108700 8126 65 29 28 20 34 26 29 98 1061 28 11244 55 56 23 30 21 21 43 23 24
leaf_count=313300 20216 38 29 31 22 22 27 31 108700 8126 65 29 28 20 34 26 29 98 1061 28 11244 55 56 23 30 21 21 43 23 24
internal_value=2.03745e-09 -0.000510751 -0.000491109 -0.0005071 -0.000483584 0.187607 -0.0833009 -0.144838 0.00106748 0.004222 0.000286432 0.00802139 0.0139189 0.00323175 -0.0781374 0.0131902 0.0137493 0.0130425 0.0371225 0.115735 0.00460134 0.0789932 0.0144736 0.00367697 -0.103896 -0.00179548 -0.14693 -0.18248 -0.0947619 0.0279933
internal_weight=463500 313500 313462 313433 313344 44 89 62 150000 41300 20281 21019 9420 11599 192 9392 9366 9337 1211 126 11407 140 111 11267 172 51 121 100 57 1085
internal_count=463500 313500 313462 313433 313344 44 89 62 150000 41300 20281 21019 9420 11599 192 9392 9366 9337 1211 126 11407 140 111 11267 172 51 121 100 57 1085
cat_boundaries=0 1
cat_threshold=6
is_linear=0
shrinkage=0.05


Tree=136
num_leaves=31
num_cat=0
split_feature=12 11 13 13 9 15 10 2 13 9 9 14 15 10 1 14 9 1 8 2 17 12 10 8 9 13 9 12 9 12
split_gain=99.2797 99.6402 499.347 614.653 806.281 297.757 341.845 279.539 322.119 461.221 481.759 417.297 363.87 271.498 263.024 291.683 262.681 249.202 868.412 396.048 271.493 543.248 525.049 473.219 411.935 327.533 495.237 525.382 310.789 293.595
threshold=94.500000000000014 20.500000000000004 50.071428571428577 39.071428571428577 55.500000000000007 8.1607142857142865 6.5000000000000009 9.5000000000000018 14.357142857142859 4.5000000000000009 18.500000000000004 18.392857142857146 19.517857142857146 22.500000000000004 2.5000000000000004 28.035714285714288 43.500000000000007 6.5000000000000009 1.0000000180025095e-35 6.5000000000000009 0.019178082191780858 1.0000000180025095e-35 49.500000000000007 1.0000000180025095e-35 60.500000000000007 33.214285714285722 33.500000000000007 24.500000000000004 54.500000000000007 40.500000000000007
decision_type=2 2 2 2 2 2 2 2 2 2 2 2 2 2 2 2 2 2 2 2 2 2 2 2 2 2 2 2 2 2
left_child=1 2 3 4 -1 6 -3 17 13 -10 11 -11 -12 -9 -14 -16 -5 20 -19 -20 22 -22 24 28 -7 26 27 -23 -24 -27
right_child=-2 5 -4 16 -6 7 -8 8 9 10 12 -13 14 -15 15 -17 -18 18 19 -21 21 25 23 -25 -26 29 -28 -29 -30 -31
leaf_value=-3.4276766508175117e-05 -0.10871280630429586 0.027954342204477942 -0.24385360167140055 0.067827537469565866 -0.28984793028794231 0.0010699855829080179 0.16468634823517456 -0.060210624611450853 0.23725679486989978 0.038659060316590166 0.19874859914697451 -0.2139963918111541 0.10517392518619698 -0.2554064017534256 0.025940785859082195 -0.19258796383555121 0.32408964268863205 0.005183248787882253 0.12620031269533294 0.41344585078103208 0.24680823980888819 -0.068997423457247881 -0.11125145615900266 0.032983616366982459 0.22020671772347256 -0.14978249408304692 0.29643167047983127 0.17380566419781865 -0.34922956850217735 0.050061297329033132
leaf_weight=461384 21 174 21 20 24 851 62 163 20 26 29 44 36 20 37 26 20 142 28 21 32 56 34 32 22 40 21 37 23 34
leaf_count=461384 21 174 21 20 24 851 62 163 20 26 29 44 36 20 37 26 20 142 28 21 32 56 34 32 22 40 21 37 23 34
internal_value=1.79256e-09 4.92752e-06 -4.34562e-05 -3.23607e-05 -4.93513e-05 0.0111132 0.0638755 0.00409407 -0.0326323 0.00842625 -0.0146879 -0.120153 0.0429882 -0.0815435 -0.00263855 -0.0642457 0.195959 0.0148204 0.0678115 0.249306 0.00625755 0.0563667 -0.00520192 -0.120892 0.00659233 0.0239511 0.077123 0.0276017 -0.207278 -0.0579624
internal_weight=463500 463479 461469 461448 461408 2010 236 1774 401 218 198 70 128 183 99 63 40 1373 191 49 1182 220 962 89 873 188 114 93 57 74
internal_count=463500 463479 461469 461448 461408 2010 236 1774 401 218 198 70 128 183 99 63 40 1373 191 49 1182 220 962 89 873 188 114 93 57 74
is_linear=0
shrinkage=0.05


Tree=137
num_leaves=31
num_cat=0
split_feature=5 14 2 14 9 1 13 16 13 15 13 8 1 15 10 14 15 14 6 11 13 13 10 12 14 14 10 2 15 13
split_gain=94.9696 230.497 168.596 577.304 418.987 366.035 208.209 140.95 422.24 700.826 509.616 879.001 467.994 350.292 306.199 284.61 558.37 404.523 1100.45 1297.8 376.864 421.5 374.724 283.696 282.62 323.888 249.401 329.277 300.954 169.704
threshold=1.0000000180025095e-35 34.357142857142868 10.500000000000002 3.3928571428571432 37.500000000000007 6.5000000000000009 10.928571428571431 0.48500000000000004 16.928571428571434 19.053571428571434 20.642857142857149 1.0000000180025095e-35 4.5000000000000009 20.214285714285719 15.500000000000002 5.1785714285714297 8.9107142857142865 9.3928571428571441 1.0000000180025095e-35 3.5000000000000004 12.214285714285717 11.214285714285717 24.500000000000004 10.500000000000002 7.9642857142857153 7.6071428571428585 15.500000000000002 7.5000000000000009 3.9821428571428577 25.071428571428573
decision_type=2 2 2 2 2 2 2 2 2 2 2 2 2 2 2 2 2 2 2 2 2 2 2 2 2 2 2 2 2 2
left_child=7 2 4 -4 -2 -5 -7 8 13 10 12 29 -10 15 -11 16 26 24 20 -20 21 23 -22 -19 25 -17 -1 28 -28 -12
right_child=1 -3 3 5 -6 6 -8 -9 9 14 11 -13 -14 -15 -16 17 -18 18 19 -21 22 -23 -24 -25 -26 -27 27 -29 -30 -31
leaf_value=0.011764364283434948 -0.0011809052710831294 0.15920288738879293 -0.0059160390654006828 -0.038754026182366119 0.22224297324816386 -0.11170062701339308 -0.28970076560974123 8.7716060858665924e-05 0.0023528878887494405 -0.3423146564203004 0.049588321447372435 0.28816087140190988 -0.2914547564218874 0.19310538138334568 -0.11532578063316834 -0.022280124193065076 0.21370711714029311 0.064423703834555063 -0.089559906870126729 0.40804021860423845 -0.19884800045263201 0.24168799271186195 0.064107332527637492 -0.12062189114444398 -0.10735755355636541 0.14206048551526282 0.06365652921653929 -0.0029491713643074037 0.33134239791404635 -0.12817587328368221
leaf_weight=4708 26957 22 5561 327 21 92 20 424179 33 24 25 31 23 26 39 912 35 53 20 38 42 21 20 34 95 31 21 40 21 29
leaf_count=4708 26957 22 5561 327 21 92 20 424179 33 24 25 31 23 26 39 912 35 53 20 38 42 21 20 34 95 31 21 40 21 29
internal_value=1.69515e-09 -0.00258504 -0.00269297 -0.0102737 -0.00100699 -0.0654739 -0.143486 0.000198158 0.00760951 -0.0631543 -0.00120723 0.0759482 -0.118318 0.00996946 -0.201798 0.00918773 0.014724 -0.0119123 0.0483931 0.236454 -0.0157689 0.0406367 -0.114024 -0.00789297 -0.0251585 -0.0168776 0.0132701 0.0997196 0.197499 -0.0458776
internal_weight=463500 33000 32978 6000 26978 439 112 430500 6321 204 141 85 56 6117 63 6091 4825 1266 228 58 170 108 62 87 1038 943 4790 82 42 54
internal_count=463500 33000 32978 6000 26978 439 112 430500 6321 204 141 85 56 6117 63 6091 4825 1266 228 58 170 108 62 87 1038 943 4790 82 42 54
is_linear=0
shrinkage=0.05


Tree=138
num_leaves=31
num_cat=0
split_feature=15 16 5 14 2 15 9 15 1 1 10 9 13 13 9 1 13 15 1 17 2 10 12 11 13 11 9 13 9 14
split_gain=93.8443 335.339 120.009 209.171 190.286 523.698 378.461 291.818 324.094 162.593 424.914 461.996 472.799 383.388 300.946 265.007 316.834 305.954 825.748 537.951 490.688 575.453 554.177 458.148 416.654 353.51 453.174 322.783 413.649 286.473
threshold=0.089285714285714288 0.21500000000000005 1.0000000180025095e-35 34.357142857142868 10.500000000000002 13.017857142857144 37.500000000000007 2.0178571428571432 5.5000000000000009 2.5000000000000004 56.500000000000007 58.500000000000007 45.785714285714292 41.642857142857146 81.500000000000014 6.5000000000000009 6.5000000000000009 8.2678571428571441 3.5000000000000004 -0.0039178082191782529 10.500000000000002 20.500000000000004 21.500000000000004 21.500000000000004 17.642857142857149 19.500000000000004 1.5000000000000002 3.5000000000000004 4.5000000000000009 14.250000000000002
decision_type=2 2 2 2 2 2 2 2 2 2 2 2 2 2 2 2 2 2 2 2 2 2 2 2 2 2 2 2 2 2
left_child=1 -1 9 4 6 7 -4 -6 -9 10 13 12 -12 -2 15 17 -17 23 19 -19 -20 25 29 24 -11 26 -22 -25 -29 -23
right_child=2 -3 3 -5 5 -7 -8 8 -10 14 11 -13 -14 -15 -16 16 -18 18 20 -21 21 22 -24 27 -26 -27 -28 28 -30 -31
leaf_value=0.20314583837985994 0.0022152500733877913 -0.0016173754882446566 -0.0012302639973311019 0.15124273991042919 -0.0053620319270937375 -0.21672966485662806 0.21113083305813019 -0.0064531544201428025 -0.071712666718215731 -0.00070203349877616731 -0.10117372911996568 0.32245085154260911 0.22218559592962267 -0.21144537045842127 -0.1940542459487915 0.0023368234561894131 0.023421501289825217 0.042723377276625896 -0.01123704628247066 -0.067770378907717727 0.24113533079624175 0.2370569039668356 0.38286085753213794 0.0029401507642534044 0.22752362772822382 -0.095908592843403251 0.02209904022523565 0.32504967621394565 0.027326438184827568 0.01088041179769096
leaf_weight=20 102000 79301 22363 22 4156 31 21 381 380 198178 26 21 20 21 20 50406 1847 126 2586 876 25 21 21 36 20 59 426 28 20 42
leaf_count=20 102000 79301 22363 22 4156 31 21 381 380 198178 26 21 20 21 20 50406 1847 126 2586 876 25 21 21 36 20 59 426 28 20 42
internal_value=1.61583e-09 -0.00156575 0.00032328 -0.00286847 -0.00299251 -0.0118659 -0.00103103 -0.0105743 -0.03904 0.000567957 0.00225394 0.128129 0.0394173 0.00217127 -0.000107713 -9.24846e-05 0.00308211 -0.000911801 -0.0142954 -0.053876 -0.00182383 0.0391569 0.16042 -0.000629524 -0.000679003 0.0191842 0.0342407 0.116116 0.200998 0.0862726
internal_weight=463500 79321 384179 27354 27332 4948 22384 4917 761 356825 102088 67 46 102021 254737 254717 52253 202464 4182 1002 3180 594 84 198282 198198 510 451 84 48 63
internal_count=463500 79321 384179 27354 27332 4948 22384 4917 761 356825 102088 67 46 102021 254737 254717 52253 202464 4182 1002 3180 594 84 198282 198198 510 451 84 48 63
is_linear=0
shrinkage=0.05


Tree=139
num_leaves=31
num_cat=1
split_feature=12 8 16 13 10 15 12 9 9 14 15 0 13 15 11 12 2 11 11 9 9 16 2 15 13 15 10 15 13 10
split_gain=97.4807 93.8224 317.791 687.203 558.504 322.393 514.58 310.562 547.532 322.707 609.465 224.204 948.611 246.175 215.863 784.343 319.789 255.072 218.975 224.299 321.182 212.915 209.641 204.588 187.872 329.693 298.892 370.884 296.284 262.546
threshold=94.500000000000014 1.0000000180025095e-35 0.21500000000000005 24.071428571428573 21.500000000000004 1.1607142857142858 1.0000000180025095e-35 3.5000000000000004 6.5000000000000009 14.392857142857144 6.7678571428571432 0 10.642857142857144 1.1250000000000002 37.500000000000007 11.500000000000002 3.5000000000000004 47.500000000000007 34.500000000000007 58.500000000000007 43.500000000000007 5.3550000000000013 7.5000000000000009 3.3750000000000004 37.214285714285722 23.089285714285719 9.5000000000000018 24.375000000000004 23.214285714285719 24.500000000000004
decision_type=2 2 2 2 2 2 2 2 2 2 2 1 2 2 2 2 2 2 2 2 2 2 2 2 2 2 2 2 2 2
left_child=1 -1 3 4 5 -3 -7 -8 -9 10 -10 12 13 -4 18 -16 -17 -18 19 20 24 -15 -19 -23 25 28 -27 -28 -13 -30
right_child=-2 2 11 -5 -6 6 7 8 9 -11 -12 14 -14 21 15 16 17 22 -20 -21 -22 23 -24 -25 -26 26 27 -29 29 -31
leaf_value=-0.00048718674319477473 -0.10772337090401424 0.24275100655853749 0.0011157078032553599 0.32015467665412212 -0.21801506394431708 -0.085159726029456553 0.00090383803017619186 0.30023943828136634 -0.069441010713577264 -0.10475733654404229 0.25379215002059941 0.00028198978669581506 0.22017559798864217 0.010302634181752703 0.35329959046095616 -0.14061019707184572 0.21058481023425149 -0.11737978969301498 -0.1247954660654068 -0.16311060062476568 0.19133923724293711 0.024678644777925637 0.090056183474973364 0.083226191592329621 -0.1341125056720697 0.25733353689312938 0.23152321963147685 0.0025074717495590449 -0.02500730284532024 -0.2208616859412619
leaf_weight=313490 21 20 8659 22 21 67 82 33 25 22 35 135537 52 4116 20 26 21 21 35 21 22 682 29 191 26 20 22 90 44 28
leaf_count=313490 21 20 8659 22 21 67 82 33 25 22 35 135537 52 4116 20 26 21 21 35 21 22 682 29 191 26 20 22 90 44 28
internal_value=1.53887e-09 4.88243e-06 0.00103335 0.0502705 0.0308035 0.049202 0.0345392 0.075249 0.12826 0.0590493 0.119112 0.00092577 0.00701989 0.0062129 0.000311166 0.0681971 0.00941309 0.0643512 0.000252721 0.000284947 0.000310217 0.0150597 0.00293307 0.037488 0.000279262 0.000305003 0.0792868 0.0474927 0.000228124 -0.101173
internal_weight=463500 463479 149989 327 305 284 264 197 115 82 60 149662 13700 13648 135962 117 97 71 135845 135810 135789 4989 50 873 135767 135741 132 112 135609 72
internal_count=463500 463479 149989 327 305 284 264 197 115 82 60 149662 13700 13648 135962 117 97 71 135845 135810 135789 4989 50 873 135767 135741 132 112 135609 72
cat_boundaries=0 1
cat_threshold=2
is_linear=0
shrinkage=0.05


Tree=140
num_leaves=31
num_cat=0
split_feature=10 13 9 10 10 14 13 17 12 11 10 8 10 2 9 12 9 11 11 14 15 14 12 11 9 9 13 15 14 9
split_gain=89.3263 510.936 355.617 322.928 153.784 606.147 608.24 527.984 439.823 438.727 383.726 509.446 281.451 185.919 155.525 774.79 178.16 151.361 181.205 482.472 159.127 411.348 353.246 433.508 165.828 243.045 883.807 352.247 276.385 263.944
threshold=71.500000000000014 47.500000000000007 58.500000000000007 64.500000000000014 44.500000000000007 26.214285714285719 23.785714285714288 0.043849315068493329 9.5000000000000018 42.500000000000007 41.500000000000007 1.0000000180025095e-35 52.500000000000007 6.5000000000000009 64.500000000000014 21.500000000000004 57.500000000000007 67.500000000000014 52.500000000000007 29.821428571428573 34.839285714285722 36.035714285714292 51.500000000000007 34.500000000000007 51.500000000000007 40.500000000000007 29.500000000000004 17.553571428571434 33.178571428571438 37.500000000000007
decision_type=2 2 2 2 2 2 2 2 2 2 2 2 2 2 2 2 2 2 2 2 2 2 2 2 2 2 2 2 2 2
left_child=3 -2 -3 4 10 6 -6 8 -7 13 14 -12 -11 -10 16 -16 17 18 20 -20 21 24 23 -22 25 28 27 -27 29 -1
right_child=1 2 -4 -5 5 7 -8 -9 9 12 11 -13 -14 -15 15 -17 -18 -19 19 -21 22 -23 -24 -25 -26 26 -28 -29 -30 -31
leaf_value=1.7463943987868887e-06 -0.22658159214037435 0.20479691103100778 -0.08651572628454729 0.16685230358792791 -0.051990266468213954 -0.33947495967149738 0.32502831727266313 0.080775770669182151 -0.2980388000160456 0.13662401372971741 0.011584857508942888 0.31124576589335567 -0.092681017587892711 -0.10106028175872306 -0.12534458220005038 0.30949522150414333 -0.14229093913666227 -0.11624876371185695 -0.075502389545241994 0.225269057204326 -0.0197638386633338 0.18213721331088775 0.11239432834443593 -0.27778127284858517 0.13424903834643573 -0.042380194390012373 0.21003084599971775 -0.26949518764097441 -0.16301015514450579 0.1137552916711452
leaf_weight=462684 27 20 22 29 23 22 20 36 25 23 37 23 32 23 20 21 22 28 24 30 41 31 21 27 23 31 20 38 26 51
leaf_count=462684 27 20 22 29 23 22 20 36 25 23 37 23 32 23 20 21 22 28 24 30 41 31 21 27 23 31 20 38 26 51
internal_value=1.45812e-09 -0.0568857 0.0522046 8.47114e-06 -1.97006e-06 -0.0434045 0.123367 -0.0879461 -0.136538 -0.0931922 1.71451e-05 0.126455 0.00321018 -0.203653 7.6501e-07 0.0973782 -7.85624e-06 -1.09659e-06 5.9328e-06 0.0915929 -4.74921e-06 8.1038e-06 -0.0668554 -0.122212 -4.09394e-06 -1.07653e-05 -0.0826291 -0.167458 5.12421e-06 1.42837e-05
internal_weight=463500 69 42 463431 463402 204 43 161 125 103 463198 60 55 48 463138 41 463097 463075 463047 54 462993 462904 89 68 462873 462850 89 69 462761 462735
internal_count=463500 69 42 463431 463402 204 43 161 125 103 463198 60 55 48 463138 41 463097 463075 463047 54 462993 462904 89 68 462873 462850 89 69 462761 462735
is_linear=0
shrinkage=0.05


Tree=141
num_leaves=31
num_cat=1
split_feature=12 1 12 10 10 13 10 0 14 14 16 1 9 10 9 12 10 9 13 14 15 12 17 15 11 12 13 15 1 16
split_gain=92.9131 91.3939 315.122 462.999 684.585 265.611 322.267 195.589 261.806 345.947 295.729 279.507 244.712 239.112 387.689 297.729 217.585 436.824 214.063 272.517 231.159 224.119 209.445 198.057 554.112 406.996 526.118 601.202 453.99 443.621
threshold=94.500000000000014 3.5000000000000004 73.500000000000014 73.500000000000014 64.500000000000014 52.642857142857146 56.500000000000007 0 7.7500000000000009 7.0357142857142865 21.155000000000005 1.5000000000000002 18.500000000000004 48.500000000000007 49.500000000000007 28.500000000000004 41.500000000000007 25.500000000000004 19.071428571428573 16.035714285714288 13.589285714285717 12.500000000000002 0.019178082191780858 12.589285714285717 6.5000000000000009 26.500000000000004 24.071428571428573 20.214285714285719 2.5000000000000004 1.655
decision_type=2 2 2 2 2 2 2 1 2 2 2 2 2 2 2 2 2 2 2 2 2 2 2 2 2 2 2 2 2 2
left_child=1 2 3 4 5 6 7 13 9 -9 18 -12 -13 14 16 -16 23 -18 19 20 22 -20 -10 -1 -25 26 -26 -28 29 -27
right_child=-2 -3 -4 -5 -6 -7 -8 8 10 -11 11 12 -14 -15 15 -17 17 -19 21 -21 -22 -23 -24 24 25 28 27 -29 -30 -31
leaf_value=0.0026949425061083498 -0.10516931641669501 -0.00060556520433992797 0.15770393984857947 -0.18938632397912444 0.2862817088762919 -0.17702407259494068 0.1879561634167381 -0.00053415558703401073 -0.023055342192416724 0.064165948284115051 -0.060958642343228508 0.21546860411763191 0.03692306763813144 -0.12126986934588507 0.043344133491477664 0.29078391030430795 0.27691280008071945 -0.049592703282833106 -0.24801156042764583 0.094089831239203128 -0.13598104278623527 -0.047202285040508621 -0.14402415368301599 -0.12502621357413854 -0.037046351443387686 0.035776275669923051 0.33859639421105386 0.013290602440128522 -0.084135123965691561 0.20450389168358277
leaf_weight=88910 21 263997 32 32 21 21 23 108046 613 207 44 28 61 39 31 20 21 20 24 41 56 33 38 110 709 128 20 49 49 56
leaf_count=88910 21 263997 32 32 21 21 23 108046 613 207 44 28 61 39 31 20 21 20 24 41 56 33 38 110 709 128 20 49 49 56
internal_value=1.38501e-09 4.76655e-06 0.000812487 0.000787315 0.000817832 0.000787768 0.000806496 0.000784904 -0.00063828 -0.000410437 -0.0269401 0.0421297 0.0930947 0.00250825 0.00256209 0.140379 0.00248406 0.117642 -0.0383516 -0.0312341 -0.0385018 -0.131754 -0.0301165 0.00243161 -0.0184537 -0.00685829 -0.0242194 0.107582 0.0511114 0.0871282
internal_weight=463500 463479 199482 199450 199418 199397 199376 199353 109191 108253 938 133 89 90162 90123 51 90072 41 805 748 707 57 651 90031 1121 1011 778 69 233 184
internal_count=463500 463479 199482 199450 199418 199397 199376 199353 109191 108253 938 133 89 90162 90123 51 90072 41 805 748 707 57 651 90031 1121 1011 778 69 233 184
cat_boundaries=0 1
cat_threshold=38
is_linear=0
shrinkage=0.05


Tree=142
num_leaves=31
num_cat=0
split_feature=16 10 10 15 9 14 13 15 10 10 10 13 11 12 12 1 12 9 8 9 14 9 14 10 9 1 13 12 12 9
split_gain=88.697 293.982 408.26 249.733 1025.24 644.777 496.439 396.768 349.863 544.257 220.2 348.432 322.828 337.127 468.544 216.292 417.457 346.559 267.222 321.912 181.774 652.578 576.113 385.665 298.151 225.339 215.855 221.374 211.653 311.126
threshold=3.9500000000000006 73.500000000000014 66.500000000000014 19.053571428571434 9.5000000000000018 33.178571428571438 9.9285714285714306 20.214285714285719 7.5000000000000009 15.500000000000002 79.500000000000014 60.428571428571438 16.500000000000004 58.500000000000007 48.500000000000007 5.5000000000000009 17.500000000000004 30.500000000000004 1.0000000180025095e-35 26.500000000000004 24.535714285714288 51.500000000000007 24.178571428571434 14.500000000000002 5.5000000000000009 4.5000000000000009 45.785714285714292 1.0000000180025095e-35 46.500000000000007 10.500000000000002
decision_type=2 2 2 2 2 2 2 2 2 2 2 2 2 2 2 2 2 2 2 2 2 2 2 2 2 2 2 2 2 2
left_child=1 2 20 -2 5 6 -5 -6 -9 -10 11 12 -11 14 15 16 -14 -17 19 -18 21 22 28 25 -25 -22 27 -26 -1 -30
right_child=3 -3 -4 4 7 -7 -8 8 9 10 -12 -13 13 -15 -16 17 18 -19 -20 -21 23 -23 -24 24 26 -27 -28 -29 29 -31
leaf_value=0.00067137592022843879 -0.00083064683450893818 -0.16748367874668196 0.22654914047801866 0.16856416540220381 0.19587439602384202 -0.0029903626441955566 0.52085640013217926 -0.19956598986278884 0.2134271995260798 -0.13307878418803909 0.14785615459084511 -0.20220786270499233 0.21933098903724124 -0.13739760241681528 0.26940126180648805 -0.18157843117912612 -0.044362474363800641 0.087121846601367001 -0.11569202560367008 0.1704352569399458 -0.03069159258157015 0.24206841650551986 0.24068309330940246 -0.19469093856486408 -0.1325748763150639 -0.24736093409359455 0.15032418320576352 -0.003205842781454105 -0.010308323216370562 -0.23723470737104832
leaf_weight=250121 212221 26 20 20 26 20 20 22 29 43 20 25 28 31 20 30 37 20 33 33 20 28 25 22 36 30 21 406 44 23
leaf_count=250121 212221 26 20 20 26 20 20 22 29 43 20 25 28 31 20 30 37 20 33 33 20 28 25 22 36 30 21 406 44 23
internal_value=1.31705e-09 0.000636911 0.00065434 -0.000751139 0.0361706 0.22881 0.34471 0.00705636 -0.00617617 0.0060146 -0.0127822 -0.0234914 -0.00724444 0.0160783 0.0397487 0.0143727 0.0481403 -0.0740983 0.00160306 0.0568993 0.000636325 0.000698568 0.000671557 -0.0284772 -0.0148467 -0.160693 -0.00630121 -0.0137427 0.000647574 -0.0882084
internal_weight=463500 250822 250796 212678 457 60 40 397 371 349 320 300 275 232 201 181 131 50 103 70 250776 250241 250213 535 485 50 463 442 250188 67
internal_count=463500 250822 250796 212678 457 60 40 397 371 349 320 300 275 232 201 181 131 50 103 70 250776 250241 250213 535 485 50 463 442 250188 67
is_linear=0
shrinkage=0.05


Tree=143
num_leaves=31
num_cat=0
split_feature=15 6 13 10 12 16 13 14 10 9 13 13 11 12 11 1 11 14 15 9 11 10 9 9 12 13 1 17 12 12
split_gain=85.8475 99.2714 272.272 414.933 194.628 513.437 587.6 621.876 518.427 476.663 376.662 385.768 380.081 476.421 377.051 549.306 352.482 297.064 258.311 293.322 263.38 247.668 217.184 324.655 232.777 212.006 195.242 192.544 180.857 498.743
threshold=1.0000000180025095e-35 1.0000000180025095e-35 61.500000000000007 75.500000000000014 12.500000000000002 0.69000000000000006 18.214285714285719 10.250000000000002 8.5000000000000018 56.500000000000007 23.214285714285719 21.785714285714288 4.5000000000000009 3.5000000000000004 29.500000000000004 4.5000000000000009 55.500000000000007 6.5357142857142865 3.5892857142857149 5.5000000000000009 2.5000000000000004 23.500000000000004 26.500000000000004 24.500000000000004 5.5000000000000009 16.071428571428573 3.5000000000000004 0.037849315068492879 60.500000000000007 49.500000000000007
decision_type=2 2 2 2 2 2 2 2 2 2 2 2 2 2 2 2 2 2 2 2 2 2 2 2 2 2 2 2 2 2
left_child=-1 2 3 28 10 6 7 8 17 16 11 14 -12 -14 21 -16 27 18 -6 20 -20 22 23 -3 26 -23 -24 -7 29 -2
right_child=1 4 -4 -5 5 9 -8 -9 -10 -11 12 -13 13 -15 15 -17 -18 -19 19 -21 -22 25 24 -25 -26 -27 -28 -29 -30 -31
leaf_value=-0.0020663914532324779 -0.00031875292807761752 0.0011731844224123714 0.16148703514168472 -0.21268527883550395 -0.075470368355512629 0.0108407415915936 -0.11649895858380102 0.29673323050523415 0.27989534999315557 0.17995572839027796 -0.27793537293277354 0.21546828629715101 0.13407980824510257 -0.15195832256529784 -0.021315653233424478 0.33238019269137159 -0.166753524368008 -0.13660098271710533 0.28311869395630701 -0.014720478202357438 0.074626102908091116 -0.039693560958322549 -0.046060413420200348 0.17144707620942168 0.010746122634894141 -0.22024841202156886 -0.25966590383778448 -0.06418211713924514 -0.083698869553896105 0.13611513246406814
leaf_weight=45345 282927 132880 26 23 25 1421 31 39 26 39 23 21 24 37 23 21 30 21 28 33 33 72 20 28 37 21 23 91 65 67
leaf_count=45345 282927 132880 26 23 25 1421 31 39 26 39 23 21 24 37 23 21 30 21 28 33 33 72 20 28 37 21 23 91 65 67
internal_value=1.25062e-09 0.000224082 -0.000308001 -0.000322862 0.00133952 0.0175933 0.0863866 0.117067 0.0748561 0.00732434 0.00111785 0.00118463 -0.104727 -0.0394187 0.00115083 0.147494 0.00295818 0.0367774 0.0673735 0.105364 0.170328 0.00110244 0.00115948 0.00120906 -0.081199 -0.080464 -0.160315 0.00632548 -0.000305606 -0.000286452
internal_weight=463500 418155 283108 283082 135047 1817 236 205 166 1581 133230 133146 84 61 133125 44 1542 140 119 94 61 133081 132988 132908 80 93 43 1512 283059 282994
internal_count=463500 418155 283108 283082 135047 1817 236 205 166 1581 133230 133146 84 61 133125 44 1542 140 119 94 61 133081 132988 132908 80 93 43 1512 283059 282994
is_linear=0
shrinkage=0.05


Tree=144
num_leaves=31
num_cat=1
split_feature=7 9 9 12 12 15 12 16 0 9 14 10 10 12 11 11 6 9 2 1 15 16 10 10 14 13 9 13 14 10
split_gain=80.1623 317.583 282.681 217.969 487.471 369.465 273.536 351.551 189.173 228.157 501.946 203.417 680.568 366.605 219.202 497.487 258.731 250.105 610.682 941.312 433.425 326.454 405.873 600.713 485.101 275.562 296.753 256.193 613.284 392.635
threshold=1.0000000180025095e-35 73.500000000000014 62.500000000000007 56.500000000000007 49.500000000000007 31.571428571428573 73.500000000000014 4.9750000000000005 0 1.0000000180025095e-35 7.2500000000000009 44.500000000000007 41.500000000000007 25.500000000000004 35.500000000000007 39.500000000000007 1.0000000180025095e-35 12.500000000000002 2.5000000000000004 1.5000000000000002 3.0535714285714293 0.72000000000000008 1.0000000180025095e-35 9.5000000000000018 3.6785714285714293 19.071428571428573 33.500000000000007 12.214285714285717 11.250000000000002 3.5000000000000004
decision_type=2 2 2 2 2 2 2 2 1 2 2 2 2 2 2 2 2 2 2 2 2 2 2 2 2 2 2 2 2 2
left_child=1 2 3 4 -1 -6 7 -5 9 10 -2 12 14 -13 17 -16 -17 21 19 -19 -20 22 -11 24 -24 -21 -27 28 -22 -29
right_child=8 -3 -4 6 5 -7 -8 -9 -10 11 -12 13 -14 -15 15 16 -18 18 20 25 27 -23 23 -25 -26 26 -28 29 -30 -31
leaf_value=-0.00045290757550390815 0.00057837365482353814 -0.14499225836051138 0.15566132782862105 -0.017473249041265057 0.021096229688687761 0.31087093678387734 0.054141460359096533 -0.25559452329912496 -0.00030508157277021376 -0.043254285812377932 -0.10150604468177667 -0.24102925399075384 0.2986518816649914 -0.0062452036204437419 -0.25025392120221146 -0.12131095245480537 0.1124531802014801 0.32319671649915671 0.22552392664163012 0.090482290293456946 0.0086671089839418271 0.0054641754315965969 0.41232962712645532 -0.057188653247430922 0.13021819699788467 -0.11624146084754894 0.11689020764260066 -0.18530545649118724 0.17370015487129636 -0.0051854977187876768
leaf_weight=313300 24877 38 29 31 22 22 27 31 100000 50 121 23 20 60 27 20 29 39 23 165 327 23388 20 32 64 39 21 32 68 555
leaf_count=313300 24877 38 29 31 22 22 27 31 100000 50 121 23 20 60 27 20 29 39 23 165 327 23388 20 32 64 39 21 32 68 555
internal_value=1.1975e-09 -0.000454837 -0.000437315 -0.000451758 -0.000429536 0.165984 -0.0786886 -0.136534 0.000950614 0.00346137 8.42455e-05 0.00683934 0.00709963 -0.0713058 0.00686544 -0.0779202 0.0170392 0.00712503 0.0287475 0.0964225 0.0109702 0.00596009 0.0758302 0.12716 0.197388 0.0571149 -0.0346454 0.00594504 0.0370779 -0.0150046
internal_weight=463500 313500 313462 313433 313344 44 89 62 150000 50000 24998 25002 24919 83 24899 76 49 24823 1269 264 1005 23554 166 116 84 225 60 982 395 587
internal_count=463500 313500 313462 313433 313344 44 89 62 150000 50000 24998 25002 24919 83 24899 76 49 24823 1269 264 1005 23554 166 116 84 225 60 982 395 587
cat_boundaries=0 1
cat_threshold=7
is_linear=0
shrinkage=0.05


Tree=145
num_leaves=31
num_cat=1
split_feature=12 1 12 10 10 13 10 10 13 13 13 0 14 14 16 1 13 13 11 9 15 11 13 15 9 15 14 16 7 13
split_gain=80.7222 82.025 285.855 385.783 607.729 240.19 298.633 173.085 534.307 528.383 512.832 170.247 245.042 288.11 244.148 246.339 238.367 194.991 194.919 180.509 180.351 176.712 236.313 327.302 191.552 209.438 352.733 306.576 165.417 311.689
threshold=94.500000000000014 3.5000000000000004 73.500000000000014 73.500000000000014 64.500000000000014 52.642857142857146 56.500000000000007 43.500000000000007 33.500000000000007 26.214285714285719 38.071428571428577 0 7.8214285714285721 7.0357142857142865 21.155000000000005 1.5000000000000002 18.928571428571434 1.0000000180025095e-35 1.0000000180025095e-35 18.500000000000004 0.94642857142857151 33.500000000000007 18.642857142857149 17.125000000000004 5.5000000000000009 13.589285714285717 14.250000000000002 0.97500000000000009 1.0000000180025095e-35 22.928571428571434
decision_type=2 2 2 2 2 2 2 2 2 2 2 1 2 2 2 2 2 2 2 2 2 2 2 2 2 2 2 2 2 2
left_child=1 2 3 4 5 6 7 10 9 -9 11 17 13 19 18 -16 -17 20 -14 -13 -1 22 24 -24 -20 26 -26 -27 -19 -30
right_child=-2 -3 -4 -5 -6 -7 -8 8 -10 -11 -12 12 14 -15 15 16 -18 28 21 -21 -22 -23 23 -25 25 27 -28 -29 29 -31
leaf_value=-0.0016975793272721578 -0.098027286075410391 -0.00057376076333357461 0.15019804833573291 -0.17284723659977319 0.26973659545183182 -0.16834357884668172 0.18091950934866202 -0.17619352300058713 -0.29634291023015974 0.1487585542530849 0.22721383059024813 -0.00042449140437781046 -0.1639971137046814 0.057055368886858984 -0.059906092116778546 0.18160284284275729 0.014897784415413352 0.0017829870722980104 -0.078698285584328453 -0.071661066540171597 -0.030378215343925472 0.11473536739125847 -0.2969564610719681 -0.043398734778165818 -0.011421971872626167 0.024304869689512999 0.19368624091148379 -0.1811209277272047 0.0064994859384965289 0.10858782902856667
leaf_weight=14942 21 263997 32 32 21 21 23 22 20 29 25 107957 29 218 44 37 51 50432 146 89 569 20 20 35 444 32 22 42 24053 75
leaf_count=14942 21 263997 32 32 21 21 23 22 20 29 25 107957 29 218 44 37 51 50432 146 89 569 20 20 35 444 32 22 42 24053 75
internal_value=7.99847e-10 4.44237e-06 0.000769644 0.000745669 0.000773525 0.000745199 0.000763009 0.000742223 -0.0773115 0.00858315 0.000770032 0.000741621 -0.000585847 -0.000367311 -0.0262534 0.0366911 0.0849897 0.00235061 -0.0367707 -0.000483171 -0.00274969 -0.0319224 -0.0358807 -0.135602 -0.0278856 -0.0141474 -0.00173875 -0.0922882 0.00341196 0.00681682
internal_weight=463500 463479 199482 199450 199418 199397 199376 199353 71 51 199282 199257 109186 108264 922 132 88 90071 790 108046 15511 761 741 55 686 540 466 74 74560 24128
internal_count=463500 463479 199482 199450 199418 199397 199376 199353 71 51 199282 199257 109186 108264 922 132 88 90071 790 108046 15511 761 741 55 686 540 466 74 74560 24128
cat_boundaries=0 1
cat_threshold=38
is_linear=0
shrinkage=0.05


Tree=146
num_leaves=31
num_cat=1
split_feature=1 5 13 15 0 10 11 12 9 11 10 6 12 9 15 2 10 14 12 9 16 10 12 10 10 16 13 10 13 9
split_gain=80.7573 265.268 544.296 310.787 256.541 255.907 255.319 240.51 267.181 516.016 318.999 267.606 258.317 246.644 237.002 221.505 212.6 307.527 298.821 293.432 287.582 282.944 269.683 210.734 203.77 200.007 218.622 198.448 589.142 432.936
threshold=6.5000000000000009 1.0000000180025095e-35 9.7857142857142865 5.8392857142857144 0 1.0000000180025095e-35 25.500000000000004 13.500000000000002 5.5000000000000009 4.5000000000000009 11.500000000000002 1.0000000180025095e-35 2.5000000000000004 5.5000000000000009 6.0892857142857144 9.5000000000000018 34.500000000000007 25.250000000000004 14.500000000000002 20.500000000000004 0.84000000000000019 19.500000000000004 21.500000000000004 17.500000000000004 13.500000000000002 0.93500000000000016 6.0714285714285721 10.500000000000002 10.785714285714286 7.5000000000000009
decision_type=2 2 2 2 1 2 2 2 2 2 2 2 2 2 2 2 2 2 2 2 2 2 2 2 2 2 2 2 2 2
left_child=-1 3 5 -2 6 -3 7 8 10 -10 14 12 -11 -9 -5 -14 17 18 20 27 24 -19 -18 -22 -6 26 -16 28 -20 -29
right_child=1 2 -4 4 16 -7 -8 13 9 11 -12 -13 15 -15 25 -17 22 21 19 -21 23 -23 -24 -25 -26 -27 -28 29 -30 -31
leaf_value=-0.00026892932589771555 0.0016581626495188356 -0.0040589447630274339 -0.2284718646057721 -0.0848605590313673 -0.043507149892464056 -0.042735558267391532 -0.088716374412179 0.11344528346218996 -0.020501344926655295 0.28223513052577065 -0.10574545684185895 0.27022579735101659 0.038725700285850151 -0.041163803939963439 0.072606612029282952 0.20872594220218837 0.22470320999049226 0.051719470694661145 0.023792645151073905 0.1793878543501099 0.0016582905017114775 -0.17767242941914538 0.0093859668708208832 0.086439395809098138 -0.22232785366830374 0.032911887463737043 0.29307556409727442 -0.15523810220616208 0.29504460474619498 0.047343460895190731
leaf_weight=397500 60893 2453 29 20 66 518 30 36 50 21 33 43 66 91 23 27 26 20 87 42 1015 41 33 79 21 47 22 35 26 107
leaf_count=397500 60893 2453 29 20 66 518 30 36 50 21 33 43 66 91 23 27 26 20 87 42 1015 41 33 79 21 47 22 35 26 107
internal_value=7.64967e-10 0.00161969 -0.0129064 0.00231141 0.0211906 -0.0108023 0.0517676 0.0616469 0.0829282 0.119387 0.0308804 0.163937 0.123846 0.00266239 0.0711363 0.0880806 0.011058 0.00755631 0.012097 0.0569287 0.000822625 -0.102462 0.104272 0.00778051 -0.0866708 0.105049 0.180391 0.036759 0.0862046 -0.00258861
internal_weight=463500 66000 3000 63000 2107 2971 509 479 352 207 145 157 114 127 112 93 1598 1539 1478 297 1181 61 59 1094 87 92 45 255 113 142
internal_count=463500 66000 3000 63000 2107 2971 509 479 352 207 145 157 114 127 112 93 1598 1539 1478 297 1181 61 59 1094 87 92 45 255 113 142
cat_boundaries=0 1
cat_threshold=9
is_linear=0
shrinkage=0.05


Tree=147
num_leaves=31
num_cat=1
split_feature=16 13 15 13 0 9 10 13 1 11 2 11 11 11 12 14 11 2 13 13 13 14 8 11 12 12 17 13 10 9
split_gain=78.8351 464.312 336.627 271.131 370.758 458.604 1408.82 621.13 513.786 369.287 372.688 439.803 445.521 340.73 340.335 358.485 327.771 444.705 499.586 337.064 299.765 269.993 495.212 260.004 245.357 239.782 294.41 356.734 331.14 244.243
threshold=0.96500000000000008 28.928571428571434 22.339285714285719 6.7857142857142865 0 30.500000000000004 22.500000000000004 14.928571428571431 3.5000000000000004 47.500000000000007 9.5000000000000018 17.500000000000004 25.500000000000004 14.500000000000002 38.500000000000007 26.750000000000004 12.500000000000002 10.500000000000002 2.785714285714286 3.3571428571428572 10.642857142857144 7.3214285714285721 1.0000000180025095e-35 36.500000000000007 6.5000000000000009 29.500000000000004 0.0047465753424658095 14.071428571428573 12.500000000000002 2.5000000000000004
decision_type=2 2 2 2 1 2 2 2 2 2 2 2 2 2 2 2 2 2 2 2 2 2 2 2 2 2 2 2 2 2
left_child=1 3 -3 16 20 9 7 -7 -9 10 14 13 -13 -12 15 23 -1 18 -18 -20 -5 -21 24 25 -23 26 29 28 -28 -6
right_child=-2 2 -4 4 5 6 -8 8 -10 -11 11 12 -14 -15 -16 -17 17 -19 19 21 -22 22 -24 -25 -26 -27 27 -29 -30 -31
leaf_value=0.0035336884936295618 -0.00016692499324480332 -0.013973961350245354 -0.22041470497846605 -0.031504941292459503 -0.064460269497889702 0.20863266193866734 0.39148691813151043 0.043338188487622477 -0.2368314206103484 -0.18035724391539892 -0.036032411663006705 -0.27331608157408865 -0.013090002022940537 0.13725524203431222 -0.149319389462471 0.22068919284003125 -0.012836332563838027 -0.047605166563756261 0.23471261262893678 0.053255766074597172 -0.13975746170750689 0.19034981212832713 0.37481228444725279 0.18232809427109631 -0.048586896700518474 0.1531230966959681 -0.10373231612973743 -0.2511170963635263 0.12624698551371694 0.021192898394994331
leaf_weight=25250 434995 39 40 740 92 25 30 36 30 30 334 38 29 31 32 21 159 117 38 246 70 22 20 22 21 28 45 23 24 873
leaf_count=25250 434995 39 40 740 92 25 30 36 30 30 334 38 29 31 32 21 159 117 38 246 70 22 20 22 21 28 45 23 24 873
internal_value=7.25843e-10 0.00254734 -0.118501 0.00288375 -0.0126616 0.000440193 0.0943443 -0.00361485 -0.0840116 -0.00656227 -0.00328724 -0.0429295 -0.160681 -0.0213148 0.0114761 0.0160377 0.00441767 0.0402453 0.0605586 0.0941891 -0.0403618 0.0769079 0.169264 0.0121554 0.0736598 0.00870487 0.00487922 -0.0805839 -0.0237395 0.013027
internal_weight=463500 28505 79 28426 2553 1743 121 91 66 1622 1592 432 67 365 1160 1128 25873 623 506 347 810 309 63 1107 43 1085 1057 92 69 965
internal_count=463500 28505 79 28426 2553 1743 121 91 66 1622 1592 432 67 365 1160 1128 25873 623 506 347 810 309 63 1107 43 1085 1057 92 69 965
cat_boundaries=0 1
cat_threshold=8
is_linear=0
shrinkage=0.05


Tree=148
num_leaves=31
num_cat=0
split_feature=9 9 14 15 2 13 10 10 10 16 9 13 13 9 13 14 16 9 16 14 13 14 1 10 13 11 10 10 11 11
split_gain=77.7791 333.574 345.003 414.137 452.719 534.322 454.071 711.902 346.5 529.933 321.406 907.502 319.654 299.891 339.699 1194.16 352 483.915 437.382 314.411 430.904 364.485 861.366 446.763 445.502 235.487 234.223 302.193 369.35 225.64
threshold=28.500000000000004 30.500000000000004 10.821428571428575 13.267857142857144 10.500000000000002 16.928571428571434 6.5000000000000009 10.500000000000002 5.5000000000000009 0.69000000000000006 27.500000000000004 23.071428571428573 16.357142857142858 78.500000000000014 28.357142857142858 24.964285714285719 1.3150000000000002 40.500000000000007 2.4750000000000005 31.750000000000004 34.500000000000007 37.821428571428577 4.5000000000000009 35.500000000000007 44.642857142857146 31.500000000000004 39.500000000000007 62.500000000000007 50.500000000000007 43.500000000000007
decision_type=2 2 2 2 2 2 2 2 2 2 2 2 2 2 2 2 2 2 2 2 2 2 2 2 2 2 2 2 2 2
left_child=10 -2 8 12 5 -5 -7 -8 9 -3 -1 -12 -4 14 15 16 17 -9 -18 20 -16 22 23 -21 29 -17 -26 28 -28 -23
right_child=1 2 3 4 -6 6 7 13 -10 -11 11 -13 -14 -15 19 25 18 -19 -20 21 -22 24 -24 -25 26 -27 27 -29 -30 -31
leaf_value=1.1167330700757272e-05 -0.087445625459076845 -0.17853590539097786 -0.019314103610813621 0.2546428599527904 -0.18611369784921408 -0.19854198760752167 0.28020775350539584 0.16223806035824312 -0.25723111869394782 0.16676817387342455 -0.0039513587707187981 0.36544550838677781 0.23126340785196853 0.14740089908722909 -0.1869783049162764 0.38957272131334653 -0.21433596067130567 -0.14026746746152638 0.038220783025026323 0.36164774804011635 0.078419993016868833 -0.070333777368068701 -0.17520428706299176 0.056299635171890267 0.13537945546209815 0.15251636743545532 -0.00017248924355953933 0.062259460103755097 -0.23225766738255818 -0.27864204255434183
leaf_weight=462501 134 25 20 21 32 28 23 39 25 20 60 23 35 31 65 22 40 20 30 23 20 26 22 25 25 20 40 49 30 26
leaf_count=462501 134 25 20 21 32 28 23 39 25 20 60 23 35 31 65 22 40 20 30 23 20 26 22 25 25 20 40 49 30 26
internal_value=6.93517e-10 -0.0145554 -0.00206526 0.00834801 -0.00268517 0.00670637 -0.00191394 0.00764437 -0.107983 -0.0250674 2.8823e-05 0.0984116 0.140144 -0.0036919 -0.0126648 0.0451231 -0.0302704 0.0596938 -0.106097 -0.0408179 -0.124532 -0.0140673 0.0838699 0.202612 -0.0490449 0.276689 -0.00374604 -0.0329741 -0.0996376 -0.174488
internal_weight=463500 916 782 712 657 625 604 576 70 45 462584 83 55 553 522 171 129 59 70 351 85 266 70 48 196 42 144 119 70 52
internal_count=463500 916 782 712 657 625 604 576 70 45 462584 83 55 553 522 171 129 59 70 351 85 266 70 48 196 42 144 119 70 52
is_linear=0
shrinkage=0.05


Tree=149
num_leaves=31
num_cat=1
split_feature=0 16 13 13 10 15 12 11 14 2 10 13 12 15 10 14 13 15 10 11 10 12 12 13 1 9 15 17 14 11
split_gain=74.3452 186.539 519.261 331.44 312.56 289.662 288.155 254.342 350.653 665.739 652.827 595.619 440.559 317.083 585.133 287.634 274.8 318.711 466.62 373.792 311.057 439.48 383.4 259.068 475.783 250.229 529.859 351.743 289.017 235.865
threshold=0 0.9850000000000001 28.071428571428573 5.0714285714285721 17.500000000000004 2.1964285714285716 5.5000000000000009 47.500000000000007 15.892857142857144 9.5000000000000018 4.5000000000000009 15.214285714285717 13.500000000000002 12.803571428571431 1.5000000000000002 17.821428571428573 21.928571428571434 18.446428571428573 15.500000000000002 11.500000000000002 20.500000000000004 22.500000000000004 14.500000000000002 25.642857142857149 4.5000000000000009 23.500000000000004 10.339285714285717 0.0047465753424658095 6.0357142857142865 21.500000000000004
decision_type=1 2 2 2 2 2 2 2 2 2 2 2 2 2 2 2 2 2 2 2 2 2 2 2 2 2 2 2 2 2
left_child=-1 2 3 -2 -4 -5 -6 8 13 10 -10 12 15 25 -15 -12 20 19 -19 -18 22 -22 -13 24 -20 28 27 -27 -7 -24
right_child=1 -3 4 5 6 7 -8 -9 9 -11 11 16 -14 14 -16 -17 17 18 23 -21 21 -23 29 -25 -26 26 -28 -29 -30 -31
leaf_value=-0.0011145898078630666 0.0081542659721339176 2.9360800695016512e-05 0.053211732224925701 0.11913565926729364 -0.044306851878310696 -0.01759416962904586 -0.23882810542980831 -0.12957681446540645 -0.17169903490160193 -0.10464642618743468 -0.021862318496341293 0.17329670790582896 0.34445089763030412 0.1883644933609859 -0.072930405029306228 0.23102154082364659 0.35933256206058323 -0.1650278009119488 0.31335622646190503 0.075712083108150044 -0.1818778319874915 0.10401122227311135 -0.13032894014780011 -0.0029103129895197023 -0.0039682814762705852 -0.071253026595754596 0.11800350424121409 -0.29551680235192185 0.0053607590773214362 0.09134313814519418
leaf_weight=113094 19528 323842 23 47 33 2200 45 41 28 71 23 40 32 23 313 22 21 21 27 26 41 20 28 36 21 139 34 20 3640 21
leaf_count=113094 19528 323842 23 47 33 2200 45 41 28 71 23 40 32 23 313 22 21 21 27 26 41 20 28 36 21 139 34 20 3640 21
internal_value=6.46107e-10 0.000359758 0.00438777 0.00481964 -0.108768 -0.00457021 -0.156531 -0.00541431 -0.00467082 0.0366321 0.0612777 0.0784897 0.202624 -0.00777064 -0.0550441 0.10177 0.0468395 0.0942199 0.0457803 0.202436 -0.00117269 -0.0881437 0.0584367 0.0984823 0.174527 -0.00513781 -0.0611523 -0.0994623 -0.00328665 -0.0353266
internal_weight=463500 350406 26564 26463 101 6935 78 6888 6847 478 407 379 77 6369 336 45 302 152 105 47 150 61 89 84 48 6033 193 159 5840 49
internal_count=463500 350406 26564 26463 101 6935 78 6888 6847 478 407 379 77 6369 336 45 302 152 105 47 150 61 89 84 48 6033 193 159 5840 49
cat_boundaries=0 1
cat_threshold=80
is_linear=0
shrinkage=0.05


Tree=150
num_leaves=31
num_cat=0
split_feature=1 13 13 13 14 13 13 13 13 15 9 14 14 11 14 11 1 14 12 9 7 15 13 11 16 2 15 1 9 13
split_gain=73.8259 173.816 555.288 772.145 729.645 343.346 402.282 324.214 340.599 470.944 306.419 217.753 384.107 309.528 521.106 420.241 328.973 362.894 228.839 195.546 194.897 174.295 377.567 606.548 347.478 412.548 370.738 309.377 618.965 418.742
threshold=3.5000000000000004 61.500000000000007 55.142857142857146 46.071428571428577 42.214285714285722 34.500000000000007 41.642857142857146 31.928571428571434 30.500000000000004 34.839285714285722 51.500000000000007 22.321428571428573 21.392857142857146 33.500000000000007 26.750000000000004 26.500000000000004 2.5000000000000004 26.750000000000004 46.500000000000007 42.500000000000007 1.0000000180025095e-35 12.410714285714286 17.785714285714288 2.5000000000000004 2.9750000000000005 9.5000000000000018 19.053571428571434 2.5000000000000004 22.500000000000004 11.642857142857144
decision_type=2 2 2 2 2 2 2 2 2 2 2 2 2 2 2 2 2 2 2 2 2 2 2 2 2 2 2 2 2 2
left_child=1 2 3 4 5 7 19 8 9 10 11 12 18 14 15 -13 17 -15 21 -7 -14 22 -1 -24 25 27 -26 29 -29 -23
right_child=-2 -3 -4 -5 -6 6 -8 -9 -10 -11 -12 13 20 16 -16 -17 -18 -19 -20 -21 -22 24 23 -25 26 -27 -28 28 -30 -31
leaf_value=0.00080949521764517643 -0.00054855404590585272 0.14811941698193551 -0.21438666363557179 0.26811074018478392 -0.26939521312713621 0.10308159738779069 -0.045301339526971185 -0.15146065307515011 0.17830516833949972 -0.21629209744930269 0.18732557570011441 -0.010518702959004594 -0.16779122443175784 0.13970107097799581 0.33364790380001069 0.19495252064756446 -0.19002200392159552 -0.097964633718646818 -0.10845811799323808 0.32418435990810396 0.00041676163673400881 -0.094458195567131045 0.35036656975746161 -0.026127173265685207 0.018725173360249703 -0.084087627281250021 0.2355519121107848 -0.0067042193758404924 -0.18103517344300177 0.031621359899005989
leaf_weight=197667 264000 20 30 27 25 20 24 35 27 25 22 76 51 36 20 37 22 29 48 20 26 78 20 23 138 257 23 180 71 423
leaf_count=197667 264000 20 30 27 25 20 24 35 27 25 22 76 51 36 20 37 22 29 48 20 26 78 20 23 138 257 23 180 71 423
internal_value=-5.78103e-10 0.000725905 0.000711127 0.000743481 0.000707282 0.000741146 0.116533 0.000703969 0.000730692 0.000706632 0.000733859 0.000713254 0.000658292 0.0504298 0.0983968 0.0567595 -0.0228991 0.0336656 0.00070151 0.213633 -0.110994 0.000727856 0.000841722 0.148986 -0.0185136 -0.0293981 0.0497004 -0.0107077 -0.056017 0.0119922
internal_weight=463500 199500 199480 199450 199423 199398 64 199334 199299 199272 199247 199225 199005 220 133 113 87 65 198928 40 77 198880 197710 43 1170 1009 161 752 251 501
internal_count=463500 199500 199480 199450 199423 199398 64 199334 199299 199272 199247 199225 199005 220 133 113 87 65 198928 40 77 198880 197710 43 1170 1009 161 752 251 501
is_linear=0
shrinkage=0.05


Tree=151
num_leaves=31
num_cat=1
split_feature=1 5 13 13 10 17 8 11 15 9 0 14 15 16 2 10 15 12 15 13 13 14 12 9 9 15 16 10 1 2
split_gain=76.1945 239.032 478.038 295.989 231.044 214.628 272.027 839.294 716.072 610.344 298.508 287.026 382.789 251.223 244.57 230.041 216.036 182.743 377.029 227.886 174.263 307.346 239.804 165.085 156.699 151.184 148.272 147.397 144.838 174.184
threshold=6.5000000000000009 1.0000000180025095e-35 9.7857142857142865 6.5000000000000009 1.0000000180025095e-35 0.016630136986301895 1.0000000180025095e-35 20.500000000000004 23.089285714285719 36.500000000000007 0 17.321428571428573 12.232142857142859 1.3150000000000002 10.500000000000002 19.500000000000004 18.446428571428573 19.500000000000004 15.482142857142859 9.2142857142857171 11.500000000000002 11.607142857142859 9.5000000000000018 1.0000000180025095e-35 9.5000000000000018 2.5892857142857149 4.9750000000000005 15.500000000000002 3.5000000000000004 11.500000000000002
decision_type=2 2 2 2 2 2 2 2 2 2 1 2 2 2 2 2 2 2 2 2 2 2 2 2 2 2 2 2 2 2
left_child=28 3 4 -2 -3 6 9 20 -9 10 11 12 14 15 -5 23 -15 18 19 -7 22 -22 27 -12 -23 -6 -18 -8 -1 -30
right_child=1 2 -4 5 25 17 7 8 -10 -11 13 -13 -14 16 -16 -17 26 -19 -20 -21 21 24 -24 -25 -26 -27 -28 -29 29 -31
leaf_value=0.00068960951703459915 0.0016341170035990078 -0.0038364834898976987 -0.21423517578634721 0.049302747014877017 -0.027047711073273036 0.0046021774417580406 0.054526613441552844 0.10034100916236639 0.48172281116247179 -0.22638097239228397 0.12386992488588607 0.24756409471685237 -0.1389471566135233 0.015878392128197482 0.20225359273745733 -0.13142288382286613 0.055996358366683131 -0.1397509258473292 0.17274162887285155 -0.14911760934111146 0.20401003970519493 -0.087150603029876955 -0.046942480141296983 -0.021535891097792113 0.066693732029913619 -0.094480383134661963 0.21531826487701872 -0.086940765082836158 -0.0017502583794510524 0.0029225382631335624
leaf_weight=199500 61152 2453 29 113 414 73 232 32 20 26 21 22 22 497 34 46 40 32 24 36 38 20 104 277 96 104 23 20 175500 22500
leaf_count=199500 61152 2453 29 113 414 73 232 32 20 26 21 22 22 497 34 46 40 32 24 36 38 20 104 277 96 104 23 20 175500 22500
internal_value=-5.57446e-10 0.00157327 -0.0122158 0.00222989 -0.0102439 0.0219447 0.02728 0.0556702 0.247026 0.0130469 0.018732 0.0738179 0.055568 0.006208 0.0846791 -0.0273536 0.0269352 -0.0324758 -0.00666523 -0.0461677 0.0361594 0.0805972 0.0169364 -0.0112892 0.0401688 -0.0405863 0.114161 0.043299 -0.000261223 -0.00121926
internal_weight=463500 66000 3000 63000 2971 1848 1683 562 52 1121 1095 191 169 904 147 344 560 165 133 109 510 154 356 298 116 518 63 252 397500 198000
internal_count=463500 66000 3000 63000 2971 1848 1683 562 52 1121 1095 191 169 904 147 344 560 165 133 109 510 154 356 298 116 518 63 252 397500 198000
cat_boundaries=0 1
cat_threshold=1
is_linear=0
shrinkage=0.05


Tree=152
num_leaves=31
num_cat=0
split_feature=15 5 14 16 9 16 14 15 15 16 15 9 15 10 9 14 15 14 6 12 1 12 9 9 12 2 13 10 9 13
split_gain=72.8665 85.4244 187.486 150.769 235.558 625.518 223.328 214.147 162.432 236.075 206.852 141.129 404.094 471.555 204.564 332.962 361.865 300.992 232.023 484.693 607.853 460.9 197.657 350.676 350.696 267.269 250.651 238.733 232.971 742.557
threshold=1.0000000180025095e-35 1.0000000180025095e-35 34.357142857142868 0.48500000000000004 29.500000000000004 1.3150000000000002 24.535714285714288 5.8035714285714297 16.732142857142861 1.9500000000000002 15.232142857142859 60.500000000000007 39.928571428571438 31.500000000000004 48.500000000000007 48.571428571428577 52.375000000000007 42.214285714285722 1.0000000180025095e-35 30.500000000000004 3.5000000000000004 40.500000000000007 28.500000000000004 30.500000000000004 17.500000000000004 1.5000000000000002 23.071428571428573 50.500000000000007 27.500000000000004 23.071428571428573
decision_type=2 2 2 2 2 2 2 2 2 2 2 2 2 2 2 2 2 2 2 2 2 2 2 2 2 2 2 2 2 2
left_child=-1 11 3 7 6 -6 8 -3 10 -10 -5 14 13 -13 15 17 -17 22 19 -16 -21 -20 28 24 26 -25 -24 -27 -2 -30
right_child=1 2 -4 4 5 -7 -8 -9 9 -11 -12 12 -14 -15 18 16 -18 -19 21 20 -22 -23 23 25 -26 27 -28 -29 29 -31
leaf_value=-0.0019037636165856143 0.00043030396141363348 -0.016062916793993545 0.14353226572275163 -0.0021608492510356869 0.26692026406526564 -0.070374958568976992 -0.16522940454028903 -0.10946725482401783 0.15433649162833507 -0.04248966367542744 -0.13812684620996671 -0.028336142549912138 0.035470609314608992 -0.33310156302018601 -0.13703648553740594 -0.2917892576940358 -0.027813089135530836 0.15141615127072192 0.33393971554934981 0.2927754410852989 -0.07108201616528359 -0.0055083402991294864 -0.11575388331399408 -0.1420290900553976 -0.22772914430126551 -0.0091824355489406439 0.08090256872371987 0.13532840426891082 -0.013866215672952912 0.33266121447086339
leaf_weight=45345 387500 385 22 29076 28 27 21 73 39 25 28 30 57 22 31 20 37 33 20 24 22 20 43 35 40 366 26 31 52 22
leaf_count=45345 387500 385 22 29076 28 27 21 73 39 25 28 30 57 22 31 20 37 33 20 24 22 20 43 35 40 366 26 31 52 22
internal_value=-5.28564e-10 0.000206445 -0.00237698 -0.00248505 -0.00203925 0.101339 -0.00223404 -0.0309505 -0.00211669 0.0774513 -0.00229166 0.000404137 -0.0564816 -0.157275 0.000420104 0.000400181 -0.120436 0.000417926 0.066524 0.015775 0.118757 0.164216 0.000405088 -0.0297962 -0.109937 -0.00957548 -0.0416515 0.00210179 0.000447244 0.0891555
internal_weight=463500 418155 29724 29702 29244 55 29189 458 29168 64 29104 388431 109 52 388322 388205 57 388148 117 77 46 40 388115 541 109 432 69 397 387574 74
internal_count=463500 418155 29724 29702 29244 55 29189 458 29168 64 29104 388431 109 52 388322 388205 57 388148 117 77 46 40 388115 541 109 432 69 397 387574 74
is_linear=0
shrinkage=0.05


Tree=153
num_leaves=31
num_cat=0
split_feature=16 10 10 15 9 8 15 10 10 10 13 11 12 12 11 9 1 2 12 14 9 10 14 9 14 17 13 6 13 13
split_gain=71.6959 234.715 332.762 220.646 936.591 607.884 336.724 282.018 484.789 197.431 313.517 277.112 283.679 400.575 206.27 301.41 784.459 251.378 219.609 160.844 561.645 341.385 334.589 251.429 186.813 299.124 608.138 468.935 463.181 668.39
threshold=3.9500000000000006 73.500000000000014 66.500000000000014 19.053571428571434 9.5000000000000018 1.0000000180025095e-35 20.214285714285719 7.5000000000000009 15.500000000000002 79.500000000000014 60.428571428571438 16.500000000000004 58.500000000000007 48.500000000000007 24.500000000000004 25.500000000000004 3.5000000000000004 3.5000000000000004 36.500000000000007 24.535714285714288 54.500000000000007 14.500000000000002 24.178571428571434 5.5000000000000009 42.214285714285722 0.043849315068493329 33.071428571428577 1.0000000180025095e-35 28.785714285714288 33.928571428571438
decision_type=2 2 2 2 2 2 2 2 2 2 2 2 2 2 2 2 2 2 2 2 2 2 2 2 2 2 2 2 2 2
left_child=1 2 19 -2 5 -5 -6 -8 -9 10 11 -10 13 14 -13 16 -16 -17 -19 20 22 -21 -1 -23 25 28 27 -27 -25 -30
right_child=3 -3 -4 4 6 -7 7 8 9 -11 -12 12 -14 -15 15 17 -18 18 -20 21 -22 23 -24 24 -26 26 -28 -29 29 -31
leaf_value=0.000589633932657207 -0.00075006160483178633 -0.14964864348562865 0.20452923387289049 0.35265781491063541 0.18014773192743844 0.029844036221504212 -0.17961673099886288 0.20071107483115691 -0.12409622934322025 0.13932407051324844 -0.19244906014204027 0.090076360645993003 -0.12668824532339651 0.24815292030572894 0.088592613844767867 -0.070746132346891588 -0.31602212383598088 0.23204687269670621 0.0084075400362844058 -0.15120871607959271 0.25325220322067088 -0.17914295995777305 0.1799646023947459 0.01201253123324296 0.1124188129279402 0.32698163202515357 -0.030300273427361704 0.016002427583391016 -0.21885941903506009 0.011762322328592603
leaf_weight=250193 212221 26 20 35 26 25 22 29 43 20 25 58 31 20 23 31 25 21 23 50 22 22 26 163 31 27 93 22 70 57
leaf_count=250193 212221 26 20 35 26 25 22 29 43 20 25 58 31 20 23 31 25 21 23 50 22 22 26 163 31 27 93 22 70 57
internal_value=-4.99067e-10 0.000572625 0.000588199 -0.000675327 0.0340297 0.218152 0.00620269 -0.00598753 0.00495758 -0.0127826 -0.022923 -0.00751157 0.0140968 0.0358099 0.0123466 -0.0243065 -0.122144 0.0383097 0.115144 0.000571934 0.000630484 -0.0268143 0.000608273 -0.0139901 -0.00614265 -0.0146505 0.0448073 0.187358 -0.0437644 -0.115352
internal_weight=463500 250822 250796 212678 457 60 397 371 349 320 300 275 232 201 181 123 48 75 44 250776 250241 535 250219 485 463 432 142 49 290 127
internal_count=463500 250822 250796 212678 457 60 397 371 349 320 300 275 232 201 181 123 48 75 44 250776 250241 535 250219 485 463 432 142 49 290 127
is_linear=0
shrinkage=0.05


Tree=154
num_leaves=31
num_cat=1
split_feature=8 16 13 10 7 14 15 12 15 11 0 13 15 16 15 16 14 9 9 12 15 12 9 11 9 12 15 16 9 10
split_gain=71.2439 273.595 571.778 489.618 301.787 317.921 304.316 245.614 240.587 544.454 192.689 842.984 214.79 193.17 182.286 176.054 513.666 1032.4 384.268 200.358 366.267 351.726 255.012 230.514 323.483 194.137 166.829 164.741 143.394 134.846
threshold=1.0000000180025095e-35 0.21500000000000005 24.071428571428573 21.500000000000004 1.0000000180025095e-35 11.607142857142859 3.2678571428571432 1.0000000180025095e-35 7.4107142857142874 11.500000000000002 0 10.642857142857144 1.1250000000000002 5.3550000000000013 3.3750000000000004 0.21500000000000005 3.1785714285714293 5.5000000000000009 40.500000000000007 10.500000000000002 17.910714285714288 8.5000000000000018 3.5000000000000004 37.500000000000007 21.500000000000004 20.500000000000004 4.4821428571428585 1.9750000000000003 11.500000000000002 11.500000000000002
decision_type=2 2 2 2 2 2 2 2 2 2 1 2 2 2 2 2 2 2 2 2 2 2 2 2 2 2 2 2 2 2
left_child=15 2 3 4 5 -2 -6 -8 26 -10 11 12 -3 27 -15 16 17 -1 19 21 22 23 -21 24 -18 -24 -9 28 -14 -17
right_child=1 10 -4 -5 6 -7 7 8 9 -11 -12 -13 13 14 -16 29 18 -19 -20 20 -22 -23 25 -25 -26 -27 -28 -29 -30 -31
leaf_value=0.0016341839735425493 -0.079986858218908316 0.00092376984143702863 0.2927162999456579 -0.20418665238789152 0.20388951167464256 0.14605389043688774 -0.074195451429113754 0.11994760781526566 0.27074476738233827 -0.048008166324524655 0.00022648519418643631 0.20738394472461483 0.033390758043211996 0.023220591445243851 0.078484980213938585 -0.00049431873101576788 -0.060716576062999544 0.36003288464701694 -0.24603984053246677 -0.15201758974615265 -0.21979244887828828 0.16351059253017108 -0.054814872675790244 0.12570617255710423 0.12346243537389315 0.11959919620443274 -0.04603585567234493 0.0044394978150518157 -0.083788603627019453 0.0084803475463210189
leaf_weight=159 70 8659 22 21 40 20 32 24 37 21 135972 52 790 682 191 308553 287 23 24 34 40 24 39 21 26 27 41 3299 27 4243
leaf_count=159 70 8659 22 21 40 20 32 24 37 21 135972 52 790 682 191 308553 287 23 24 34 40 24 39 21 26 27 41 3299 27 4243
internal_value=-4.80914e-10 0.000896173 0.0465116 0.0288107 0.0459789 -0.0297556 0.0809332 0.0492026 0.0813062 0.155334 0.000796209 0.00644583 0.00568496 0.0139486 0.0353117 -0.000428792 -0.0254046 0.0469263 -0.0506234 -0.0412057 -0.0919207 -0.021373 -0.040772 -0.0346581 -0.0454174 0.0165363 0.0152503 0.00941747 0.0295182 -0.00037258
internal_weight=463500 150000 328 306 285 90 195 155 123 58 149672 13700 13648 4989 873 313500 704 182 522 498 140 358 100 334 313 66 65 4116 817 312796
internal_count=463500 150000 328 306 285 90 195 155 123 58 149672 13700 13648 4989 873 313500 704 182 522 498 140 358 100 334 313 66 65 4116 817 312796
cat_boundaries=0 1
cat_threshold=2
is_linear=0
shrinkage=0.05


Tree=155
num_leaves=31
num_cat=1
split_feature=16 13 11 13 13 1 6 14 0 15 12 15 15 2 13 9 13 11 1 12 12 8 16 1 2 14 14 14 15 13
split_gain=70.3796 384.303 449.258 552.166 305.065 400.446 533.235 288.528 234.071 357.703 295.56 315.632 374.868 339.762 488.4 547.836 565.627 468.965 448.757 374.649 355.794 373.744 369.148 284.387 281.069 277.607 414.451 301.596 263.99 262.221
threshold=0.84000000000000019 6.7857142857142865 16.500000000000004 2.785714285714286 3.3571428571428572 3.5000000000000004 1.0000000180025095e-35 5.6071428571428585 0 3.5535714285714293 37.500000000000007 6.4464285714285721 7.4821428571428585 9.5000000000000018 15.071428571428573 18.500000000000004 13.642857142857144 28.500000000000004 5.5000000000000009 18.500000000000004 21.500000000000004 1.0000000180025095e-35 0.24000000000000002 2.5000000000000004 5.0000000000000009 11.178571428571429 8.7500000000000018 14.535714285714286 10.732142857142859 10.642857142857144
decision_type=2 2 2 2 2 2 2 2 1 2 2 2 2 2 2 2 2 2 2 2 2 2 2 2 2 2 2 2 2 2
left_child=1 2 -1 -4 -5 -6 7 -7 9 -3 11 24 -13 14 15 16 19 18 20 25 21 -16 -23 -22 -11 26 -14 -27 -15 -10
right_child=-2 8 3 4 5 6 -8 -9 29 10 -12 12 13 28 17 -17 -18 -19 -20 -21 23 22 -24 -25 -26 27 -28 -29 -30 -31
leaf_value=0.004077426479398588 -0.00013009549311242955 0.19720435277982193 -0.024255590821401433 0.29052410592203554 0.013106438473455216 0.22967667688980054 0.37661553232566169 0.0017053437658718655 -0.030619339715155503 -0.16658540752498396 -0.12025746976335844 0.19072965106059767 -0.063964184701442717 0.03755926006364034 -0.040644227955248448 0.2834086242222017 0.29443052794252123 -0.12806258691725 -0.074909026704636617 0.19433063256243865 0.06157317243050784 0.28079315287911377 -0.005691255493597551 0.3250195995682762 -0.019030206212864342 -0.20259180645788871 0.24140672758221626 0.013043069861391011 -0.10026482367597589 -0.13182514303496906
leaf_weight=17770 443717 22 104 23 76 23 23 35 747 47 54 29 25 51 77 31 21 67 81 24 20 23 22 21 103 31 20 34 109 70
leaf_count=17770 443717 22 104 23 76 23 23 35 747 47 54 29 25 51 77 31 21 67 81 24 20 23 22 21 103 31 20 34 109 70
internal_value=-2.04556e-10 0.00291793 0.00507455 0.0674647 0.120459 0.0955446 0.172894 0.0921078 -0.0196011 -0.00194137 -0.00688589 0.000437156 0.0148033 0.00703794 0.0274392 0.0915311 0.0531556 -0.0108923 0.0212814 0.0153439 0.0690816 0.0262576 0.140734 0.196509 -0.0652642 -0.0237077 0.0717562 -0.0897982 -0.0563334 -0.0388155
internal_weight=463500 19783 18054 284 180 157 81 58 1729 912 890 836 686 657 497 186 155 311 244 134 163 122 45 41 150 110 45 65 160 817
internal_count=463500 19783 18054 284 180 157 81 58 1729 912 890 836 686 657 497 186 155 311 244 134 163 122 45 41 150 110 45 65 160 817
cat_boundaries=0 1
cat_threshold=4
is_linear=0
shrinkage=0.05


Tree=156
num_leaves=31
num_cat=1
split_feature=1 5 13 13 10 17 8 11 15 9 0 14 15 2 16 10 15 12 15 13 11 15 16 12 9 15 16 1 2 10
split_gain=69.1938 210.289 423.824 272.102 213.376 192.516 246.331 765.659 643.564 531.199 266.364 257.066 345.885 220.534 219.082 202.578 193.474 161.487 338.789 204.941 159.797 274.784 273.085 172.238 153.153 140.209 134.623 131.115 156.585 648.921
threshold=6.5000000000000009 1.0000000180025095e-35 11.071428571428573 6.5000000000000009 1.0000000180025095e-35 0.016630136986301895 1.0000000180025095e-35 20.500000000000004 23.089285714285719 36.500000000000007 0 17.321428571428573 12.232142857142859 10.500000000000002 1.3150000000000002 19.500000000000004 18.446428571428573 19.500000000000004 15.482142857142859 9.2142857142857171 8.5000000000000018 9.2678571428571441 0.9850000000000001 9.5000000000000018 1.0000000180025095e-35 2.5892857142857149 4.9750000000000005 3.5000000000000004 11.500000000000002 25.500000000000004
decision_type=2 2 2 2 2 2 2 2 2 2 1 2 2 2 2 2 2 2 2 2 2 2 2 2 2 2 2 2 2 2
left_child=27 3 4 -2 -3 6 9 20 -9 10 11 12 13 -5 15 24 -16 18 19 -7 21 23 -23 -8 -12 -6 -18 -1 -29 -30
right_child=1 2 -4 5 25 17 7 8 -10 -11 14 -13 -14 -15 16 -17 26 -19 -20 -21 -22 22 -24 -25 -26 -27 -28 28 29 -31
leaf_value=0.0006557335529814867 0.0015439038995377593 -0.0035048141511568871 -0.21242966422667872 0.046675514044091766 -0.025550943528667075 0.0044402780036811957 0.051155424294803221 0.096795256668701771 0.45835301592946059 -0.21083905238102979 0.11991545593454725 0.23429613099856811 -0.13230513388460333 0.19191587834125934 0.014891090625578488 -0.12300232876821056 0.052477167323231703 -0.1313666723901406 0.16380542741001894 -0.14133550617843868 -0.00039301907876506444 0.031912073156526014 0.22962606240995231 -0.059346730145084306 -0.020137032440154135 -0.08975833225908264 0.20428889625827257 -0.0016639132138308685 0.0024411058635983311 0.22432592741467736
leaf_weight=199500 61152 2453 26 113 414 73 196 32 20 26 21 22 22 34 497 46 40 32 24 36 200 31 40 43 277 107 23 175500 22467 33
leaf_count=199500 61152 2453 26 113 414 73 196 32 20 26 21 22 22 34 497 46 40 32 24 36 200 31 40 43 277 107 23 175500 22467 33
internal_value=-1.92144e-10 0.00149925 -0.0114342 0.00211513 -0.00967705 0.0210177 0.0260707 0.0530868 0.235856 0.0125265 0.0178302 0.069867 0.0525962 0.0802685 0.00599646 -0.0253426 0.0253546 -0.0305233 -0.00626021 -0.0437059 0.0344515 0.0569318 0.1433 0.0312743 -0.0102676 -0.0387375 0.1079 -0.000248933 -0.00116045 0.00276654
internal_weight=463500 66000 3000 63000 2974 1848 1683 562 52 1121 1095 191 169 147 904 344 560 165 133 109 510 310 71 239 298 521 63 397500 198000 22500
internal_count=463500 66000 3000 63000 2974 1848 1683 562 52 1121 1095 191 169 147 904 344 560 165 133 109 510 310 71 239 298 521 63 397500 198000 22500
cat_boundaries=0 1
cat_threshold=1
is_linear=0
shrinkage=0.05


end of trees

feature_importances:
lag_1=734
rolling_7=638
rolling_28=505
lag_7=449
lag_28=416
rolling_14=414
wday=402
lag_14=362
sell_price=273
month=150
dept_id=94
snap_WI=81
price_diff=72
has_event=50
snap_CA=40
snap_TX=27
is_weekend=3

parameters:
[boosting: gbdt]
[objective: regression]
[metric: l2]
[tree_learner: serial]
[device_type: cpu]
[data_sample_strategy: bagging]
[data: ]
[valid: ]
[num_iterations: 250]
[learning_rate: 0.05]
[num_leaves: 31]
[num_threads: 12]
[seed: 42]
[deterministic: 0]
[force_col_wise: 0]
[force_row_wise: 0]
[histogram_pool_size: -1]
[max_depth: -1]
[min_data_in_leaf: 20]
[min_sum_hessian_in_leaf: 0.001]
[bagging_fraction: 1]
[pos_bagging_fraction: 1]
[neg_bagging_fraction: 1]
[bagging_freq: 0]
[bagging_seed: 400]
[bagging_by_query: 0]
[feature_fraction: 1]
[feature_fraction_bynode: 1]
[feature_fraction_seed: 30056]
[extra_trees: 0]
[extra_seed: 12879]
[early_stopping_round: 0]
[early_stopping_min_delta: 0]
[first_metric_only: 0]
[max_delta_step: 0]
[lambda_l1: 0]
[lambda_l2: 0]
[linear_lambda: 0]
[min_gain_to_split: 0]
[drop_rate: 0.1]
[max_drop: 50]
[skip_drop: 0.5]
[xgboost_dart_mode: 0]
[uniform_drop: 0]
[drop_seed: 17869]
[top_rate: 0.2]
[other_rate: 0.1]
[min_data_per_group: 100]
[max_cat_threshold: 32]
[cat_l2: 10]
[cat_smooth: 10]
[max_cat_to_onehot: 4]
[top_k: 20]
[monotone_constraints: ]
[monotone_constraints_method: basic]
[monotone_penalty: 0]
[feature_contri: ]
[forcedsplits_filename: ]
[refit_decay_rate: 0.9]
[cegb_tradeoff: 1]
[cegb_penalty_split: 0]
[cegb_penalty_feature_lazy: ]
[cegb_penalty_feature_coupled: ]
[path_smooth: 0]
[interaction_constraints: ]
[verbosity: -1]
[saved_feature_importance_type: 0]
[use_quantized_grad: 0]
[num_grad_quant_bins: 4]
[quant_train_renew_leaf: 0]
[stochastic_rounding: 1]
[linear_tree: 0]
[max_bin: 255]
[max_bin_by_feature: ]
[min_data_in_bin: 3]
[bin_construct_sample_cnt: 200000]
[data_random_seed: 175]
[is_enable_sparse: 1]
[enable_bundle: 1]
[use_missing: 1]
[zero_as_missing: 0]
[feature_pre_filter: 1]
[pre_partition: 0]
[two_round: 0]
[header: 0]
[label_column: ]
[weight_column: ]
[group_column: ]
[ignore_column: ]
[categorical_feature: 0]
[forcedbins_filename: ]
[precise_float_parser: 0]
[parser_config_file: ]
[objective_seed: 16083]
[num_class: 1]
[is_unbalance: 0]
[scale_pos_weight: 1]
[sigmoid: 1]
[boost_from_average: 1]
[reg_sqrt: 0]
[alpha: 0.9]
[fair_c: 1]
[poisson_max_delta_step: 0.7]
[tweedie_variance_power: 1.5]
[lambdarank_truncation_level: 30]
[lambdarank_norm: 1]
[label_gain: ]
[lambdarank_position_bias_regularization: 0]
[eval_at: ]
[multi_error_top_k: 1]
[auc_mu_weights: ]
[num_machines: 1]
[local_listen_port: 12400]
[time_out: 120]
[machine_list_filename: ]
[machines: ]
[gpu_platform_id: -1]
[gpu_device_id: -1]
[gpu_device_id_list: ]
[gpu_use_dp: 0]
[num_gpu: 1]

end of parameters

pandas_categorical:[["FOODS_1", "FOODS_2", "FOODS_3", "HOBBIES_1", "HOBBIES_2", "HOUSEHOLD_1", "HOUSEHOLD_2"]]
